policy_id,n_rules_in,any_port_frac,cut_ratio_dst_port,cut_ratio_src_port,cuts_dst,cuts_port,cuts_src,deny_frac,icmp_frac,mean_dst_span,mean_src_span,n_atomic_protocols,n_rules,proto_entropy,proto_split_gain,superset_frac,n_nodes_o1,n_nodes_o2,n_nodes_o3,n_nodes_o4,n_nodes_o5,n_nodes_o6,n_nodes_o7,n_nodes_o8,n_nodes_o9,n_nodes_o10,n_nodes_o11,n_nodes_o12,tree_bytes_o1,tree_bytes_o2,tree_bytes_o3,tree_bytes_o4,tree_bytes_o5,tree_bytes_o6,tree_bytes_o7,tree_bytes_o8,tree_bytes_o9,tree_bytes_o10,tree_bytes_o11,tree_bytes_o12,peak_bytes_o1,peak_bytes_o2,peak_bytes_o3,peak_bytes_o4,peak_bytes_o5,peak_bytes_o6,peak_bytes_o7,peak_bytes_o8,peak_bytes_o9,peak_bytes_o10,peak_bytes_o11,peak_bytes_o12,conv_s_o1,conv_s_o2,conv_s_o3,conv_s_o4,conv_s_o5,conv_s_o6,conv_s_o7,conv_s_o8,conv_s_o9,conv_s_o10,conv_s_o11,conv_s_o12,match_us_mean_o1,match_us_mean_o2,match_us_mean_o3,match_us_mean_o4,match_us_mean_o5,match_us_mean_o6,match_us_mean_o7,match_us_mean_o8,match_us_mean_o9,match_us_mean_o10,match_us_mean_o11,match_us_mean_o12,best_ordering_nodes,best_ordering_bytes
3347,48,0.10638297872340426,0.7704918032786885,0.6721311475409836,47,61,41,0.425531914893617,0.14893617021276595,0.19149165338975319,0.21276760488213536,3,47,2.140456333219411,4.066666666666666,0.2127659574468085,1836,2155,1838,2201,2170,2214,3001,3521,7401,3359,4049,7407,6572696,6636792,6573272,6651320,6639896,6653592,10116904,10207784,18747304,11385704,11528488,18746440,24342453,24441546,24353237,24469709,24440533,24458357,39772302,39917585,75684865,45181732,45396277,75708216,1.6894519999623299,1.707259300048463,1.6989793999819085,1.7110495999222621,1.7226581000722945,1.7140523000853136,2.9340403999667615,2.855814400012605,4.887145500048064,3.0091689999680966,3.296089299954474,4.946601900039241,3.27701666780437,3.477916664754351,3.3605999972981713,3.5324666532687843,3.4807666670531034,3.4652999990309277,4.002433328423649,3.9581666545321545,4.855649992047499,4.181833316882451,4.361183324363083,4.803983339418967,1,1
3359,49,0.08333333333333333,0.5735294117647058,0.6323529411764706,39,68,43,0.5,0.14583333333333334,0.12500319886021316,0.1250009786017472,3,48,2.060496608056542,4.0476190476190474,0.22916666666666666,2167,2812,2161,2592,2828,2614,3235,4159,6427,3155,3763,6423,9104040,9170440,9104040,9146792,9172456,9148648,12559864,12637816,18342760,12329752,12406360,18344392,33598532,33731065,33584740,33672156,33731132,33686945,48608944,48781296,72597429,47646492,47787027,72625240,2.551977900089696,2.4973321000579745,3.0103609999641776,2.422398699913174,2.4107194000389427,2.723586400039494,3.458373000030406,3.564425399992615,5.018760500010103,4.525163299986161,3.9056569999083877,5.353967100032605,4.450533306226134,4.132749997855474,4.307199987427642,4.138983339847376,4.314816673286259,4.515783337410539,4.561216667449723,4.789899995860954,5.469449989808102,5.857499995424102,5.549716666185607,5.229833322421958,3,1
3360,93,0.16304347826086957,0.4722222222222222,0.4722222222222222,51,108,51,0.34782608695652173,0.10869565217391304,0.14130735211074352,0.2173926500760464,3,92,2.1345256928746137,4.122137404580153,0.2826086956521739,3999,4729,4002,4835,4744,4847,5171,5735,9448,5351,6101,9451,22764960,22769472,22766368,22824512,22769696,22823264,26050176,25991520,33077992,27103720,27114920,33079720,84548086,84626870,84549822,84692201,84611990,84676230,98837562,98835173,128062966,103554500,103642124,127924968,6.592542200000025,7.241303000017069,7.45852049998939,7.3379215999739245,7.315235699992627,7.6498728999868035,7.906080599990673,7.024715400068089,8.79252910008654,7.39343140006531,7.6139912999933586,8.70001319993753,,,,,,,,,,,,,1,1
3369,48,0.14893617021276595,0.703125,0.609375,45,64,39,0.48936170212765956,0.06382978723404255,0.042557108988787264,0.2340458150299147,3,47,2.1180192817300076,4.0,0.3191489361702128,2475,2606,2495,3238,2625,3237,3573,3535,6727,3257,4093,6733,11194304,11303488,11196480,11350560,11307232,11352672,14079272,14159528,17959528,13110408,13275144,17958856,41632699,41755808,41636971,41867587,41749880,41857819,54351451,54428104,69987787,49783186,50033387,70017947,3.0468708999687806,3.409369000000879,3.116289700032212,3.142029199982062,3.1580145000480115,3.1218984000151977,4.123539900057949,3.8935772998956963,4.899634800036438,3.481566100032069,3.872408099938184,4.80317530001048,,,,,,,,,,,,,1,1
3385,54,0.1509433962264151,0.5316455696202531,0.5063291139240507,42,79,40,0.4339622641509434,0.1509433962264151,0.0943425208690383,0.16981335639303444,3,53,1.9172455209049435,4.388888888888889,0.1509433962264151,1843,2210,1843,2258,2224,2272,2851,3383,5967,2926,3472,5968,6734984,6749480,6736264,6791080,6751272,6791592,9853368,9872824,15253624,9905488,9975376,15254104,24928194,24979402,24942775,25038346,24991290,25036442,38689634,38763719,61287070,38911398,39037141,61187654,1.745025199954398,2.2108953000279143,1.954077799920924,1.8243952000048012,1.9299896000884473,1.9338195000309497,3.0246913000009954,2.7830111999064684,4.221827300032601,2.759362500044517,3.2370851000305265,5.1322782000061125,,,,,,,,,,,,,1,1
3401,53,0.15384615384615385,0.7307692307692307,0.7884615384615384,38,52,41,0.5384615384615384,0.038461538461538464,0.26923225483803365,0.1923100593759535,3,52,1.9058423652727297,3.611111111111111,0.3269230769230769,2068,2596,2052,2254,2598,2272,2761,3481,5641,2976,3046,5636,8251984,8288848,8249936,8259504,8288368,8261040,10384104,10445544,14165224,10484464,10467664,14162824,30481079,30573703,30481639,30513212,30580055,30518151,39829919,39967932,55323735,40005807,39997366,55309935,2.1925741999875754,2.2247970999451354,2.2500652000308037,2.2196997000137344,2.2155627000611275,2.241782999946736,3.027902500005439,3.0447327999863774,3.7230847999453545,2.6923942000139505,2.978843400022015,3.649378699949011,,,,,,,,,,,,,3,3
3410,96,0.23157894736842105,0.5494505494505495,0.5604395604395604,50,91,51,0.47368421052631576,0.08421052631578947,0.14737037177148618,0.1473697299309271,3,95,2.1249519324696515,3.611111111111111,0.29473684210526313,4624,5722,4631,5833,5750,5854,6051,7101,9851,5587,6959,9850,27760264,28053448,27757256,27836808,28055496,27843240,33258120,33579720,39817320,31972040,32072392,39816744,103801932,104210447,103780572,103983908,104186252,103982188,127733204,128165924,156255104,122695194,122936986,156195866,7.736965099931695,7.90978989994619,7.880915599991567,7.967229200061411,8.894059399957769,8.914731600088999,9.347567999968305,9.902087199967355,11.618926299968734,9.75833389989566,9.112644399981946,11.172177799977362,,,,,,,,,,,,,1,3
3424,100,0.1414141414141414,0.5,0.48148148148148145,54,108,52,0.36363636363636365,0.050505050505050504,0.11111375246422761,0.18182097608223557,3,99,1.9274239072299526,3.673469387755102,0.24242424242424243,4346,5227,4352,5535,5250,5552,5636,6469,10438,5778,6997,10442,26661208,26903800,26658456,26755512,26904856,26760280,31064168,31297800,39507848,31730232,31786200,39505544,99428838,99762846,99431558,99649025,99722649,99608990,118341014,118661246,153510118,121186456,121367376,153390152,8.081316699972376,8.749122900073417,9.042968100053258,9.065738999983296,8.669633400044404,9.130950100021437,10.566643600002863,11.120767500018701,13.05329830001574,10.033954900107346,10.861810700036585,13.810257900040597,6.279716656232874,5.575949985844393,5.9001500097413855,5.422983337969829,7.760049988670896,8.690250028545657,7.424999998571972,7.287416665349156,7.316616654861718,7.503533328417689,7.062583327448617,7.609000022057444,1,3
3427,98,0.16494845360824742,0.5434782608695652,0.5760869565217391,50,92,53,0.4639175257731959,0.08247422680412371,0.12371372017942216,0.13402252783758817,3,97,1.9765948283182109,3.484848484848485,0.23711340206185566,4428,5736,4431,5660,5763,5684,6085,7333,10245,5587,6910,10242,27184440,27452120,27185336,27398840,27456728,27403480,33544680,33785960,41145000,32013592,32239384,41143272,101651576,102055792,101610339,101951760,102058656,101996328,129886388,130257884,162056332,122762602,123125314,161878870,8.05412020010408,8.421458900091238,8.21072540001478,8.36616239999421,9.129460399970412,8.946434199926443,10.467773599899374,11.433550200075842,12.811791299958713,9.900596600025892,9.806342200026847,11.741957199992612,,,,,,,,,,,,,1,1
3430,60,0.13559322033898305,0.5058823529411764,0.5529411764705883,43,85,47,0.4915254237288136,0.13559322033898305,0.16949335809291924,0.11864589745873365,3,59,2.059282474169593,4.427083333333334,0.2033898305084746,2110,3181,2100,2977,3207,3013,3405,5061,7407,3361,4401,7401,10325680,10588560,10323184,10528528,10594608,10537200,15660760,16059672,23309640,14565864,14807784,23310504,38423404,38796724,38433777,38727892,38805028,38727769,62457844,63028881,94236152,56834703,57182400,94206399,3.9145003999583423,3.077454000012949,3.1057213000021875,2.8037088999990374,2.835292699979618,2.861604899982922,4.848953500040807,4.801765499985777,6.426224299939349,3.972462199977599,4.319939400069416,7.2265927999978885,,,,,,,,,,,,,3,3
3446,57,0.16071428571428573,0.6461538461538462,0.6153846153846154,42,65,40,0.35714285714285715,0.10714285714285714,0.14285934299446776,0.12500383816742605,3,56,1.963967459863048,3.7356321839080464,0.21428571428571427,2035,2740,2034,2602,2758,2621,3043,3784,6124,3082,3784,6124,8736408,8845944,8738168,8919800,8851768,8922648,11588104,11699176,16969168,12194944,12422080,16969168,32532071,32714143,32535407,32776559,32713199,32770887,44938519,45125919,67720752,48063675,48365066,67720091,2.36939790006727,2.5733382999897003,2.362965999986045,2.3987090999726206,2.3924069999484345,2.3776958000380546,3.334297699970193,3.2492696999106556,4.6537359999492764,3.638368000043556,3.607954500010237,4.813866000040434,4.2530333157628775,4.069850003967683,4.009066654058794,4.019183339551091,4.093799992309263,4.3866833245071275,4.573933333934595,4.606200013464938,5.063999987517794,4.432799993082881,4.60204998186479,5.17591667206337,3,1
3454,102,0.1485148514851485,0.46296296296296297,0.48148148148148145,50,108,52,0.46534653465346537,0.0891089108910891,0.25742772553060755,0.17821920280907266,3,101,2.04558569011866,3.802816901408451,0.21782178217821782,3444,4775,3437,4235,4796,4263,4607,5923,8132,4516,5419,8128,19110760,19273992,19111368,19304136,19278600,19306920,22750400,22881248,29291672,23442744,23640888,29289368,72023629,72325458,72099138,72376213,72400730,72375410,87105833,87373710,114746922,90560000,90853369,114559884,6.102190100005828,6.1810399000532925,6.010539499926381,6.572797500062734,6.591873100027442,6.615846100030467,7.203012800076976,6.774515499942936,8.46542370005045,6.899350099964067,6.759939300012775,8.497062499984168,,,,,,,,,,,,,3,1
3464,57,0.16071428571428573,0.5675675675675675,0.527027027027027,42,74,39,0.35714285714285715,0.03571428571428571,0.14285825945885985,0.14285934617510065,3,56,1.9737928227297614,4.302325581395349,0.30357142857142855,2233,3604,2230,3376,3641,3416,2927,4447,6271,3281,4798,6274,12698912,12978368,12697280,12865856,12983840,12873728,14680888,14980024,21024152,16897768,17122120,21022040,47358980,47780236,47357785,47644012,47778196,47645481,55928884,56386161,82586508,65996595,66377180,82693827,3.7433176999911666,3.6659833999583498,3.75124960008543,3.6634349999949336,3.6348480000160635,3.6440337999956682,3.8911900999955833,4.032380599994212,5.780865699984133,5.088393699959852,5.354074300033972,5.893924800097011,,,,,,,,,,,,,3,3
3469,60,0.1864406779661017,0.6282051282051282,0.5512820512820513,49,78,43,0.4576271186440678,0.11864406779661017,0.25423859851434827,0.20339114291167235,3,59,2.0699022120643664,4.333333333333333,0.2033898305084746,2359,2590,2364,2840,2604,2849,3527,3896,7914,3889,4561,7921,9368696,9455640,9368280,9440088,9457752,9443000,13342904,13462296,21609160,14261128,14362504,21613192,34921917,35033413,34932770,35052693,35023381,35033309,52322822,52480369,86732146,56124401,56295369,86792116,2.4616070999763906,2.466360399965197,2.4747395999729633,2.475669299950823,2.477129300008528,2.473665399942547,3.817430500057526,3.76519730000291,5.792494499939494,3.7184337000362575,3.8045512000098825,5.831643299898133,,,,,,,,,,,,,1,3
3474,56,0.10909090909090909,0.5526315789473685,0.6447368421052632,42,76,49,0.36363636363636365,0.10909090909090909,0.1636391618627716,0.12727413404817609,3,55,1.8286049395779775,4.3181818181818175,0.10909090909090909,1970,3020,1956,2372,3035,2401,3129,4463,7591,3363,3978,7586,8931944,9152712,8929576,9030952,9156392,9036904,12440392,12714184,21044600,14099928,14250808,21041720,33333793,33663297,33335681,33481270,33674425,33489577,48877510,49288825,85221538,56520453,56736372,85227261,2.6350389000726864,2.643004700075835,2.764506799983792,2.6794709999812767,2.691640999983065,2.6762730999616906,3.9616852999897674,3.836040700087324,5.83873489999678,4.381671700044535,4.423375300015323,6.1290011999662966,3.9783166721463203,4.2705666467857855,4.042400008377929,4.36819998625045,4.25653332301105,4.813500020342569,4.7755166888237,4.633266672802468,5.460483332475026,4.916233340433489,4.936616654352595,5.2164166506069405,3,3
3505,55,0.16666666666666666,0.582089552238806,0.7313432835820896,39,67,49,0.48148148148148145,0.05555555555555555,0.1111131167660157,0.07407776963534868,3,54,2.003840752053374,4.036144578313253,0.2777777777777778,2638,3459,2622,2830,3464,2851,3601,4609,7345,3459,3649,7335,12503136,12674208,12501824,12628032,12677888,12632448,15519880,15731848,20160520,15018024,15157864,20159272,46589143,46845330,46566250,46714815,46849530,46740623,59836310,60153622,78866894,57660641,57819490,78879285,3.4340310000116006,3.5348117999965325,3.651939300005324,3.515454399981536,3.5497885000659153,3.5991261000745,4.469492899952456,4.540370799950324,5.751202299958095,4.155848499969579,4.266314800013788,5.599581399932504,3.9397166692651804,4.0994833495157454,4.156166668205212,4.081183365390946,4.29509999230504,4.268199981500705,4.782666665657113,4.77348332060501,5.546116658175985,4.974616652665039,4.569383338093758,5.2489499988344805,3,3
3508,95,0.1702127659574468,0.5934065934065934,0.5604395604395604,54,91,51,0.43617021276595747,0.10638297872340426,0.13830000803151982,0.08510932588622847,3,94,2.057986583159663,3.7295081967213117,0.24468085106382978,3896,4872,3891,4700,4891,4724,5041,6193,9841,5611,6580,9844,21070232,21279128,21068120,21200024,21281816,21205016,25761928,26001544,36238984,28375288,28512376,36240712,78936514,79243189,78916170,79128906,79212973,79119314,99486606,99843086,144360510,111083765,111318980,144518528,5.888044800027274,6.740769299911335,6.612713900045492,7.00080879998859,6.741732300026342,6.744285700027831,7.737409600056708,7.312963000033051,10.442789499997161,7.857878100010566,9.149462100001983,10.42468930000905,,,,,,,,,,,,,3,3
3519,50,0.08163265306122448,0.6363636363636364,0.6515151515151515,42,66,43,0.5306122448979592,0.061224489795918366,0.2040828941865083,0.14286089438602936,3,49,2.094373602967738,4.230769230769231,0.3469387755102041,2504,3326,2503,3222,3349,3246,3487,4495,6931,3445,4388,6930,12219512,12402104,12218648,12346520,12406328,12351896,15526072,15751864,21281080,15642840,15816024,21280504,45590271,45859231,45589988,45792831,45856791,45792444,60027871,60360220,84088943,60437182,60708567,84052710,3.3005288999993354,3.426311199902557,3.7140035999473184,3.76136999996379,3.422976700006984,3.411782699986361,4.695755399996415,4.436680599930696,5.937485799891874,4.197915600030683,4.659597899997607,5.776695400010794,4.161200001059721,4.131066651704411,4.004383343271911,4.345716675743461,4.310233343858272,4.401266652469833,4.667699996692439,5.534316684740285,5.193216687378784,4.67890000436455,4.923466670637329,5.112416673606883,3,3
3529,54,0.1320754716981132,0.734375,0.703125,47,64,45,0.5283018867924528,0.07547169811320754,0.11320930052513503,0.07547430956806496,3,53,2.0905896984673946,3.8095238095238093,0.2830188679245283,2718,3220,2717,3134,3231,3146,3829,4357,8141,4049,4555,8143,12523672,12566488,12523000,12522328,12566168,12522872,15790888,15814824,23131848,16955016,16940296,23133000,46578143,46672604,46577319,46619436,46664471,46612335,61006632,61083371,91803544,66281695,66319022,91876683,3.433302199933678,3.623100299970247,3.8568204999901354,3.878790199989453,3.4938011000631377,3.472940000006929,4.612850800040178,4.372963099973276,6.467640399932861,5.069345899973996,5.184804799966514,6.399889099993743,,,,,,,,,,,,,3,4
3531,49,0.10416666666666667,0.8235294117647058,0.9215686274509803,42,51,47,0.5,0.14583333333333334,0.08333622173813637,0.16666923098091502,3,48,2.0697023746345735,3.6956521739130435,0.1875,2143,1927,2139,1781,1913,1771,3681,3221,7223,3277,2731,7216,5775336,5765992,5775080,5745896,5764840,5745192,9443768,9411384,14575528,8667472,8622544,14575816,21205072,21173568,21200896,21135312,21166064,21133093,37048068,36968196,58295840,33831028,33730204,58251720,1.465459999977611,1.4683645999757573,1.4637621999718249,1.4573506000451744,1.4628906999714673,1.4624534000176936,2.6924663999816403,2.6820861999876797,3.814607199979946,2.258304200018756,2.401601899997331,3.6792555999709293,,,,,,,,,,,,,6,6
3564,102,0.1782178217821782,0.4482758620689655,0.4482758620689655,52,116,52,0.4158415841584158,0.0594059405940594,0.10891408326639103,0.1386172011042807,3,101,2.068416270008694,3.8157894736842106,0.32673267326732675,5021,7250,5026,7168,7297,7210,6376,8518,10456,6121,8518,10456,36478112,36927584,36477408,36793568,36934848,36802304,41619376,42064912,49615360,42080824,42451288,49615360,136695072,137379384,136721168,137261224,137415664,137272440,159168416,159839728,193761836,161623014,162243822,193761838,10.871794500038959,10.703062399988994,11.066767700016499,10.903957200003788,10.779705499997362,11.090284699923359,12.097353999968618,12.149672999978065,14.089140499942005,12.287325399927795,12.654571700026281,14.364621700020507,6.011916654339681,6.085733339811365,6.069083329445372,6.704266648739576,7.0537666518551605,6.984883337281644,6.3228833411509795,6.558549997862428,6.638033354344468,6.156966652876387,6.495416649462034,6.866583329004546,1,3
3579,59,0.1206896551724138,0.6301369863013698,0.547945205479452,46,73,40,0.3620689655172414,0.13793103448275862,0.18965677257049188,0.18965677257049188,3,58,2.1364584718035933,3.9673913043478266,0.22413793103448276,2662,3046,2668,3358,3064,3370,3550,4018,7060,3826,4636,7066,12023632,12080272,12025744,12168592,12084496,12170704,14969872,15052240,20788048,15676720,15866800,20787280,44796450,44895567,44800546,45016335,44875202,44992210,57868715,58000750,82123547,60798010,61073513,82153134,3.2322261000517756,3.863606300088577,3.764866799931042,3.723774400074035,3.57343949994538,3.6568223999347538,4.381279599969275,4.337671400047839,5.611191799980588,4.167070399969816,4.538250199984759,5.727661700104363,,,,,,,,,,,,,1,1
3581,101,0.11,0.4909090909090909,0.4636363636363636,54,110,51,0.37,0.12,0.07000337847275659,0.1500023103551939,3,100,2.214010261342772,3.481012658227848,0.32,5183,6928,5186,6836,6965,6870,6351,8051,10651,6573,8534,10654,34183312,34668016,34182256,34536304,34675984,34546096,38892120,39381720,48730520,41754440,42176744,48727544,128449044,129116708,128448244,128975364,129058668,128918900,148824564,149492436,191580252,162139838,162767622,191774966,10.04710199998226,10.194540900061838,9.932621899992228,9.954702900024131,10.994672999950126,11.384671099949628,12.741795699927025,12.039463600027375,13.797340100049041,13.395482399966568,12.96632220002357,13.88097870000638,5.921933334320784,6.3240500167012215,6.018716686715682,6.298849999438971,7.122949988115579,7.498583348933607,6.402000008771817,7.00153330884253,6.707383358540635,6.313000010171284,6.670183327514678,6.980499989974002,1,3
3584,50,0.20408163265306123,0.6307692307692307,0.7384615384615385,41,65,48,0.4897959183673469,0.14285714285714285,0.14286027522282485,0.12245148916405682,3,49,2.080767413775594,3.7790697674418605,0.20408163265306123,2339,2722,2325,2292,2719,2303,3667,4184,7568,3681,3561,7561,8324800,8360224,8323008,8319328,8359424,8320192,12367160,12407768,19349480,12496424,12464424,19349864,30859484,30935025,30856124,30849012,30933164,30851809,48494896,48588856,77485693,48974388,48930763,77433296,2.3140838999534026,2.399297999916598,2.3178617000812665,2.3470474000787362,2.533673100057058,2.2742098999442533,3.7419545999728143,3.7251215000869706,5.526253899908625,3.356593200005591,3.4105801000259817,5.3601192000787705,5.033883324358612,4.001300025265664,4.000166644497464,5.154499997540067,4.212066647596657,4.211400014658769,4.784900015996148,4.70270001096651,5.247200004911671,4.719950006498645,4.716733354143798,6.256300044090797,4,4
3591,54,0.1320754716981132,0.6029411764705882,0.6323529411764706,41,68,43,0.4716981132075472,0.05660377358490566,0.16981392882694052,0.18868156657378488,3,53,2.0325343693285505,4.25,0.33962264150943394,2404,3532,2400,3324,3559,3355,3277,4579,6763,3281,4361,6761,12835960,13061752,12836280,13078968,13069176,13085496,15893992,16168168,21000520,16080424,16377384,21003304,48129694,48473678,48130323,48469262,48475651,48469958,61302106,61713327,82879782,62459569,62869066,82810517,3.5050514999311417,3.7246040001045913,3.7380746999988332,3.615836999961175,3.6354515999555588,3.6127474999520928,4.477244999958202,4.341764300013892,5.806942200055346,4.498414699919522,4.866348200011998,5.858195599983446,,,,,,,,,,,,,3,1
3597,54,0.18867924528301888,0.71875,0.65625,46,64,42,0.41509433962264153,0.1509433962264151,0.13207894907209952,0.20754920656107506,3,53,2.176247513462181,3.7209302325581395,0.3018867924528302,2595,2864,2603,3274,2882,3284,3732,4142,7422,3736,4546,7426,11332424,11465128,11330664,11383912,11466248,11388008,15344032,15511968,21470416,14740720,14791120,21472720,42173776,42334184,42158485,42280120,42314616,42278461,60226080,60437229,85547820,56934763,57068060,85509227,3.1841870999196544,3.141399599961005,3.129598499974236,3.1506959999678656,3.380133099970408,3.374140699976124,4.577118700020947,4.556298699928448,6.0628071000101045,3.8859131999779493,4.560352699947543,5.819628099910915,4.303683332788448,4.416283336468041,4.281066668530305,4.307949993138512,4.643383319489658,4.481450014282018,5.063466650123398,4.898000004080434,5.317950019768129,4.88315000742053,4.89380001090467,5.404333331777404,1,3
3598,104,0.20388349514563106,0.5392156862745098,0.49019607843137253,55,102,50,0.49514563106796117,0.13592233009708737,0.11650664898684447,0.18446840658485528,3,103,1.965010559987121,3.8636363636363638,0.22330097087378642,3674,4539,3686,4749,4561,4759,5293,5783,9654,4705,5783,9654,22401984,22535776,22404672,22540640,22538656,22541536,26622416,26666320,32643928,25412704,25553824,32643928,83379544,83603669,83356773,83603197,83603680,83628077,101408097,101502609,126122133,96578620,96832467,126122063,6.550924399984069,7.1896546999923885,7.435885299928486,7.257040899945423,6.650032000034116,6.593118200078607,8.073862599907443,8.000738900038414,9.206050000037067,7.558254699921235,7.661071299924515,9.148486400023103,,,,,,,,,,,,,1,1
3607,58,0.15789473684210525,0.6764705882352942,0.7058823529411765,46,68,48,0.3508771929824561,0.03508771929824561,0.10526531840380478,0.175441550691367,3,57,2.0174843058893095,3.541666666666667,0.2807017543859649,3093,3754,3102,3946,3780,3963,4411,5176,8146,4006,5176,8146,15755832,15814712,15761720,16048312,15822904,16049720,20321800,20385160,26837440,19314160,19682800,26837440,58802353,58930822,58779785,59155877,58932153,59179373,78846441,78990117,106188281,74820541,75312587,106188283,4.83589640003629,4.848550700000487,5.143417999963276,4.860180200077593,4.398413099930622,4.396020699990913,6.116851400001906,5.803020399995148,7.383078300044872,5.654078699997626,5.775423699989915,7.486632699961774,4.4518500023211045,5.377266691842427,4.499049993076672,4.655799983690183,4.800816668042292,4.739349998999387,5.081783359249433,5.241599981673062,5.6187166677167015,4.92611665201063,4.978983333179106,5.642416654154658,1,1
3610,104,0.14563106796116504,0.5192307692307693,0.5096153846153846,54,104,53,0.44660194174757284,0.019417475728155338,0.12621524331874204,0.11650739315200995,3,103,1.919484363560649,3.6619718309859155,0.2912621359223301,5020,6700,5036,7260,6743,7287,6553,7957,10869,5721,7957,10869,37630360,37669208,37635928,37949592,37675288,37948504,43078984,43022408,47469448,39727688,40043848,47469448,141170793,141384409,141223161,141769177,141423345,141753905,164849181,164938717,182057289,149315751,149865511,182057227,13.474096499965526,13.31294400000479,13.42947680002544,13.756012300029397,13.622786399908364,15.651169100077823,14.5381434999872,15.422509500058368,14.339539099950343,11.256457600044087,12.56070939998608,13.877431300003082,,,,,,,,,,,,,1,1
3623,55,0.1111111111111111,0.7014925373134329,0.6567164179104478,47,67,44,0.42592592592592593,0.1111111111111111,0.14815071232927343,0.20370542457223767,3,54,2.1491950851689094,3.7222222222222223,0.25925925925925924,2087,2496,2103,3038,2525,3051,3785,4344,7956,3313,4647,7959,8986976,8969632,8990624,9107712,8973248,9107008,15100056,15069784,23207448,13273544,13439880,23209176,33245306,33269791,33265226,33479106,33271898,33461551,59924994,59952311,93695206,52005909,52309790,93806909,2.377455999958329,2.5044956000056118,2.4694540000054985,2.3802220999496058,2.393165500019677,2.4312997999368235,4.687755700084381,4.4039812999544665,6.433451500022784,3.519373600021936,3.77440520003438,6.191616900032386,,,,,,,,,,,,,1,2
3628,55,0.16666666666666666,0.6323529411764706,0.6617647058823529,43,68,45,0.4074074074074074,0.037037037037037035,0.1296324697840545,0.09259374615632826,3,54,1.6940687518830189,4.25,0.2037037037037037,2111,2780,2104,2572,2792,2591,3081,3917,7261,3158,3650,7258,9999800,10191256,9997592,10101688,10194296,10107160,12911176,13151944,18513256,13006048,13130688,18511528,37245928,37508221,37237120,37390112,37498528,37390925,50106468,50434692,73310665,50669880,50846767,73374460,2.7055220999754965,2.7140183999435976,2.72993100003805,2.777004799921997,2.7674782999092713,2.7648876000894234,3.6363098999718204,3.645041999989189,5.308700400055386,3.7067228999221697,3.848583900020458,5.20761390007101,3.5541499964892864,3.655733346628646,3.63564999618878,3.7087499901341894,3.7631333301154277,3.8455833370486894,4.474666668102145,4.499899999548991,5.252266651950777,4.373866657260805,4.445133323315531,5.056383340464284,3,3
3633,56,0.21818181818181817,0.6764705882352942,0.6323529411764706,46,68,43,0.32727272727272727,0.05454545454545454,0.054548252797262234,0.09091133429584178,3,55,1.9436539720000705,3.7777777777777777,0.2727272727272727,130,140,131,144,141,144,253,253,733,301,316,736,135480,139384,135576,139800,139768,140056,214024,217096,477448,259432,265192,478312,485207,490231,485455,491031,490847,491287,780755,783955,1706475,954951,962271,1709187,0.04106389998923987,0.04076519992668182,0.04091490001883358,0.042361399973742664,0.04050850006751716,0.04118219995871186,0.05642529996111989,0.05552129994612187,0.09878460003528744,0.0650303999427706,0.0673887999728322,0.09916380001232028,,,,,,,,,,,,,1,1
3637,98,0.16494845360824742,0.6883116883116883,0.6753246753246753,53,77,52,0.4020618556701031,0.10309278350515463,0.1649513012014291,0.1340223693087236,3,97,2.101775437686946,3.2083333333333335,0.2268041237113402,4263,4414,4269,4582,4419,4581,5917,5866,10048,5391,5636,10046,20779120,20941168,20776432,20827696,20941360,20830384,26759608,26896696,33116656,24751400,24760808,33115504,77623569,77803228,77638484,77726169,77841572,77748553,103352193,103486665,130338753,95233252,95271212,130245235,5.862160599906929,6.025704399915412,6.060486400034279,6.0638153000036255,6.590083400020376,6.856586500070989,8.263904000050388,7.949226800003089,9.454835699987598,7.392465700046159,7.045396700035781,9.051522800000384,4.9842333343500895,5.490849997537832,5.159183327729504,5.285099983060111,5.4964333345803125,5.84314998316889,5.566166694431256,5.800883324506382,6.232666647216926,5.512749989672254,5.6114666707192855,5.867616661513845,1,3
3642,51,0.04,0.581081081081081,0.6756756756756757,43,74,50,0.56,0.12,0.18000154860783368,0.1600027669221163,3,50,1.945197129636948,4.404761904761904,0.16,1841,2672,1837,2410,2695,2437,3037,4279,7775,2941,3907,7771,8793920,8906176,8793920,8894944,8910112,8898528,12649416,12814280,20753512,12793384,12958696,20751208,32802087,33000527,32796596,32955999,33006407,32967831,49899376,50192419,83498476,50632523,50897939,83366734,2.3430934000061825,2.3759361999109387,2.394544299924746,2.380902500008233,2.4281874999869615,2.4070926998974755,3.885274500004016,3.553784799994901,5.858190500061028,3.7230722000822425,3.7104794000042602,5.529469999950379,,,,,,,,,,,,,3,1
3644,98,0.1134020618556701,0.4396551724137931,0.47413793103448276,51,116,55,0.422680412371134,0.08247422680412371,0.1855697030412782,0.0824764500943387,3,97,2.051578558889102,3.7908496732026142,0.25773195876288657,5082,7861,5064,7006,7900,7063,6103,9181,10423,6289,8161,10417,38199776,38851776,38192640,38432000,38856736,38445728,42981592,43722904,50254312,42872584,43110664,50255368,143648650,144593650,143649098,144091994,144527690,144028010,165153342,166218742,195578246,163836828,164271556,195589432,12.818836600054055,12.609884200035594,12.343335599987768,12.381579199922271,11.823414299986325,11.460343499900773,14.134148900047876,13.580845899996348,14.52463389991317,13.131263899966143,13.263933600042947,14.691521400003694,,,,,,,,,,,,,3,3
3673,103,0.12745098039215685,0.42857142857142855,0.46218487394957986,51,119,55,0.45098039215686275,0.058823529411764705,0.15686500899028033,0.16666863253340125,3,102,1.8223991643804278,4.103448275862069,0.1568627450980392,3960,5837,3962,5941,5884,5986,5671,8101,10855,5151,7501,10851,27651576,27985560,27652920,28059096,27994584,28066968,36409576,36834664,46212520,33124520,33575720,46214920,104449130,104978722,104412810,105027042,104950938,105035530,142872770,143551018,184569670,128261272,128959240,184712072,7.937644900055602,9.003656200016849,8.878561399993487,8.980105399969034,8.423582199960947,8.2593557999935,11.575477699982002,11.239653900032863,13.625198900001124,9.115440999972634,9.85789289989043,12.702274199924432,4.987083336648841,5.361883377190679,5.099766654893756,5.463083371675263,6.094033344803999,5.795783343880127,6.020816644498457,6.06830002895246,6.727850006427616,5.69701666245237,6.0447333186554415,6.3480833390106755,1,1
3676,102,0.12871287128712872,0.4845360824742268,0.5257731958762887,47,97,51,0.4752475247524752,0.10891089108910891,0.24752598182335128,0.1386165997442227,3,101,2.1378354066100265,3.5661764705882355,0.27722772277227725,4055,5485,4050,5173,5514,5207,5401,7101,8851,4973,6249,8845,23587840,23648544,23592832,23921184,23657024,23922752,29586520,29664920,35898120,27609992,27983112,35894664,87949552,88156371,87938304,88385808,88177784,88414435,114279184,114532560,141441528,106039154,106547402,141419274,6.544394400087185,6.7051623000297695,6.6917428999440745,7.047862599953078,7.559341800049879,7.669912899960764,9.131981300073676,8.435517900041305,10.134873099974357,8.278756499988958,8.16689619992394,10.23626269993838,,,,,,,,,,,,,3,1
3698,55,0.2037037037037037,0.6865671641791045,0.6716417910447762,46,67,45,0.46296296296296297,0.18518518518518517,0.07407663827244607,0.14815014609808308,3,54,2.0410834567314464,3.8953488372093026,0.16666666666666666,2330,2240,2337,2484,2243,2480,3401,3241,7241,3511,3646,7246,8424872,8386664,8425800,8416872,8386184,8415336,11411304,11349864,16914664,11580280,11558680,16913320,31260875,31214051,31277523,31284331,31228131,31282379,44346535,44268295,66905531,44881047,44873991,66899109,2.1180332000367343,2.162940999958664,2.110649599926546,2.1263343000318855,2.138594900025055,2.134319300064817,3.2145088999532163,3.2329968999838457,4.461993300006725,2.886304400046356,3.1026135999709368,4.416383199975826,3.956016657563547,3.9593499968759716,4.014833325830598,4.037466676284869,4.031383335435142,4.063283326104283,4.380500002298504,4.455316695384681,5.244033333534996,4.556983340686808,4.863083323774238,5.19785003659005,2,5
3720,52,0.11764705882352941,0.5657894736842105,0.5394736842105263,43,76,41,0.4117647058823529,0.09803921568627451,0.13725701509974897,0.13725642138160765,3,51,2.1289141310682087,4.523809523809524,0.29411764705882354,2334,2974,2341,3244,2998,3261,3441,4121,6761,3319,4327,6763,11161696,11282272,11160704,11216992,11283168,11219968,14915624,15034664,20062504,14358136,14395768,20059720,41491728,41679299,41491195,41642128,41679235,41642363,57806236,57996479,79411380,55608531,55751786,79305863,2.930624199914746,3.3976916000247,3.4441465000854805,3.5392886999761686,3.164101199945435,3.1689546999987215,4.333908500033431,4.459537099930458,5.527844800031744,3.8431582000339404,4.293897100025788,5.32974950002972,,,,,,,,,,,,,1,3
3721,59,0.13793103448275862,0.5769230769230769,0.5897435897435898,45,78,46,0.46551724137931033,0.13793103448275862,0.15517322984042353,0.10344988115709917,3,58,2.0652365467825153,4.431818181818182,0.22413793103448276,2291,3210,2287,3116,3239,3149,3601,5086,7966,3697,4973,7965,10787488,10913568,10785120,10818976,10915616,10823712,16109800,16322920,25829800,16225608,16315720,25829224,40119824,40339803,40127075,40244656,40343363,40240211,63626024,63991891,104730484,63996503,64216910,104689006,2.8456555999582633,2.9277700999518856,2.8521539999637753,2.8937204000540078,3.036280300002545,3.020926699973643,4.558737499988638,4.835061200079508,6.89491040003486,4.246820500004105,4.86526450002566,6.898328899987973,,,,,,,,,,,,,3,3
3729,50,0.10204081632653061,0.7377049180327869,0.6885245901639344,45,61,42,0.4489795918367347,0.10204081632653061,0.14285996503538775,0.12245180419817263,3,49,2.015518116662317,4.0131578947368425,0.20408163265306123,2115,2460,2120,2672,2474,2681,3281,3650,7258,3301,3917,7261,9033800,9055912,9036136,9155816,9059304,9156424,12614088,12639016,18626984,12467304,12616552,18628712,33409570,33467866,33419834,33597626,33463914,33582850,49068390,49132046,73932571,48473290,48688161,73867318,2.4297482999973,2.448742000036873,2.446589299943298,2.471441900008358,2.4520638999529183,2.4704952999018133,3.6332412000047043,3.7592427999479696,5.1727540999418125,3.4624953999882564,3.802772300085053,5.096394099993631,,,,,,,,,,,,,1,1
3735,50,0.10204081632653061,0.7384615384615385,0.7230769230769231,48,65,47,0.4489795918367347,0.10204081632653061,0.2040838283838286,0.1836753609941854,3,49,2.14263044958221,4.166666666666667,0.40816326530612246,3275,3195,3280,3418,3196,3414,4693,4509,8695,4560,4607,8696,13151080,13161256,13154952,13324168,13165256,13324360,17902984,17911816,24276008,17106264,17294264,24276584,48982810,48984461,48985394,49168549,48961077,49142789,70361357,70352338,97293214,66689945,66884072,97329385,3.5514827000442892,4.317882500006817,4.011986400000751,4.1171077999752015,4.07148959999904,4.06256630003918,5.479262199951336,5.424951700028032,6.85570039995946,4.57760259998031,5.321492099901661,6.682268699980341,,,,,,,,,,,,,2,1
3737,97,0.11458333333333333,0.41379310344827586,0.45689655172413796,48,116,53,0.3645833333333333,0.10416666666666667,0.1250027232672437,0.20833589578251122,3,96,2.1085272066801566,3.918918918918919,0.2708333333333333,4111,6448,4102,6040,6494,6095,5513,8373,9829,5406,7568,9824,28368104,28979688,28365416,28807400,28990504,28821544,35599304,36334792,44785000,34352256,34860608,44782120,106736317,107589309,106711880,107353981,107527117,107316397,139466425,140497601,178448021,133111651,133842587,178505103,9.599195499904454,9.173629799974151,8.788670500041917,8.934052600059658,8.538865500013344,8.923842399963178,11.55120329989586,10.614563800045289,12.44160819996614,10.514268000028096,10.01176350004971,13.085220400011167,,,,,,,,,,,,,3,3
3739,54,0.1509433962264151,0.5806451612903226,0.7258064516129032,36,62,45,0.37735849056603776,0.09433962264150944,0.13207779748294995,0.18868070848303725,3,53,2.034790684712957,3.780487804878049,0.22641509433962265,2305,2684,2299,2386,2688,2396,3477,3917,6205,2976,3116,6196,8787880,8822792,8786856,8763080,8822280,8763720,12063912,12092072,15852840,10782384,10764464,15851784,32572072,32645328,32578605,32562368,32653264,32564560,46775189,46847232,62436484,41404419,41399668,62452540,2.321033600019291,2.403903100057505,2.3744842999149114,2.3487477999879047,2.3461868000449613,2.3437047000043094,3.473343300051056,3.412880999967456,4.337119100033306,2.805451499996707,2.9606419999618083,4.257770500029437,,,,,,,,,,,,,3,4
3748,96,0.1368421052631579,0.4857142857142857,0.47619047619047616,51,105,50,0.4631578947368421,0.12631578947368421,0.20000290440542526,0.08421343637287225,3,95,2.025874226611533,4.038461538461538,0.18947368421052632,3744,4797,3737,4457,4817,4484,4748,6017,8508,4861,5761,8506,20192480,20217536,20193024,20265504,20219936,20266880,23965256,24029928,31092712,24695440,24803440,31091560,75534927,75665834,75518607,75665511,75635914,75651039,92027367,92220338,122365983,95381817,95583025,122272425,5.525034600053914,5.879230899969116,5.881618899991736,6.278725299984217,6.371182300033979,6.465349599951878,7.0297842000145465,6.934303099988028,8.677134400000796,6.972943100030534,7.1005320000695065,8.73691089998465,,,,,,,,,,,,,3,1
3764,57,0.21428571428571427,0.6,0.6533333333333333,45,75,49,0.4642857142857143,0.125,0.07143131759117491,0.16071784503791214,3,56,2.0261327634383024,4.3604651162790695,0.19642857142857142,2469,2846,2466,2724,2852,2733,3865,4279,8143,3829,4093,8141,10132536,10160472,10131224,10108504,10159480,10109144,14462920,14492360,21870024,14450472,14406824,21868872,37409482,37476418,37432287,37434290,37495922,37432314,56524955,56596558,87240299,56350682,56334033,87173694,2.648289099917747,2.682870600023307,2.6744817999424413,2.7011173999635503,2.8737568000797182,2.7035023000789806,4.432357200072147,4.2767072999849916,5.873436799971387,3.784528899937868,4.0741873000515625,6.177746800007299,,,,,,,,,,,,,3,4
3778,56,0.10909090909090909,0.6521739130434783,0.6086956521739131,45,69,42,0.6,0.10909090909090909,0.2000030702487989,0.09091160524721173,3,55,2.146936854691517,3.6315789473684212,0.2727272727272727,2795,2901,2796,2930,2904,2932,3773,3855,7258,4005,4137,7261,10941544,10872872,10941960,10886504,10871144,10884264,13851960,13760120,19680520,14714824,14638792,19682248,40382473,40324777,40407894,40365425,40347585,40364054,53217885,53134573,77642146,56908265,56846400,77740293,2.8948077999521047,2.857430799980648,2.9424231000011787,3.064874400035478,2.9743155000032857,3.02817619999405,3.7267010000068694,3.7062093999702483,5.3843659000704065,4.342123799957335,4.334271600004286,5.3404115999583155,4.162950014385085,4.4046666589565575,4.751866663961361,4.408466668489079,4.539316675315301,4.515233333222568,4.920866650839646,4.928850006156911,5.343833317359288,4.9144500129235285,5.029449996072799,5.3926333591031534,1,5
3808,57,0.21428571428571427,0.9423076923076923,1.0,49,52,52,0.5,0.10714285714285714,0.08928954822061184,0.1428601551160682,3,56,2.113181578715301,3.25,0.30357142857142855,3430,3098,3426,3036,3084,3026,5152,4642,9028,4621,4005,9021,12103008,12047456,12103200,12059616,12045472,12057760,17741584,17646928,23564968,15631080,15543784,23560936,44920194,44831437,44919922,44836418,44809949,44815410,69537657,69389870,93788685,60505062,60355195,93740378,3.215705299982801,3.2913263000082225,3.323875100002624,3.3461591000668705,3.295981099945493,3.3151694999542087,5.26818369992543,5.2322223000228405,6.736632699961774,4.055119900032878,4.651911700027995,6.391436800011434,,,,,,,,,,,,,6,5
3809,56,0.07272727272727272,0.6527777777777778,0.5416666666666666,47,72,39,0.5636363636363636,0.07272727272727272,0.21818516261621632,0.25454713871956547,3,55,1.9875324665789393,4.0,0.21818181818181817,2084,2716,2096,3344,2753,3369,3025,3925,6373,3169,4797,6381,10065928,10102920,10069704,10301224,10109864,10303080,13800232,13867048,19903528,13703176,14008712,19904008,37549232,37650829,37545952,37906912,37618693,37875976,54295972,54455361,79602832,53232779,53706556,79712207,2.6902604999486357,2.6893720999360085,2.701108400011435,2.8200471000745893,2.7202386999269947,2.867259299964644,4.358861599932425,4.048140399972908,5.788769599981606,3.582115800003521,4.0821796000236645,5.587050599977374,,,,,,,,,,,,,1,1
3820,53,0.1346153846153846,0.6212121212121212,0.6666666666666666,41,66,44,0.5576923076923077,0.11538461538461539,0.17307782412255898,0.17307899899941942,3,52,2.1267945266193884,3.7931034482758625,0.23076923076923078,2410,2871,2416,3055,2889,3067,3785,4301,6924,3281,4001,6921,10438288,10505584,10437456,10472560,10506416,10474352,15060496,15137552,19835560,13156584,13189864,19837864,38767425,38882108,38764772,38866113,38889644,38875196,59352229,59482376,79213049,50704360,50811648,79285099,2.7769780000671744,2.7738300000783056,2.9726671000244096,2.7860272000543773,2.8002811999758705,2.805097999982536,4.428997499984689,4.2215207000263035,5.552172800060362,3.459546500002034,3.942756999982521,5.48419950006064,,,,,,,,,,,,,1,3
3821,56,0.12727272727272726,0.6567164179104478,0.6865671641791045,44,67,46,0.45454545454545453,0.14545454545454545,0.10909259006042372,0.14545650816183875,3,55,2.2092174672398315,3.7222222222222223,0.2727272727272727,2748,3116,2749,3134,3125,3142,4096,4456,7786,3871,4258,7784,11749688,11763032,11752088,11852216,11765816,11852184,16177120,16175680,22116400,15368376,15488088,22115248,43645146,43697031,43636690,43779383,43670962,43760986,63047435,63082158,88053627,59821114,59983721,88166094,3.1772814999567345,3.65021849994082,3.604910699999891,3.6047426000004634,3.6260197000810876,3.793113399995491,4.867643499979749,4.6953924999106675,6.228462900035083,4.071237599942833,4.352452700026333,5.953752000001259,,,,,,,,,,,,,1,1
3827,49,0.20833333333333334,0.6323529411764706,0.5735294117647058,43,68,39,0.4791666666666667,0.14583333333333334,0.1458352581685176,0.12500193473533727,3,48,2.1375849103585596,4.25,0.20833333333333334,1937,2424,1936,2422,2439,2438,2775,3383,6119,2961,3561,6121,8042784,8055904,8042624,8057408,8055872,8057760,10628568,10641944,15790184,11207464,11206184,15791144,29819163,29881507,29821288,29885619,29874747,29877427,41126508,41200943,62185411,43328174,43388351,62111827,2.0672706000041217,2.1259152999846265,2.068612699978985,2.142257299972698,2.14324550004676,2.132986700045876,2.8661825000308454,2.9195705000311136,4.1600040999474,2.8560826999600977,2.940970199997537,4.036611699964851,,,,,,,,,,,,,3,3
3835,50,0.22448979591836735,0.6290322580645161,0.7419354838709677,39,62,46,0.5714285714285714,0.16326530612244897,0.22449137975119662,0.10204208030707526,3,49,2.02401804538526,4.078947368421053,0.2653061224489796,2187,2862,2176,2452,2874,2475,3345,4357,6733,3307,3763,6727,8660776,8692328,8659784,8650952,8692584,8652552,12459912,12530312,19216200,12558968,12568696,19216872,31923856,32025597,31923400,31943720,32017688,31937925,48560352,48735264,76885429,49204984,49263439,77013384,2.2778053999645635,2.3185210999799892,2.2501428000396118,2.276943000033498,2.2804970000870526,2.2520309999817982,3.6087050000205636,3.611032500048168,5.203844700008631,3.274553299997933,3.4648348999908194,5.204673400032334,,,,,,,,,,,,,3,4
3853,99,0.16326530612244897,0.4954954954954955,0.43243243243243246,55,111,48,0.4897959183673469,0.1326530612244898,0.15306342447328627,0.15306295798046096,3,98,2.1231851420935146,3.9084507042253525,0.23469387755102042,4769,6548,4778,7194,6601,7238,5782,7850,10012,6043,8852,10018,33601408,33799072,33604064,33943520,33806880,33948416,38541648,38771760,47600240,39564056,39977880,47599280,126163878,126545494,126072038,126658918,126464382,126670422,147721258,148165386,186124766,151793572,152495716,186122192,9.381799199967645,9.79175629990641,9.970134099945426,9.809301999979652,10.726372299948707,11.04902699997183,11.269260099972598,10.877192500047386,13.395571499946527,12.177206100081094,12.608591499971226,13.414371900027618,,,,,,,,,,,,,1,1
3856,58,0.14035087719298245,0.7796610169491526,0.711864406779661,46,59,42,0.45614035087719296,0.08771929824561403,0.14035437408050425,0.1403525075139968,3,57,2.1072830837104806,3.3908045977011496,0.2631578947368421,2597,2645,2605,2901,2655,2903,3511,3589,7060,3691,4141,7066,10322664,10343208,10324072,10389928,10345384,10390696,12955600,12985552,18611848,13629760,13727680,18611080,38325184,38349939,38352083,38447411,38379320,38448387,49860283,49899008,73666975,53110742,53253351,73694126,2.721663000062108,2.7358600000152364,2.7281712000258267,2.733395599992946,2.741689599934034,2.778806500020437,3.815500000026077,3.9120764000108466,4.872028599958867,3.7574168000137433,3.8455645000794902,5.198419499909505,4.00726665975526,4.397766664624214,4.038800000368307,4.116649991677453,4.213083322004725,4.368566675111651,4.4608666794374585,4.578050012545039,5.203033331781626,4.67908331969132,4.908666654955596,5.071749988322456,1,1
3869,97,0.1875,0.4854368932038835,0.5145631067961165,50,103,53,0.46875,0.09375,0.07291938994603697,0.17708605658845045,3,96,2.0533149943146918,3.901515151515152,0.28125,4296,5652,4303,5836,5687,5864,5851,7251,9851,5391,7106,9850,26549080,27065176,26550424,27117688,27078136,27129016,33176120,33742520,40581720,31471064,32106104,40581144,99971244,100630812,99973332,100701727,100623383,100693396,128786832,129501272,160712744,121582678,122397911,160653818,7.417707700049505,7.636745399911888,7.626406399998814,7.635190999950282,8.626254699891433,8.577312899986282,10.09920559998136,9.461599500034936,11.881273800041527,9.875976899988018,9.459007199970074,11.294005000032485,5.2779000252485275,5.538566658894221,5.342433345504105,6.46641666147237,5.917000002227724,5.941049991330753,5.958333320450038,6.197716672128688,7.539649979056169,5.774033333485325,6.1340833199210465,6.423550037046273,1,1
3880,56,0.12727272727272726,0.6338028169014085,0.6338028169014085,45,71,45,0.41818181818181815,0.10909090909090909,0.1272744147149338,0.10909288584000686,3,55,2.1539844103806898,3.9444444444444446,0.2727272727272727,2386,2968,2387,3047,2988,3066,3487,4285,7435,3609,4489,7437,10882808,10882552,10883672,10931416,10883640,10931640,14758984,14768392,21875464,15066824,15114696,21876616,40328998,40387558,40337947,40450718,40398470,40453910,57245635,57335710,87318387,58997918,59135285,87208550,2.8906977999722585,2.9138663000194356,2.8988202000036836,2.878669900004752,3.0172326000174507,2.945063399965875,4.111922199954279,4.227636800031178,5.995279400027357,4.116295799962245,4.509824299952015,5.88498149998486,4.156033333856612,4.204749983424942,4.12198332681631,4.1948666524452465,4.273283334138493,4.260499981076767,4.761566660211732,5.147033332226177,5.397000000812113,4.879016662016511,4.779333326344688,5.524666650065531,1,2
3882,50,0.22448979591836735,0.8301886792452831,0.8490566037735849,44,53,45,0.3877551020408163,0.08163265306122448,0.1428596427312539,0.12245055981341521,3,49,2.0905963957735088,3.486842105263158,0.42857142857142855,3404,2812,3407,2980,2795,2960,4243,3403,7267,4215,3484,7268,12388568,12366296,12386648,12308664,12362872,12307000,14356792,14286904,16972216,13883672,13736440,16972792,45952913,45870070,45954809,45833729,45875606,45837537,54192894,54034985,64351709,52070293,51848349,64239940,3.3496197999920696,3.828848500037566,4.041134800063446,3.8382126999786124,3.8433963999850675,3.8458092999644578,4.115618300042115,4.1005544000072405,4.617870199959725,3.8539401999441907,3.944887600024231,4.757469499949366,,,,,,,,,,,,,5,6
3893,60,0.1016949152542373,0.7164179104477612,0.7611940298507462,48,67,51,0.5084745762711864,0.13559322033898305,0.16949464414679147,0.1186477108148195,3,59,1.9461933427690252,4.036144578313253,0.22033898305084745,2886,3086,2891,3139,3091,3139,4801,4801,9451,4278,4513,9448,11913792,11923008,11916512,11992800,11925024,11991904,18064120,18019320,26123720,16697552,16792304,26121992,44164119,44193956,44184015,44285871,44187796,44259343,71071216,71024755,104534468,64848699,64967594,104423246,3.2105015000561252,3.8278167999815196,3.455060499953106,3.505557900061831,3.616088300012052,3.5932314000092447,5.480068299919367,5.076026699971408,7.292859399924055,4.45161350001581,5.160979500040412,7.058834200026467,,,,,,,,,,,,,1,1
3903,48,0.19148936170212766,0.7454545454545455,0.7090909090909091,41,55,39,0.5319148936170213,0.06382978723404255,0.17021409001577884,0.06383111384360397,3,47,1.967625821181986,3.9285714285714284,0.2553191489361702,2261,2380,2256,2276,2374,2275,2965,2927,6119,3321,3081,6121,8618872,8591256,8618648,8590488,8589496,8588952,9964936,9906568,13601384,10969064,10898664,13602344,31821665,31806217,31818057,31793367,31795833,31785889,37497105,37435471,52402697,42083073,41989177,52338137,2.2650091000832617,2.195245400071144,2.2338870000094175,2.167169200023636,2.2048649000935256,2.184447600040585,2.5215433000121266,2.5262124000582844,3.3567600999958813,3.0164810999995098,2.765731399995275,3.341040699975565,3.9703999840033553,3.8591500100058815,3.8771833254334824,3.717333330617597,3.763049996147553,3.830783360172063,4.063533328007907,4.0823833357232315,4.676650006634493,4.171800004163136,4.345499988024433,4.7010499984025955,3,6
3916,49,0.16666666666666666,0.7586206896551724,0.7068965517241379,44,58,41,0.375,0.125,0.06250320011167787,0.14583462486916687,3,48,1.9367286923258344,3.918918918918919,0.16666666666666666,2233,2234,2236,2402,2238,2403,3281,3321,6921,3398,3570,6924,7974984,7971560,7974568,7972584,7971304,7972744,11032744,11039144,16521704,11038448,11027440,16519400,29487043,29482654,29502670,29517502,29492766,29511803,42910442,42920778,65643091,42933746,42940234,65584941,2.053110699984245,2.0421915999613702,2.060424799914472,2.0459983000764623,2.074109600041993,2.076432599918917,2.968208499951288,3.2154779999982566,4.369469600031152,2.8550642000045627,2.9255622000200674,4.389505699975416,3.967583315291752,3.9936166528301933,3.930400009267032,3.965766654194643,4.0911000105552375,4.05291667751347,4.501933348365128,5.182099994271994,5.083633334531139,4.651583323720843,4.512816667556763,5.2026666623229785,1,5
3918,96,0.10526315789473684,0.45689655172413796,0.43103448275862066,53,116,50,0.4842105263157895,0.14736842105263157,0.16842348456970954,0.136843409769139,3,95,2.1820724623816563,3.918918918918919,0.24210526315789474,3981,6251,3980,6240,6306,6296,5293,8037,10242,5669,8529,10245,27912888,28495096,27912632,28500312,28509176,28514648,34609416,35311880,47482696,36795720,37527880,47484424,105203973,106021125,105182864,106004677,105987997,105992077,135049185,136035873,190848793,145197767,146225735,191047755,7.8657360000070184,8.067710199975409,8.527511999942362,8.241585599957034,8.330108599970117,8.148593100020662,10.656322099966928,10.65560739999637,13.577785499976017,11.228752099908888,11.715293899993412,13.646101199905388,5.506733335399379,5.850716668646783,5.449349991977215,5.925350007601082,6.286516669206321,6.496183360771586,5.968516673116635,6.176499979725729,6.959850007357697,6.093400006648153,6.373483338393271,6.70926666740949,3,3
3959,51,0.16,0.5970149253731343,0.6119402985074627,40,67,41,0.48,0.08,0.12000246294774115,0.12000306735280901,3,50,1.985451399311646,4.085365853658537,0.2,1923,2617,1917,2391,2631,2411,2881,3681,6281,3043,3589,6280,8102280,8225288,8099784,8130792,8225960,8134440,10983784,11129704,16593064,11717584,11743792,16592584,30109189,30303890,30094578,30173794,30305533,30189218,42713306,42942778,66140734,45860022,45942779,66111606,2.6787172000622377,2.471083299955353,2.1286694000009447,2.234448099974543,2.1684417999349535,2.221933800028637,3.6629511999199167,3.499140099971555,4.56079050002154,3.10678520007059,3.4324580999091268,4.767725500045344,,,,,,,,,,,,,3,3
3961,100,0.18181818181818182,0.5106382978723404,0.5851063829787234,48,94,55,0.494949494949495,0.08080808080808081,0.16161802632621292,0.17171950240365483,3,99,2.160933259824576,3.643410852713178,0.30303030303030304,3699,5270,3688,4468,5289,4498,5401,7021,9127,4663,5461,9115,21064968,21429352,21062792,21255560,21434216,21262632,27411880,27793768,33670696,25122232,25326520,33667720,79466328,79994115,79514416,79788976,80007003,79753664,107349496,107900728,133527060,96650543,96939230,133498070,5.862345099914819,6.5531025000382215,6.486250299960375,6.455448599997908,6.764701599953696,6.765469399979338,8.215282900026068,8.528613599948585,9.651404800009914,6.762394399964251,7.886515700025484,9.315764100058004,,,,,,,,,,,,,3,3
3971,56,0.14545454545454545,0.75,0.640625,48,64,41,0.41818181818181815,0.10909090909090909,0.10909259545786137,0.16363749945197592,3,55,2.2122942990815586,3.6363636363636362,0.38181818181818183,2643,2738,2653,3160,2749,3161,3761,3801,7561,3949,4466,7568,10962800,10917200,10965680,11048240,10919056,11046800,14554664,14497064,20703464,14827704,14914936,20703080,40606972,40572593,40596828,40732180,40576537,40745884,56318424,56266421,82060560,57525891,57666300,81946567,3.0179823000216857,3.0042109999340028,3.0071775000542402,3.038360800012015,3.044041999964975,3.0291738000232726,4.437706500058994,4.424346000072546,6.105147099937312,4.121872199932113,4.507692500017583,5.938046700088307,,,,,,,,,,,,,1,2
3975,52,0.17647058823529413,0.6833333333333333,0.7333333333333333,41,60,44,0.47058823529411764,0.0784313725490196,0.137258215341717,0.17647389811463654,3,51,2.0994859403108723,3.75,0.2549019607843137,2361,2980,2352,2584,2990,2603,3355,4172,6924,3481,3881,6921,9785048,9801432,9784888,9777976,9801240,9778360,12829656,12846168,19409000,13762024,13754344,19411304,36246740,36326785,36235964,36253820,36305996,36245529,49254428,49354532,76689357,53529304,53564655,76594256,2.5720575000159442,2.600159400026314,2.833495899918489,2.5686967000365257,2.5828427999513224,2.625169500010088,3.543263699975796,3.5755606000311673,5.30636140005663,3.6149978999746963,4.128064200049266,5.19594230002258,,,,,,,,,,,,,3,4
3977,52,0.11764705882352941,0.6875,0.65625,44,64,42,0.37254901960784315,0.11764705882352941,0.13725702092051506,0.15686455555260181,3,51,1.9987243514731807,4.2105263157894735,0.17647058823529413,2508,2472,2512,2668,2475,2667,3609,3568,7094,3613,3742,7096,9145960,9196264,9146920,9225640,9198728,9227208,12509128,12573416,17668240,12161608,12267560,17669392,34051547,34099054,34072267,34166859,34087523,34136102,48614991,48675303,69995470,47137055,47256860,70053123,2.463613100000657,2.4194533999543637,2.393974900012836,2.444774000090547,2.4590887000085786,2.5074673000490293,3.773645000066608,3.4863008999964222,4.676255499944091,3.1937921000644565,3.383643800043501,4.75226500001736,,,,,,,,,,,,,2,1
3980,55,0.1111111111111111,0.5555555555555556,0.6111111111111112,40,72,44,0.3888888888888889,0.07407407407407407,0.2407427364701612,0.148149586463761,3,54,2.006883018106942,3.956043956043956,0.2962962962962963,2457,3689,2448,3347,3713,3380,3398,4817,6752,3433,4369,6748,13265096,13534344,13261480,13386504,13537288,13393768,16412072,16724424,21594088,16404448,16519264,21595816,49643582,50042954,49626534,49844862,50041866,49861798,63608646,64069026,85283562,63288802,63501120,85138926,3.624152500065975,3.7381579999346286,3.9600599000696093,3.8923483000835404,3.846158399945125,3.757770400028676,4.879647299996577,4.64974759996403,6.0526226999936625,4.747917200089432,4.990750600001775,6.023265000083484,3.9665333461016417,4.2354333369682235,4.1635333133550985,4.2209333429733915,4.5350999959434075,4.33273334056139,4.702399989279608,4.821733358160903,5.788066676662614,4.623416675409923,4.936033335980028,5.419883333767454,3,3
3984,104,0.1650485436893204,0.49038461538461536,0.5,51,104,52,0.46601941747572817,0.05825242718446602,0.18446737651270137,0.0970896246042826,3,103,2.1037437915380677,3.611111111111111,0.3300970873786408,3865,4983,3854,4370,4995,4393,4945,6049,8497,5017,5545,8493,20217568,20368288,20219040,20435744,20373920,20438528,24009352,24142984,30609928,25077352,25325160,30607624,75499112,75762251,75514792,75785280,75846347,75851640,92026220,92270799,120267248,96901542,97204358,120079411,5.514433700009249,6.21260169998277,5.702678400091827,5.676982200006023,6.27389149996452,6.350198300089687,7.061286100069992,6.445573000004515,8.304892899934202,6.981019699946046,7.5364664000226185,8.450764799956232,,,,,,,,,,,,,3,1
3991,106,0.10476190476190476,0.4444444444444444,0.452991452991453,52,117,53,0.47619047619047616,0.08571428571428572,0.17143106241045253,0.1523835909486349,3,105,2.050466594785304,3.65625,0.23809523809523808,4000,5932,4007,6290,5987,6338,5425,7729,9073,4983,7568,9072,27248760,27476856,27250392,27597624,27485208,27603384,34511752,34788232,41701000,31871032,32263576,41700424,102298243,102727202,102251178,102833186,102700234,102853570,134172714,134688042,164216986,121951452,122610244,164509948,9.422695100074634,7.882305799983442,7.815663400106132,7.95939279999584,8.79839620005805,8.824261500034481,10.601394700002857,10.713349799974822,12.204623300000094,9.237103500054218,9.112790899933316,11.664051799918525,,,,,,,,,,,,,1,1
3995,51,0.1,0.71875,0.65625,46,64,42,0.48,0.06,0.16000154623761773,0.10000185498502105,3,50,1.766277598633222,3.764705882352941,0.14,1961,2539,1964,2685,2558,2701,3035,3691,7422,3196,4051,7426,9459376,9509552,9460048,9535984,9511568,9537072,12693792,12738400,19300696,13172200,13262920,19303000,34994510,35103281,34997849,35148001,35097742,35137121,49225837,49338730,76402765,51169592,51347785,76368268,2.5153634999878705,2.5428833999903873,2.5324534999672323,2.5914300999138504,2.7724582999944687,2.624808800057508,3.73419740004465,3.714679199969396,5.151422200025991,3.681010099942796,3.8698577999603003,5.275594699895009,,,,,,,,,,,,,1,1
3999,54,0.16981132075471697,0.6666666666666666,0.6086956521739131,46,69,42,0.39622641509433965,0.11320754716981132,0.15094687359600836,0.13207635911673588,3,53,2.014232516873224,3.8333333333333335,0.22641509433962265,1904,2326,1902,2338,2338,2352,2994,3568,6438,2926,3394,6436,7737936,7833232,7736080,7798032,7834512,7801424,11050512,11189584,16176496,10464592,10514512,16179184,28572212,28711575,28563415,28670199,28710868,28677223,43298303,43498031,64321912,40419643,40517779,64402250,2.049661999917589,2.0124797000316903,2.029385900008492,2.011671300046146,2.142849799944088,2.0693916000891477,3.0503585999831557,3.200695800012909,4.23830110009294,2.782888100016862,3.171123699983582,4.306374500039965,3.5506500086436668,5.409499998980512,3.6463000384780266,3.6629833242235086,3.732566663529724,3.738183353561908,4.3156333461714285,4.268333315849304,4.891716661707808,4.298233310692012,4.35346665714557,4.91281666715319,3,3
4002,92,0.17582417582417584,0.4948453608247423,0.5257731958762887,48,97,51,0.4835164835164835,0.08791208791208792,0.14285900772313823,0.08791479378283679,3,91,2.000181349113683,3.6194029850746268,0.1978021978021978,3517,4786,3513,4508,4809,4535,4753,6049,8497,4533,5545,8493,20234744,20538488,20235096,20534008,20545432,20540536,24632200,24945544,30474760,23958696,24264232,30472456,75845984,76280792,75807821,76209925,76302032,76269853,95577753,96024220,120381085,92552867,92963299,120194071,6.1547298999503255,7.046004900010303,7.010902000009082,6.776497700018808,5.943732700077817,6.075319900061004,7.639087700052187,7.186824599979445,8.40284769993741,6.861234999960288,7.357935199979693,8.829523399937898,,,,,,,,,,,,,3,1
4014,102,0.13861386138613863,0.5092592592592593,0.48148148148148145,55,108,52,0.48514851485148514,0.1188118811881188,0.0990118945644486,0.12871530867356917,3,101,2.1910848584374185,3.802816901408451,0.297029702970297,5316,6784,5319,7153,6821,7187,6529,8263,11068,6751,8749,11071,35106800,35304944,35109328,35543632,35313904,35548720,41502688,41762176,50928712,41679544,42163384,50925640,131655780,132009140,131703692,132332284,132037532,132311244,160179924,160622404,200416564,160052542,160747790,200180270,10.340586200007237,10.39819149998948,10.263140699942596,10.798781499965116,11.49051919998601,11.78429480001796,13.008102799998596,12.184492400032468,14.23750549997203,12.384307399974205,12.278734599938616,13.68754660000559,5.783366679679602,5.829016658632706,5.831716679191838,6.250366646175583,6.655683333519846,6.679499987512827,6.244316677718113,6.380650001422812,6.588833348359913,7.5646999951762455,6.376266673517724,6.626399990636855,1,1
4021,97,0.13541666666666666,0.5612244897959183,0.5,55,98,49,0.5208333333333334,0.052083333333333336,0.13541875663213432,0.09375272760371445,3,96,2.0128317789394123,3.7121212121212124,0.23958333333333334,4596,5634,4594,5778,5654,5800,5521,6577,10417,6319,7399,10423,28105024,28210304,28106432,28334848,28214592,28337088,31770760,31878280,40861960,34863448,35095000,40860904,105138595,105350723,105059395,105411043,105278947,105417395,120693203,120909491,159310723,134401829,134745797,159301845,8.924654999980703,8.898578099906445,8.91080799989868,8.888595600030385,8.930210000020452,8.977064500097185,9.70414519996848,9.485065000015311,11.6761669999687,10.156053100014105,9.973020000034012,11.585030400077812,,,,,,,,,,,,,3,1
4041,97,0.13541666666666666,0.4954128440366973,0.4954128440366973,54,109,54,0.4270833333333333,0.16666666666666666,0.15625192854349734,0.08333669300191104,3,96,2.203383548126027,3.6333333333333333,0.2708333333333333,5562,6294,5564,6444,6311,6459,6997,7792,11290,6891,7792,11290,31717768,32039592,31719016,32129128,32048136,32136168,38735560,39108680,47025184,37840072,38292904,47025184,118913634,119314290,118932866,119437570,119362234,119466018,150702318,151160806,186232230,146380868,146930300,186232232,10.356235299957916,9.662166699999943,9.827554500079714,9.905870000016876,11.613664299948141,11.96846399991773,12.290777999907732,12.097915799939074,13.020778100006282,11.634591600042768,11.559236099943519,13.624632599996403,,,,,,,,,,,,,1,1
4042,52,0.09803921568627451,0.7704918032786885,0.819672131147541,47,61,50,0.47058823529411764,0.0784313725490196,0.13725701975636184,0.21568749356083572,3,51,2.031433489585006,3.630952380952381,0.29411764705882354,2856,3267,2843,2828,3267,2841,3889,4513,8305,4043,4043,8300,12706968,12786872,12702936,12638616,12784984,12640696,15633544,15733384,22517512,16177120,16095936,22514632,46963715,47085800,46971563,46905171,47096040,46907387,59558552,59721043,87776016,61848563,61766923,87790194,3.4561040999833494,3.485904600005597,3.653764099930413,3.4791974000399932,3.513325599953532,3.5017202999442816,4.134236500016414,4.452843699953519,5.939965800032951,4.197735400055535,4.609861199976876,5.839016099926084,,,,,,,,,,,,,4,4
4046,56,0.10909090909090909,0.8070175438596491,0.7543859649122807,46,57,43,0.5272727272727272,0.03636363636363636,0.1272752448408441,0.18181959073990583,3,55,1.9854173170112746,3.313953488372093,0.3090909090909091,2475,2699,2483,2757,2709,2759,3613,3697,7603,3511,3961,7606,10460904,10446696,10463976,10509576,10448648,10507976,13325944,13258744,19317832,13944400,14032240,19319560,38762146,38765146,38767898,38844310,38784842,38850682,51378350,51319322,76143390,54211660,54347246,76075941,2.773756999988109,2.6654821999836713,2.673546600039117,2.6665842999937013,2.680504999938421,2.6714721999596804,3.8367125000804663,3.6931817999575287,5.1361064000520855,3.9283093999838457,3.962417400092818,5.049164299969561,3.810383340654274,3.8997499893109002,3.7888833321630955,3.8364333255837364,5.047966687319179,3.942216668898861,4.825933331934114,4.374316680089881,5.034266660610835,4.386566656952103,4.996700018333892,5.110916662185143,1,2
4063,94,0.0967741935483871,0.48598130841121495,0.45794392523364486,52,107,49,0.41935483870967744,0.11827956989247312,0.1290337572460093,0.10752919806738294,3,93,2.0348585199505096,3.8489208633093526,0.21505376344086022,4825,5781,4832,6214,5811,6237,6001,7105,9841,6019,7549,9844,28297184,28493216,28301376,28748352,28502880,28753056,34015624,34241416,41467912,33629104,34121968,41469640,105992355,106287347,105973419,106565659,106341667,106637715,131416859,131757051,163065207,129262457,129915977,163242737,7.752909899922088,8.18381820002105,8.231188400066458,8.670577500015497,9.525202499935403,9.659821499953978,10.228284800075926,9.892088399967179,12.036084300023504,10.2124900999479,10.275855100015178,11.516176700009964,,,,,,,,,,,,,1,1
4067,95,0.07446808510638298,0.5567010309278351,0.5257731958762887,54,97,51,0.5319148936170213,0.07446808510638298,0.17021554462522506,0.10638446385843402,3,94,2.0085548572718768,3.5925925925925926,0.23404255319148937,4138,5407,4136,5506,5437,5538,5401,7001,10651,5831,7421,10654,25575736,25718968,25579288,25986520,25728152,25990616,31404520,31609320,42518920,32701616,33188368,42515944,95555454,95829558,95636510,96187814,95897870,96172241,122046050,122416234,168795614,126788780,127442356,168968464,7.969568699947558,9.019804099923931,8.697781200055033,8.673698099912144,7.806952700018883,7.64490489999298,10.311897999956273,9.248765700031072,12.109822299913503,10.18893579998985,10.356177899986506,12.911932199960575,,,,,,,,,,,,,3,1
4086,95,0.11702127659574468,0.4322033898305085,0.4661016949152542,51,118,55,0.425531914893617,0.11702127659574468,0.06383257224274046,0.18085271190415989,3,94,2.070753391308767,3.9072847682119205,0.23404255319148937,4273,6961,4267,6474,7014,6533,5779,8965,10855,5651,8301,10851,32741832,33208328,32738440,32937512,33213384,32947816,39792568,40348984,51223720,39608520,39861320,51226120,122676856,123421576,122705088,123130928,123421968,123105512,154357640,155243992,202935444,153096910,153622526,203096718,9.809657000005245,10.693394500063732,11.244099300005473,11.307453499990515,10.449986599967815,10.687292199931107,13.349240400013514,12.866249899961986,14.455238500027917,12.181451199925505,12.329420399968512,14.497169299982488,,,,,,,,,,,,,3,3
4091,56,0.05454545454545454,0.5428571428571428,0.6285714285714286,38,70,44,0.4909090909090909,0.21818181818181817,0.18182152626104653,0.07272840640507638,3,55,2.1614760819999255,4.216867469879518,0.21818181818181817,2619,3384,2599,2646,3386,2668,3398,4344,6408,3664,3738,6402,10747528,10814568,10742984,10651048,10811656,10653576,13117584,13226288,18616768,14431312,14323568,18617344,39750329,39895924,39715820,39629569,39893220,39660692,50080257,50286316,72981852,55696259,55595436,73103371,2.843415300012566,2.8922381000593305,2.8453424000181258,2.824476999929175,2.844819899997674,2.8514505999628454,3.79389380000066,3.777855799999088,5.022855399991386,3.9056788000743836,3.9538110999856144,5.164628500002436,,,,,,,,,,,,,3,4
4094,54,0.09433962264150944,0.6515151515151515,0.5909090909090909,43,66,39,0.4716981132075472,0.05660377358490566,0.22641683982702782,0.16981249158094935,3,53,2.126952676326754,4.125,0.37735849056603776,1678,2150,1685,2388,2174,2405,2305,2849,4385,2211,3027,4387,7013232,7084144,7014288,7123856,7087888,7126448,8766824,8849768,11235176,8391352,8518648,11234024,26078734,26198910,26074710,26256974,26205214,26267995,33673702,33813446,43742574,32143549,32354574,43693118,1.8260642000241205,1.8910774000687525,1.8436172000365332,1.8539171000011265,1.943449700018391,1.877513000043109,2.265872500021942,2.2846665000543,2.8386500999331474,2.449642499908805,2.4488577999873087,2.8658321000402793,,,,,,,,,,,,,1,1
4095,49,0.20833333333333334,0.7288135593220338,0.847457627118644,43,59,50,0.4791666666666667,0.08333333333333333,0.2083352581539657,0.22916922601871192,3,48,2.038161227857861,3.782051282051282,0.3541666666666667,1262,1460,1254,1322,1460,1330,2053,2341,4357,1951,1951,4351,3680656,3758992,3678032,3710928,3759504,3714064,5492296,5605192,8214760,5061240,5076600,8214120,13540364,13639724,13535900,13575868,13640236,13580796,21426308,21569636,32237921,19348860,19364220,32203692,0.9391223000129685,0.9632139999885112,0.9400746000465006,0.9535600000526756,0.9539121999405324,0.9403573999879882,1.4147633999818936,1.4148713999893516,2.1475685000186786,1.2538178999675438,1.3186566000804305,2.120576100074686,,,,,,,,,,,,,3,3
4114,55,0.16666666666666666,0.7931034482758621,0.7413793103448276,46,58,43,0.5185185185185185,0.037037037037037035,0.1851860561615063,0.22222393539009822,3,54,1.8040705277416724,3.8157894736842106,0.2037037037037037,2416,2436,2420,2636,2436,2632,3571,3403,7267,3484,3484,7268,9652752,9575472,9654864,9669968,9574768,9666736,12766840,12631096,17030008,12085584,12055312,17030584,35632188,35556529,35652140,35689196,35564201,35676428,49101736,48948069,66552152,46410196,46380267,66439648,2.578103500069119,2.6177618000656366,2.589045500033535,2.583271099952981,2.5739411000395194,2.59193930006586,3.658832999994047,3.6458921000594273,4.939332199981436,3.2447583000175655,3.3896247999509797,4.705699999933131,,,,,,,,,,,,,1,5
4126,100,0.16161616161616163,0.44537815126050423,0.44537815126050423,53,119,53,0.48484848484848486,0.1111111111111111,0.10101228058479275,0.09091096103304264,3,99,2.220949898445855,3.8636363636363638,0.31313131313131315,5368,8384,5361,7720,8435,7778,6397,9413,10869,6761,9413,10869,41661912,42344216,41657560,41951320,42350744,41964952,45601192,46310056,55776136,49523656,49863112,55776136,156702104,157700584,156639312,157180136,157687808,157232856,173260740,174286212,217747496,191604206,192221198,217747434,14.11034509993624,13.955492899985984,12.702627400052734,12.718164500081912,12.718347599962726,12.872137999976985,14.148209300008602,14.47696260001976,17.1078303999966,15.338617000030354,15.936508600017987,16.373862100066617,7.46783334761858,6.264933326747268,6.069766648579389,8.62776666569213,7.264366664458066,7.390116671255479,6.686299981083721,6.766399989525477,7.013783324509859,6.628783322715511,6.947799993213266,6.863733326705794,3,3
4131,105,0.11538461538461539,0.4444444444444444,0.4358974358974359,52,117,51,0.5096153846153846,0.08653846153846154,0.11538669074966143,0.15384793576847117,3,104,2.077175528819429,3.75,0.23076923076923078,3838,5720,3842,5956,5769,6001,5185,7345,9457,5097,7498,9458,26223768,26624664,26224920,26633112,26634456,26642520,32499208,32950792,41141128,31881096,32360904,41141704,98357240,98952376,98354608,98983259,98998536,99032864,125938460,126613300,162680232,123247758,123978830,162739218,7.356185699929483,8.365398699999787,8.305849399999715,8.538418999989517,7.682546800002456,7.64079740003217,9.974889300065115,9.920826700050384,11.796100200037472,9.592431299970485,9.981760299997404,11.154397399979644,,,,,,,,,,,,,1,1
4133,53,0.15384615384615385,0.6935483870967742,0.7258064516129032,43,62,45,0.38461538461538464,0.07692307692307693,0.07692632431952426,0.07692427485017106,3,52,1.8701587770560943,4.078947368421053,0.19230769230769232,1747,1948,1750,2012,1957,2018,2775,3003,5207,2381,2687,5203,6028000,6066176,6028992,6089984,6068320,6090880,8813688,8847736,11874056,7627848,7700744,11872136,22336035,22396187,22341488,22429403,22387715,22415947,34509851,34569464,46838899,29241675,29346899,46846002,1.5529267999809235,1.7269062999403104,1.6327197999926284,1.557974600000307,1.5519047999987379,1.5590942000271752,2.584148099995218,2.5715271000517532,3.196664600051008,1.9169179999735206,2.1351756000658497,3.138478699955158,,,,,,,,,,,,,1,1
4154,105,0.09615384615384616,0.425,0.44166666666666665,51,120,53,0.41346153846153844,0.07692307692307693,0.1538480819144752,0.1730800254467445,3,104,1.9860609556596973,3.9215686274509802,0.23076923076923078,4000,6821,4001,6362,6879,6419,5461,8425,10453,5201,8101,10451,32274920,32710184,32272744,32433000,32714184,32441640,37768744,38218024,48328072,38901720,39101720,48326920,120810379,121538203,120797948,121199908,121560140,121238316,144346103,145102679,189690375,151211069,151708853,189557433,9.362325699999928,9.701493400032632,9.401713900035247,9.754688299959525,10.229123599943705,9.794431200018153,10.983572900062427,11.268166100024246,13.95030099991709,12.30484469991643,12.339566300041042,13.461528799962252,,,,,,,,,,,,,1,3
4157,97,0.14583333333333334,0.48623853211009177,0.48623853211009177,53,109,53,0.4166666666666667,0.052083333333333336,0.11458605474763317,0.15625192606967175,3,96,2.0976320787494176,3.6824324324324325,0.34375,4455,6948,4454,6305,6993,6351,5825,8217,10245,5538,7743,10242,32740712,33023912,32741512,32968680,33029128,32974152,37356072,37640616,46057544,38797152,39052736,46055816,122747039,123291303,122770239,123192295,123262815,123141591,142342803,142877939,180522011,150249049,150736257,180322661,9.817473000031896,10.190520799951628,10.894769200007431,10.667524000047706,9.81976590002887,9.63927170005627,11.242618400021456,10.706533999997191,13.079226700006984,11.620236200047657,12.532553400029428,13.05888069991488,5.806000030133873,5.645999995370706,5.676366679836065,5.823133319305877,6.489033345133066,6.4535333270517485,6.0769166448153555,6.27441667408372,6.483083319229384,6.116700009442866,6.374266677691291,6.47038333894064,3,1
4162,50,0.1836734693877551,0.6521739130434783,0.6956521739130435,45,69,48,0.42857142857142855,0.14285714285714285,0.12245087363586134,0.10204240018786977,3,49,2.1947130956817626,4.3125,0.2857142857142857,2779,3158,2769,2898,3158,2908,3916,4366,7966,4269,4269,7965,11221336,11247640,11217368,11137592,11244504,11138392,15004960,15040960,22218280,15988712,15850728,22217704,41547512,41612544,41533597,41465536,41615264,41483661,58138180,58221137,88597396,62497695,62357984,88748427,2.9132821999955922,3.010870199999772,2.97037310001906,2.930900700041093,3.1058106999844313,3.194489400018938,4.348860500031151,4.150514999986626,6.072238300112076,4.591405699960887,4.717822700040415,6.136383199947886,,,,,,,,,,,,,3,4
4166,95,0.1595744680851064,0.53,0.5,53,100,50,0.5106382978723404,0.10638297872340426,0.1595765993499415,0.15957659303379107,3,94,2.05530892921239,3.8461538461538463,0.24468085106382978,4079,4664,4080,4910,4678,4923,4929,5501,9197,5773,6501,9205,21631352,21676568,21632536,21837016,21680088,21838072,24753864,24800328,32918152,27801384,27984424,32922760,80341329,80446252,80313713,80603321,80454940,80637540,94306329,94411937,128914721,107434779,107692379,129028323,6.0419394000200555,6.1427088000345975,6.422954399953596,6.27256720000878,7.549135399982333,7.984302000026219,7.563260199967772,7.516262199962512,9.275249600061215,8.817260000039823,8.935063799959607,10.215929799946025,,,,,,,,,,,,,1,1
4174,57,0.14285714285714285,0.5675675675675675,0.581081081081081,42,74,43,0.4107142857142857,0.05357142857142857,0.053573085901527,0.07142968592649725,3,56,1.8520475662770886,4.111111111111111,0.16071428571428573,2444,2952,2437,2728,2959,2742,3235,3823,6931,3445,3732,6930,10763368,10828072,10763080,10816936,10829416,10818568,13141816,13210360,18140152,13891976,13947080,18139576,40062883,40177206,40061342,40144891,40199918,40167526,50259391,50385858,71026690,53780005,53862902,70998201,2.854414400062524,2.852305999957025,2.862593499943614,2.8715942000271752,2.8993427000241354,2.9164859999436885,3.8664168000686914,3.602944100042805,4.934791399980895,3.865652299951762,4.167142300051637,5.07197950000409,,,,,,,,,,,,,3,3
4188,49,0.16666666666666666,0.7758620689655172,0.7758620689655172,45,58,45,0.375,0.08333333333333333,0.1250019260769477,0.04166955631808378,3,48,2.017226962994476,3.918918918918919,0.20833333333333334,2410,2372,2414,2458,2373,2455,3697,3565,7789,3521,3565,7789,8944120,8933816,8945528,8963192,8934296,8962264,12416968,12376136,18193288,11979784,12000904,18193288,33145100,33131145,33131900,33154812,33127508,33165857,48058584,48003576,71683497,46385632,46412056,71682700,3.3944063000380993,3.4969473000383005,2.438715000054799,2.4840757999336347,2.4291608000639826,2.6660227000247687,3.6176678999327123,3.4811678000260144,4.835630499990657,3.3019326999783516,3.7155102000106126,4.827340099960566,,,,,,,,,,,,,2,2
4193,57,0.17857142857142858,0.746268656716418,0.6716417910447762,50,67,45,0.5,0.07142857142857142,0.16071757362390468,0.14286015617627917,3,56,1.896276094448368,3.8953488372093026,0.19642857142857142,2620,2890,2615,2792,2891,2798,3653,3917,8317,4137,4184,8320,11146264,11156440,11144632,11118520,11154520,11118328,14101992,14093544,21351080,15599256,15509016,21352808,41304215,41341015,41302863,41292903,41321855,41276783,54037739,54055395,84163023,60972219,60886309,84261103,2.8535086000338197,3.261778000043705,3.2278729000827298,3.256338100065477,3.274148799944669,3.2572415999602526,3.864830799982883,3.686938500031829,5.421870399964973,4.363907900056802,4.229591600014828,5.76254530006554,3.8838166704711816,4.075766657479107,3.890233327789853,3.9840666577219963,4.053866645942132,4.200983326882124,4.518616653513163,4.638599988538772,5.3466000050927205,4.7353999883246916,4.753033339511603,6.365900024926911,3,6
4199,104,0.1650485436893204,0.45614035087719296,0.4649122807017544,52,114,53,0.4174757281553398,0.0970873786407767,0.09708917902746392,0.12621627742587363,3,103,2.1642128282939477,3.75,0.30097087378640774,5079,7853,5073,7357,7902,7412,6241,9101,10661,6427,8926,10660,38532144,39127344,38528688,38839600,39133936,38851696,43571112,44200104,53049256,45612880,45949072,53048680,144661220,145545948,144682532,145232516,145532428,145199548,166490900,167418356,207705528,176237626,176835250,207630546,11.259691699990071,12.214650500100106,11.369932100060396,11.385774899972603,11.72429020004347,12.00283849996049,14.136662499979138,13.796023499919102,15.83043489989359,16.00919969996903,15.641014600056224,16.705821699928492,,,,,,,,,,,,,3,3
4204,100,0.18181818181818182,0.5204081632653061,0.5408163265306123,51,98,53,0.5454545454545454,0.08080808080808081,0.18182036437263543,0.10101244010906102,3,99,2.1360241081538653,3.5,0.2828282828282828,4698,5980,4688,5492,5997,5519,5929,7333,10453,6201,7051,10451,27313624,27498264,27312664,27488664,27502264,27492856,32582472,32800456,41984072,34107720,34307720,41982920,102340760,102658680,102318011,102577920,102625792,102566224,125407396,125771396,165574220,132001314,132289234,165455934,7.6311121000908315,8.076610799995251,7.828080800012685,7.805116499890573,8.724331000004895,8.870893099927343,10.115499199950136,9.492456500069238,11.675608200021088,9.603580700000748,9.747670500073582,11.422057999996468,,,,,,,,,,,,,3,3
4221,53,0.15384615384615385,0.8035714285714286,0.7678571428571429,45,56,43,0.3076923076923077,0.07692307692307693,0.11538581901158278,0.07692515400972647,3,52,2.085905065010105,3.68421052631579,0.3076923076923077,2472,2636,2468,2620,2636,2624,3403,3571,7435,3741,3741,7437,9953840,9971184,9951024,9909168,9968752,9909872,12683512,12713080,18312520,13393064,13286056,18313672,36792559,36828511,36790396,36764063,36811295,36750143,48732856,48780763,71635300,51436931,51330427,71693750,2.619989899918437,2.633220399962738,2.629033699980937,2.68577980005648,2.69493869994767,2.671228599967435,3.5350284999003634,3.5257958000293,5.0053315999684855,3.4581835999852046,3.953869999968447,4.941485400078818,,,,,,,,,,,,,3,4
4222,95,0.11702127659574468,0.5048543689320388,0.5048543689320388,52,103,52,0.3723404255319149,0.06382978723404255,0.1808536789067922,0.0957474633258708,3,94,2.1280091766621845,3.731884057971014,0.32978723404255317,3952,5173,3948,5161,5200,5192,5146,6665,9262,5124,6393,9260,23531816,23701448,23530760,23717864,23705000,23722184,28903464,29115144,35992392,27798952,27965896,35991240,87881681,88173484,87897865,88207649,88138913,88154756,111425761,111791385,141469405,106683879,106979247,141364431,6.525074900011532,7.324252700083889,7.595589900040068,7.746302800020203,6.685996700078249,6.679007300059311,8.558731600060128,7.924984300043434,10.220533000072464,8.020057399990037,8.345518999965861,10.127031899988651,,,,,,,,,,,,,3,3
4223,97,0.13541666666666666,0.4811320754716981,0.46226415094339623,51,106,49,0.4895833333333333,0.11458333333333333,0.09375287788861897,0.17708620996563695,3,96,2.1219271456013336,3.8129496402877696,0.25,4719,5828,4723,6018,5855,6041,5809,6913,9649,5851,7201,9651,28720760,28871576,28722744,28974008,28877080,28977176,33083272,33235336,39733768,33377720,33652920,39734920,107089040,107355304,107170568,107555323,107432600,107551656,126109732,126376708,154525176,127421806,127837094,154643602,8.154770700028166,8.272319099982269,8.523322299937718,8.299680899945088,9.175031899940223,9.182639900012873,9.808509700000286,10.095776000060141,11.193835300044157,10.195449299993925,10.570727599901147,11.406142899999395,5.524400000770886,5.845216665572177,5.483700001301865,5.628550017718226,6.328199990093708,6.473383342381567,5.962799982323001,6.217333332945903,6.378216649560879,5.982566663684945,6.053166657996674,6.300750013906509,1,1
4249,57,0.125,0.7076923076923077,0.6923076923076923,46,65,45,0.44642857142857145,0.03571428571428571,0.12500247473612294,0.16071702761525689,3,56,2.007999881247334,3.693181818181818,0.3392857142857143,3034,3384,3036,3308,3388,3310,4086,4172,7440,4000,4172,7440,13715584,13780800,13716288,13836224,13782976,13836160,16307840,16305088,20748880,16655280,16748848,20748880,51044622,51145550,51034835,51180398,51158571,51201470,62109107,62113862,80501263,63973738,64083407,80500466,3.7482068999670446,4.1803067999426275,4.297228199895471,4.454498599981889,3.926640599966049,3.849511899985373,5.018375899991952,4.84924599993974,5.622472199960612,4.688215699978173,4.798832300002687,5.877690099994652,,,,,,,,,,,,,1,1
4251,99,0.08163265306122448,0.46153846153846156,0.4188034188034188,54,117,49,0.45918367346938777,0.12244897959183673,0.09183878141540881,0.1632675073152332,3,98,2.2203094904106004,4.006849315068493,0.30612244897959184,4784,6691,4789,6869,6737,6910,5905,7873,10225,6255,8693,10230,32664736,33052352,32666976,33138944,33063200,33147488,37607176,38017288,47737864,40448944,41023888,47736232,122183287,122771199,122185999,122876303,122851087,122953367,143613051,144229787,187852295,156847573,157678085,187774641,9.397034000023268,9.524542900035158,9.868141700048,10.06238040002063,10.5907065999927,10.705371099989861,11.863702000002377,10.848781600012444,13.523637100006454,12.090534900082275,11.622828699997626,13.259031699970365,,,,,,,,,,,,,1,1
4258,97,0.13541666666666666,0.5520833333333334,0.5520833333333334,53,96,53,0.4270833333333333,0.03125,0.14583589765243232,0.15625193101732293,3,96,1.959648259363779,3.4285714285714284,0.2708333333333333,4804,6534,4801,6432,6568,6469,5825,7749,10869,5981,7749,10869,33894864,34255248,33893712,34205520,34261680,34213296,37992968,38397320,45998472,38598248,38932712,45998472,127596574,128137694,127595062,128077358,128166190,128107446,145259346,145864658,179064966,147920660,148439924,179064968,9.95383250003215,10.045337000046857,10.154731300077401,10.146221700008027,10.6400954000419,11.14415619999636,13.767988799954765,13.065439599915408,15.892851099953987,12.541337699978612,14.086334599996917,15.241124799940735,,,,,,,,,,,,,3,3
4264,55,0.1111111111111111,0.6,0.6428571428571429,42,70,45,0.5185185185185185,0.037037037037037035,0.22222421795595437,0.1481495831653269,3,54,1.9613348367849288,3.888888888888889,0.25925925925925924,2438,3654,2433,3518,3686,3555,3521,5149,7261,3486,4798,7258,13314960,13474768,13315056,13512720,13480624,13517776,17736392,17958856,24343784,17170992,17411088,24342056,49669180,49955465,49644132,49954540,49929865,49953108,69141949,69532256,96760213,66496428,66873787,96840544,3.758078799932264,4.174213699996471,3.7006029000040144,3.7413068999303505,3.7896238999674097,3.6984004999976605,5.008148499997333,5.256511699990369,6.535249100066721,4.57908029993996,5.030235900077969,6.815244600060396,,,,,,,,,,,,,3,1
4276,56,0.12727272727272726,0.5972222222222222,0.6111111111111112,43,72,44,0.4909090909090909,0.03636363636363636,0.23636559689078818,0.18181903588331558,3,55,2.041127164147231,4.0,0.3090909090909091,2476,3312,2478,3482,3340,3508,3319,4411,7099,3235,4411,7099,13125504,13318464,13124224,13269760,13322560,13275520,16671160,16913080,21319720,15854008,16026040,21319720,49221890,49503983,49236994,49488319,49532018,49501586,64904899,65261851,83915110,61129977,61424090,83915909,4.11194059997797,4.1558389000128955,4.32081899989862,4.078419400029816,4.120579299982637,4.156193900038488,5.752809599973261,5.596253400086425,6.240854899981059,4.815668000024743,5.102690200088546,6.017931899987161,,,,,,,,,,,,,1,3
4345,60,0.1016949152542373,0.5581395348837209,0.5232558139534884,48,86,45,0.4406779661016949,0.0847457627118644,0.08474733577488716,0.1525449814132841,3,59,1.7951959335392167,4.387755102040816,0.11864406779661017,2374,3060,2384,3404,3090,3424,3917,4797,8317,3714,5124,8320,11426832,11585232,11426128,11552336,11588944,11556880,17174952,17374888,25983400,16460672,16635136,25985128,42478407,42706759,42480167,42710884,42731575,42733063,67597128,67886275,104801848,64968575,65287294,104707250,3.089813100057654,3.4635187999811023,3.519416099996306,3.5041778000304475,3.1943417000584304,3.2138662999495864,4.996840399922803,5.205459799966775,6.945278899976984,4.5113783000269905,4.803382700076327,7.187696099979803,,,,,,,,,,,,,1,3
4347,96,0.16842105263157894,0.5463917525773195,0.5051546391752577,53,97,49,0.3894736842105263,0.10526315789473684,0.16842380767737172,0.10526462677425068,3,95,2.1540890355327615,3.514492753623188,0.28421052631578947,4351,5670,4348,5476,5694,5503,5377,6673,9649,5751,6951,9651,26202984,26487464,26203656,26542888,26494536,26548968,29970952,30262792,38255368,32324920,32678520,38256520,98095793,98515065,98067308,98523809,98492945,98529345,114648113,115072337,149900597,125151815,125629447,149686031,7.379086000029929,8.4961146999849,8.333170700003393,8.404406200046651,7.60840589995496,7.62407100002747,9.303218699991703,9.234134599915706,11.276317999931052,9.331154000014067,10.157198800006881,11.174560999963433,5.101100017782301,5.555816654426356,5.334999994374812,5.33436667562152,5.747866661598285,5.810683321518202,5.607866662709664,5.679849981485556,6.161866670784851,5.7602499922116595,5.811883330655594,6.193533326343943,3,1
4348,100,0.21212121212121213,0.5,0.5612244897959183,49,98,55,0.46464646464646464,0.1111111111111111,0.15151733107808413,0.19192137207243254,3,99,2.1632893062345406,3.6296296296296298,0.2828282828282828,4022,5315,4021,5237,5344,5267,5721,7281,9621,5107,6441,9615,23244792,23558488,23243992,23432056,23563384,23439704,31083624,31481320,38379016,27903752,28128968,38375560,87091798,87542126,87114107,87424891,87575147,87438958,122196731,122758851,153190399,107224778,107585761,153181521,6.565737499971874,7.042649899958633,7.4202171000652015,7.269054000033066,8.07676620001439,7.872641599969938,10.56437629996799,10.387179399956949,11.36919619992841,7.826674100011587,7.76943330001086,10.920425200019963,,,,,,,,,,,,,3,3
4349,95,0.1276595744680851,0.5196078431372549,0.5,53,102,51,0.425531914893617,0.1276595744680851,0.11702324238734597,0.15957740781719776,3,94,2.16367560984909,3.5664335664335662,0.2553191489361702,3977,5065,3987,5673,5101,5699,5601,6901,10451,5305,7177,10453,24697016,25028600,24694424,24875288,25032632,24883736,32266520,32688920,41005320,29963752,30173416,41006472,92726609,93172545,92785710,93139070,93170110,93079697,126267662,126826446,163564894,116217952,116618785,163683312,7.29945230006706,8.120425599976443,7.931489799986593,7.936466199927963,7.291885399958119,7.166582200094126,9.833226699964143,9.918602799996734,11.934691199916415,8.991810800042003,8.650046999915503,11.609863399993628,,,,,,,,,,,,,1,3
4366,93,0.17391304347826086,0.5154639175257731,0.5257731958762887,50,97,51,0.3804347826086957,0.09782608695652174,0.10869799434136518,0.1847844565105017,3,92,2.10706355147779,3.5925925925925926,0.25,3910,4410,3908,4268,4421,4281,5251,5901,9451,5030,5547,9448,19431888,19518288,19434224,19623664,19523728,19626096,24412920,24534520,31876520,23712208,23967888,31874792,72611082,72749039,72664455,72893226,72776823,72867855,94705107,94893123,126049583,91119430,91432277,125909169,6.045248399954289,6.769407099927776,6.9574152999557555,6.819170400034636,6.782120499992743,7.225297600030899,8.789252399932593,8.297361899982207,9.960009199916385,7.586927000083961,8.470480100018904,10.24914629990235,,,,,,,,,,,,,3,1
4367,57,0.23214285714285715,0.8305084745762712,0.8135593220338984,49,59,48,0.5178571428571429,0.10714285714285714,0.10714560647777814,0.21428872970864177,3,56,2.207772311369952,3.6419753086419755,0.32142857142857145,2207,2008,2216,2312,2009,2304,3481,3161,7081,3433,3477,7085,7037888,6982880,7040032,7050400,6983040,7048480,10687464,10610664,16173224,10216264,10223304,16171400,25989459,25913614,25977742,25998158,25914774,26011179,42057298,41947858,64644007,39558206,39569942,64612265,1.827325199963525,1.8748530999291688,1.8903425999451429,2.0984492000425234,1.842906599980779,1.8675869000144303,3.0436995000345632,3.3491897999774665,4.423525899997912,2.9280540000181645,2.8065271999221295,4.465480700018816,,,,,,,,,,,,,2,2
4372,58,0.14035087719298245,0.6818181818181818,0.6818181818181818,45,66,45,0.3684210526315789,0.07017543859649122,0.0526340061210488,0.263159784390346,3,57,2.115022571967053,3.7499999999999996,0.3157894736842105,3128,3348,3134,3488,3356,3490,4269,4357,7789,4005,4357,7789,14225728,14212352,14227072,14261440,14213024,14260448,17573416,17529768,22127240,16856040,16885608,22127240,52988942,52999262,52991581,53062910,53034293,53094862,67922021,67887662,86538345,64405098,64472867,86537554,3.8112427999731153,4.284376900061034,3.824445500038564,3.8533647999865934,3.7935623000375926,3.841635899967514,5.164498100057244,5.179885799996555,6.00097320007626,4.501911700004712,4.359777699923143,5.612617600010708,4.325316656225671,4.489249996064852,4.551849987668295,4.388316650874913,4.877866653259844,4.727850027848035,4.846866669443746,4.97594999615103,6.116733343030016,4.701683336558442,4.822199989575893,5.351250001695007,1,2
4373,46,0.2222222222222222,0.6610169491525424,0.6779661016949152,39,59,40,0.3111111111111111,0.13333333333333333,0.2222229269488404,0.15555829213311276,3,45,2.1355610591543757,3.8815789473684212,0.3111111111111111,1477,1996,1459,1526,1998,1546,2302,3082,4876,2388,2450,4868,4600840,4707816,4598216,4641448,4709928,4645672,6829168,6993904,11033056,7099856,7165328,11031648,17022455,17182847,17026903,17077327,17190351,17079759,26716899,26962243,44196243,27795991,27868983,44205651,1.074621699983254,1.1293457000283524,1.1020728999283165,1.091122500016354,1.0978629000019282,1.091041799983941,1.6343109000008553,1.63779649999924,2.5847261999733746,1.6895223000319675,1.8622867000522092,2.622679300024174,3.578616655431688,3.582433331757784,3.8354166705782213,3.6077999975532293,3.7708833503226438,3.879183321259916,4.121549990183364,4.1068666614592075,4.455133341252804,3.853116669536879,3.9850999989236393,4.7694999957457185,3,3
4379,98,0.1134020618556701,0.5188679245283019,0.5094339622641509,55,106,54,0.5773195876288659,0.10309278350515463,0.12371435184655807,0.1134049161937395,3,97,2.0592631975020543,3.8405797101449273,0.23711340206185566,4417,6320,4416,6240,6364,6285,5937,8322,11502,6103,8479,11503,30301448,30555944,30300776,30503912,30560680,30509512,37663688,37960488,51437752,38864632,39120376,51438424,113694911,114145127,113714119,114105223,114096967,114037871,146271771,146814403,205074687,151714117,152215245,205141201,8.869548399932683,9.849432600080036,10.151712900027633,9.976722399936989,9.062357799964957,9.127422799938358,12.027516299975105,11.552602299954742,15.340804300038144,12.330679000006057,12.531301399925724,14.431139899999835,5.529700002322595,6.179400021210313,6.231333323133488,5.853366669422637,6.738633324857801,6.486900014958034,6.355100000898044,6.573450033708165,7.020883320365101,7.0988666654254,6.46641666147237,6.991033325903118,3,3
4382,54,0.16981132075471697,0.7014925373134329,0.6716417910447762,47,67,45,0.4528301886792453,0.11320754716981132,0.09434223633241963,0.15094715589218122,3,53,2.0948695897292,3.8953488372093026,0.22641509433962265,2552,3148,2548,3082,3162,3100,3741,4533,8141,4095,4739,8143,11340112,11423440,11337808,11331856,11423120,11334352,15640936,15750760,24168136,16701464,16686744,24169288,41976213,42119848,41983528,42030709,42119480,42022376,61011389,61201888,96771409,65510212,65559324,96845411,3.105412199976854,3.080931599950418,3.0557693999726325,3.24828639999032,3.161581499967724,3.11407810007222,4.686445300001651,4.799508599913679,6.619319099932909,4.473688099998981,5.148810799932107,6.673579600057565,,,,,,,,,,,,,3,4
4392,53,0.11538461538461539,0.6470588235294118,0.7352941176470589,44,68,50,0.40384615384615385,0.11538461538461539,0.173078711274474,0.15384822748959637,3,52,2.1790978480634493,4.0476190476190474,0.2692307692307692,3010,3304,3004,3144,3306,3152,4558,4950,8478,4258,4344,8472,12088944,12236464,12085808,12113072,12236912,12117168,17583680,17784384,24453088,16221152,16240416,24449632,45101272,45280315,45107579,45149720,45262507,45124859,69534948,69777479,98522080,63201214,63228263,98501194,3.22768809995614,3.5570069999666885,3.3318041000748053,3.317405099980533,3.652506300015375,3.6373141000512987,5.265700299991295,5.257975099957548,6.578498599934392,4.368832999956794,4.510997400037013,6.681756000034511,,,,,,,,,,,,,3,3
4402,61,0.11666666666666667,0.6451612903225806,0.7096774193548387,40,62,44,0.36666666666666664,0.06666666666666667,0.18333463079761714,0.15000230976147577,3,60,1.995218672901761,3.604651162790698,0.2833333333333333,2696,3120,2689,2932,3126,2945,3699,4258,6752,3628,3862,6748,11142448,11218288,11139728,11141552,11217872,11143920,14457464,14559288,19165792,13955248,13939024,19167520,41365135,41483359,41343300,41367231,41464271,41371844,55772847,55931143,75412035,53658419,53664866,75284835,2.9949917000485584,3.0876195000018924,3.1454367000842467,3.034733699983917,3.1227612999500707,3.059988300083205,4.286303999950178,4.394192300038412,5.358710700063966,3.7166411000071093,3.9339268000330776,5.274940599920228,,,,,,,,,,,,,3,3
4403,94,0.16129032258064516,0.49523809523809526,0.45714285714285713,52,105,48,0.5161290322580645,0.10752688172043011,0.12903457759849488,0.19354955876065838,3,93,2.1507341512696727,3.6971830985915495,0.25806451612903225,3710,6074,3706,5514,6122,5566,4654,7098,9260,5048,7400,9262,26545632,27007264,26545184,26925344,27017248,26936032,29589840,30092176,39878704,33975552,34464768,39879856,99642594,100350487,99689327,100256463,100364783,100224658,112287203,113043355,157323003,133220225,133952993,157441293,7.474220400094055,8.00294080004096,7.634887299966067,7.723400900023989,7.714257500017993,7.730101500055753,8.393644600058906,8.740708100027405,11.31696780002676,9.905051000067033,10.981178599991836,12.061570399906486,,,,,,,,,,,,,3,3
4410,105,0.11538461538461539,0.5806451612903226,0.5591397849462365,54,93,52,0.4807692307692308,0.08653846153846154,0.09615694682892914,0.1730794340121345,3,104,2.149276244038381,3.3453237410071943,0.3076923076923077,905,1275,896,1027,1283,1044,1373,1849,2829,1451,1651,2826,2380216,2446776,2378520,2400376,2448056,2403672,3332136,3424424,5399208,3690160,3722160,5397960,8790604,8895313,8788436,8822860,8895180,8826196,12808304,12949104,21254412,14402880,14454624,21257116,0.5712931000161916,0.6728586999233812,0.6656849998980761,0.6457225000485778,0.622332000057213,0.586758799967356,0.8105113999918103,0.8098278000252321,1.2892255999613553,0.9195165000855923,0.9153445999836549,1.2332832999527454,,,,,,,,,,,,,3,3
4420,93,0.17391304347826086,0.4811320754716981,0.4811320754716981,51,106,51,0.43478260869565216,0.043478260869565216,0.1086978284874931,0.1521774148872203,3,92,1.8943411564873487,3.955223880597015,0.2608695652173913,4535,6086,4535,6102,6117,6133,5801,7351,9851,5685,7204,9850,29449504,29878272,29446976,29650304,29882368,29659360,34721320,35174120,41169720,33948504,34149208,41169144,110381176,110973088,110397384,110762528,110943992,110720568,133519304,134135128,160511152,130165178,130522770,160451922,8.303812500089407,9.424254000070505,9.317402000073344,9.350050400011241,8.899884000071324,9.117467899923213,10.549018600024283,11.03610759996809,11.814876599935815,9.881996000069194,10.241413400042802,11.699848800082691,,,,,,,,,,,,,1,3
4443,57,0.17857142857142858,0.6301369863013698,0.589041095890411,46,73,43,0.4107142857142857,0.07142857142857142,0.19642968059633859,0.12500302074477077,3,56,2.0336624835059225,3.9673913043478266,0.25,2878,3246,2880,3414,3256,3422,3823,4159,7603,4006,4456,7606,13391792,13448624,13393136,13533392,13451216,13534352,16382200,16422520,21600952,16702000,16818640,21602680,50044397,50133717,50051292,50247157,50122725,50224204,63079677,63156308,84733537,64522306,64685817,84658027,3.6791187999770045,3.7037898999406025,3.580234599998221,3.7252395999385044,3.620975200086832,3.680312899989076,4.698073500068858,4.431712900055572,5.656615200103261,4.787095900042914,4.834328799974173,5.962285100016743,4.069883318152279,4.231849995752175,4.123183335953702,4.114099991663049,4.304283337357144,4.398550003922234,4.704433338095744,4.712916658415149,5.268133323018749,5.314983349914352,4.805483331438154,5.376550000316153,1,1
4456,55,0.16666666666666666,0.7,0.6428571428571429,49,70,45,0.42592592592592593,0.14814814814814814,0.16666894717814607,0.1481507112297954,3,54,2.1616352791979883,4.2682926829268295,0.25925925925925924,2666,2742,2678,3062,2753,3061,4225,4181,8493,4033,4561,8497,10516008,10492200,10518888,10576488,10493768,10574600,15449800,15366728,23190280,15086344,15161608,23192584,39139349,39122885,39143690,39241093,39106845,39220733,60563437,60475277,93145738,59546773,59678356,93094508,2.9655821999767795,2.9189862000057474,2.834664099966176,2.8386372999520972,2.830530099919997,2.8691570000955835,4.50653140002396,4.2179780000587925,6.528453899896704,4.1127237000036985,4.641376300016418,6.3785385000519454,,,,,,,,,,,,,1,2
4463,54,0.1509433962264151,0.6451612903225806,0.6612903225806451,40,62,41,0.49056603773584906,0.03773584905660377,0.20754920544085215,0.05660639064527064,3,53,2.055990337396585,4.305555555555555,0.32075471698113206,2034,2578,2017,2142,2577,2158,2681,3321,5961,3109,3072,5958,8084488,8153992,8080936,8061512,8152424,8063688,9862504,9949544,14263144,10987352,10929336,14261704,30046203,30170187,30063232,30054347,30179459,30047659,37641331,37793592,55961647,42663159,42600278,55884151,2.0978767999913543,2.187754899961874,2.134031099965796,2.1612229000311345,2.163068199995905,2.107887899968773,2.672206199960783,2.682267300086096,3.6766296999994665,2.9991656000493094,3.0672834999859333,3.864978399942629,,,,,,,,,,,,,3,4
4469,55,0.16666666666666666,0.6875,0.671875,44,64,43,0.3888888888888889,0.1111111111111111,0.09259516558247721,0.18518718532545286,3,54,2.170397378351075,3.7209302325581395,0.2777777777777778,2427,2870,2426,2806,2881,2818,3487,3991,7267,3613,4086,7268,10340608,10372192,10341792,10410144,10374304,10410752,13569208,13594744,19890712,14205656,14296472,19891288,38297823,38375207,38288711,38397932,38359711,38390343,52505824,52582819,79032928,55389927,55530575,79065842,2.743278600042686,2.7840795000083745,2.8766149999573827,2.7981851000804454,2.7651042999932542,2.7587713999673724,3.752439299947582,3.8472632999764755,5.5353080999339,4.081861000042409,4.135673400014639,5.458627499989234,,,,,,,,,,,,,3,1
4490,55,0.12962962962962962,0.6923076923076923,0.6923076923076923,45,65,45,0.5,0.07407407407407407,0.09259571752045304,0.22222449942233247,3,54,1.9632564977293818,3.7790697674418605,0.18518518518518517,2604,2854,2609,3062,2865,3068,3917,4181,7789,3697,4181,7789,11182200,11113080,11184536,11210808,11113432,11208376,15498728,15391720,21321864,14447304,14462792,21321864,41480189,41436096,41492629,41565376,41439992,41557077,60372104,60293157,84250724,55656051,55721316,84251459,3.6160219000885263,3.613491400028579,4.484533399925567,3.489793000044301,3.5015713999746367,3.6412506999913603,5.479121100041084,5.152414200012572,7.052597700036131,4.093316599959508,4.304045199998654,6.004681300022639,,,,,,,,,,,,,1,2
4493,57,0.21428571428571427,0.6349206349206349,0.6507936507936508,40,63,41,0.4642857142857143,0.14285714285714285,0.12500220332211548,0.1428590715804603,3,56,2.0034251367211375,3.9873417721518987,0.25,2060,2549,2063,2669,2565,2682,3241,3761,6281,3043,3667,6280,8514272,8592064,8513856,8585888,8593568,8587968,12214184,12297384,16917544,11379376,11438032,16917064,31653923,31782971,31650416,31784571,31771899,31777955,48146152,48283147,67392768,44024611,44148027,67363706,2.30065220000688,2.326287900097668,2.320157599984668,2.583280299906619,2.3873364999890327,2.3745642999419942,3.522049800027162,3.502975600073114,4.781309099984355,3.065790700027719,3.422010999987833,4.776561900041997,,,,,,,,,,,,,1,3
4498,59,0.1896551724137931,0.734375,0.734375,47,64,47,0.5689655172413793,0.10344827586206896,0.1206928358638081,0.17241591532666492,3,58,2.0254757966165062,3.5555555555555554,0.20689655172413793,2060,2692,2050,2446,2702,2466,3196,4096,7426,3322,3732,7422,9152688,9281328,9149808,9188240,9282128,9192272,12617440,12798880,19435840,12663616,12696416,19433536,33935376,34129632,33926288,34005616,34132496,34017936,49374147,49648396,77564656,49433197,49507748,77600801,2.364553999970667,2.3976783000398427,2.343780199997127,2.3561240999260917,2.432316999998875,2.382097200024873,3.3559619000880048,3.543256300035864,4.885724699939601,3.21803310001269,3.409459499991499,5.023935399949551,3.821483328162382,4.041333333589137,3.870449979634335,3.8303333373429878,3.9924666828786335,3.9797166634040573,4.5400333280364675,4.51721668165798,5.352683326539894,4.679350007791072,4.4602666748687625,5.313683340015511,3,3
4499,97,0.125,0.5252525252525253,0.5353535353535354,52,99,53,0.3854166666666667,0.19791666666666666,0.1666685939708259,0.12500224334507948,3,96,2.2668042137649715,3.613138686131387,0.28125,5157,6072,5167,6532,6102,6552,6551,7551,10251,6172,7702,10252,30448808,30692104,30451848,30870504,30701320,30876200,37183320,37468120,43991320,35259472,35729488,43991896,114522062,114859606,114510830,115072982,114794854,115018454,143778026,144165938,173906174,136007572,136638180,173590952,8.816412799991667,8.96271400002297,9.586971399956383,9.474071500007994,10.122380700078793,10.033555899979547,12.97482130001299,11.783544599893503,13.750941599952057,11.96805319993291,11.57626490003895,13.46805389993824,,,,,,,,,,,,,1,1
4511,60,0.1016949152542373,0.5942028985507246,0.6811594202898551,41,69,47,0.559322033898305,0.06779661016949153,0.16949542101188483,0.13559685932803836,3,59,1.9120467700961012,3.8764044943820224,0.22033898305084745,2721,3331,2712,3053,3338,3069,3865,4601,7407,3721,4001,7401,12311696,12383600,12309872,12316560,12383376,12318192,16217912,16292984,21396040,15386664,15377704,21396904,45583028,45716247,45611935,45652044,45726159,45632484,62616315,62766587,83819968,58772831,58790942,83793131,3.279001299990341,3.424273999989964,3.7124364000046626,3.7115902000805363,3.4052272000117227,3.385655099991709,4.318375400034711,4.972063199966215,5.731868200004101,4.025724099949002,4.194453399977647,5.760419499943964,,,,,,,,,,,,,3,3
4522,99,0.14285714285714285,0.4434782608695652,0.46956521739130436,51,115,54,0.3979591836734694,0.08163265306122448,0.14285980630666018,0.12245195686855183,3,98,2.036886371089639,3.859060402684564,0.2653061224489796,4097,5902,4093,5853,5937,5892,5565,7593,10453,5551,7301,10451,28143896,28388504,28142520,28367288,28392856,28372824,34724040,35011912,43502472,33681720,33899320,43501320,105175146,105607642,105203997,105613442,105602978,105578866,134237574,134736390,171653130,129780369,130181816,171534804,8.188894400023855,9.32882840000093,8.986626900034025,9.050394400022924,8.180016999947838,8.22763139999006,10.970961500075646,10.543253800016828,12.41674790007528,9.735378099954687,10.4708135999972,12.51573039998766,,,,,,,,,,,,,3,3
4536,98,0.20618556701030927,0.5392156862745098,0.5196078431372549,55,102,53,0.4742268041237113,0.09278350515463918,0.1443322805481358,0.1649502098617941,3,97,2.0500439103466777,3.75,0.21649484536082475,5209,6030,5216,6384,6053,6400,6351,7151,10851,6481,7723,10855,32001632,32082272,32003744,32240736,32086912,32242624,36356120,36450520,44162920,37087816,37338376,44160520,119807838,119973814,119846150,120205318,120016366,120208934,138755510,138933110,172004526,141990440,142370704,171862128,10.118460000026971,9.909803100046702,10.472565499949269,10.12874890002422,10.118223100085743,10.406130000017583,11.056864900048822,11.053394599934109,12.850540300016291,11.19372390001081,11.323578399955295,12.839878199971281,,,,,,,,,,,,,1,1
4538,46,0.13333333333333333,0.625,0.671875,40,64,43,0.5555555555555556,0.13333333333333333,0.044446509486685194,0.11111215098450582,3,45,2.13351384422994,4.0,0.2222222222222222,2168,2544,2164,2408,2553,2421,3277,3823,6595,3199,3550,6592,8215000,8239064,8213336,8182232,8237752,8182840,11644264,11669800,17304856,11422744,11371576,17307064,30411795,30474467,30408216,30400163,30459563,30390027,45348696,45429771,68652287,44249046,44232175,68569286,2.253345200093463,2.1796773000387475,2.161468300037086,2.1726643999572843,2.2076096000382677,2.1784877999452874,3.2017412000568584,3.1051844999892637,4.623006800073199,3.0105619999812916,3.3906973999692127,4.628242099890485,3.666216662774483,3.8187333460276327,3.7754833271416524,3.700666672860583,3.9399833573649325,3.8912166686107716,4.228583323614051,4.312916658818722,4.725500009953976,4.283116684140016,4.588083325264354,4.855933366343379,3,4
4540,48,0.1276595744680851,0.7241379310344828,0.7413793103448276,42,58,43,0.40425531914893614,0.06382978723404255,0.14893813726016658,0.042556457162061904,3,47,2.139620905634703,3.717948717948718,0.3829787234042553,2341,2622,2342,2636,2630,2643,3193,3459,6271,3404,3732,6274,9074648,9088952,9075960,9155448,9091064,9155736,11473384,11484328,16362616,12312000,12398592,16360504,33791778,33834330,33783514,33895527,33833434,33901346,44264562,44303039,64611654,47745525,47866646,64695486,2.4020639999071136,2.455806800047867,2.4339885000372306,2.5199011999648064,2.4372355999657884,2.4317744000582024,3.3986926999641582,3.414006400038488,4.358764700009488,3.544772000052035,3.613315699971281,4.203313300036825,,,,,,,,,,,,,1,1
4544,98,0.1134020618556701,0.46846846846846846,0.44144144144144143,52,111,49,0.44329896907216493,0.13402061855670103,0.09278682773913612,0.20618810243280508,3,97,2.118214566884565,3.75,0.20618556701030927,4439,5915,4439,5902,5949,5936,5569,7201,9457,5685,7351,9458,27138048,27431424,27141920,27654720,27443200,27661376,32232712,32552200,40332040,32987712,33564736,40332616,102073067,102522555,102144571,102813619,102576171,102794147,123869827,124361635,158727271,127380689,128135009,158786513,8.341391099966131,8.133293899940327,8.575829999987036,9.323228699970059,9.805406100000255,9.98608659999445,10.499597299960442,9.5684489000123,12.151162500027567,11.294617100036703,10.751387899974361,12.32778849999886,,,,,,,,,,,,,1,1
4564,93,0.09782608695652174,0.4857142857142857,0.5238095238095238,51,105,55,0.45652173913043476,0.11956521739130435,0.11956739692908266,0.13043729127030415,3,92,2.0642491427906924,3.5714285714285716,0.2391304347826087,4427,6473,4423,6131,6515,6177,6049,8533,10855,5801,7901,10851,30149896,30397480,30148648,30332776,30401256,30338184,37694776,37986808,48804520,36840920,37029720,48806920,112988043,113446251,113054384,113413360,113445872,113347616,146222588,146770844,194071696,142730494,143134774,193810578,9.236560999997891,9.39495669992175,9.390216299914755,9.201460300013423,10.106631999951787,10.858529800083488,12.135008799959905,12.410208699991927,14.471298399963416,10.523799100075848,10.762166100088507,13.457139300066046,5.771966651082039,5.984966643154621,5.7171166796858115,5.9645166620612144,6.927333325923731,6.976083367286871,6.537283324481298,6.729983356005202,7.221799984108657,6.232733333793779,6.51953334454447,6.944083317648619,3,3
4582,93,0.16304347826086957,0.5287356321839081,0.5632183908045977,46,87,49,0.33695652173913043,0.07608695652173914,0.08695887230113959,0.10869816084058308,3,92,2.0146408768730466,3.59504132231405,0.25,3637,4218,3638,4232,4230,4243,4785,5291,8327,4636,5176,8326,18571768,18662008,18572056,18658072,18663672,18659352,22374920,22433800,27500056,21810400,21885280,27499480,68860919,69007922,68898095,69044159,69025906,69024599,85597738,85707023,106883763,83072877,83201382,106842349,5.143146499991417,5.842228000052273,5.810740499990061,6.148393700015731,5.624502799939364,5.662066199933179,6.617153799976222,6.967740399995819,7.362551599973813,6.021102500031702,6.405879599973559,7.4104379999917,4.871233327624698,4.995933345829447,4.87506667074437,5.274099996313453,5.385750012161831,5.386566665644447,5.572916668218871,5.608383352713038,5.617900014234086,5.26884999514247,5.341350003921737,5.5876833309109015,1,1
4596,49,0.0625,0.5757575757575758,0.7121212121212122,38,66,47,0.5416666666666666,0.08333333333333333,0.18750162054493558,0.020835587216424756,3,48,1.9109666712043085,3.9285714285714284,0.16666666666666666,2520,2962,2503,2480,2959,2494,3451,4095,6855,3405,3294,6846,10507672,10513368,10504248,10400504,10509976,10401336,13132600,13170872,17573624,12627192,12501688,17572760,38757424,38807824,38769069,38661504,38812280,38657029,50287548,50391580,68336769,47827192,47690295,68366372,3.0153630999848247,2.9024082999676466,2.8818807000061497,3.0347502999939024,3.0581780000356957,2.842894300003536,3.662999500054866,3.918639399926178,4.675040400004946,3.6287069000536576,3.5279858000576496,4.700725700007752,3.898949983219306,3.8804166639844575,3.7200333123716214,5.712083308026195,4.344233350517849,3.9217500016093254,4.474399999404947,4.4831833414112525,4.799316656620552,4.307949993138512,4.397033325706919,4.933400001997749,4,4
4598,49,0.14583333333333334,0.5846153846153846,0.6307692307692307,38,65,41,0.5833333333333334,0.08333333333333333,0.1041692371800309,0.08333462735754438,3,48,2.1078096663908226,4.166666666666667,0.2916666666666667,2262,2822,2263,2808,2839,2824,3321,3961,5961,3035,3664,5958,9591432,9625960,9593768,9710856,9629960,9712040,12892904,12940264,16915304,11986056,12134056,16913864,35612984,35704459,35610387,35784507,35692696,35773115,49981703,50095908,66696047,46117562,46330587,66746391,2.611665999982506,2.587164100026712,2.5596725000068545,2.571351099992171,2.575485200039111,2.572683100006543,3.772577099967748,4.005616900045425,4.787712800083682,3.1676803999580443,3.3843140999088064,4.444955100072548,,,,,,,,,,,,,1,1
4607,59,0.1724137931034483,0.7083333333333334,0.5972222222222222,51,72,43,0.43103448275862066,0.034482758620689655,0.1551740119105269,0.05172810992145718,3,58,1.8602425320298235,4.0,0.20689655172413793,2712,3466,2700,3214,3477,3237,3361,4327,8443,4601,5151,8451,13214008,13225656,13212984,13230264,13224888,13230904,15498856,15525736,25073512,19935720,19897320,25078120,49139909,49227109,49118066,49185573,49218909,49201402,59103381,59228642,99323677,78404972,78420477,99423972,3.849711099988781,3.6223055000882596,3.6313730999827385,3.61591470008716,3.6452649999409914,3.6594569999724627,4.045736800064333,4.104044499923475,6.454957899986766,5.56764949997887,6.233245900017209,6.941528599942103,,,,,,,,,,,,,3,3
4630,96,0.17894736842105263,0.47572815533980584,0.5145631067961165,49,103,53,0.5578947368421052,0.14736842105263157,0.15789588135176977,0.20000162822390466,3,95,2.1295774488951458,3.901515151515152,0.25263157894736843,4318,6044,4308,5580,6075,5621,5617,7749,9621,5429,6855,9615,26893160,27457000,26889800,27256232,27466056,27269352,33040904,33723144,40771016,31666920,32083496,40767560,100902673,101649969,100880529,101381908,101624593,101380217,127895277,128803117,160709041,121581136,122149472,160698459,7.797433199943043,8.450098600005731,7.7220792000880465,7.823730499949306,8.62148019997403,9.155892400071025,10.254534400068223,10.58063119999133,11.3470718000317,9.400696699973196,9.293139099958353,11.247914900071919,,,,,,,,,,,,,3,3
4634,55,0.18518518518518517,0.6307692307692307,0.7230769230769231,41,65,47,0.5,0.07407407407407407,0.20370542127380353,0.24074245390430507,3,54,2.1330890859862133,3.869047619047619,0.3148148148148148,2653,3598,2638,3004,3609,3030,3466,4636,7066,3589,4018,7060,12903072,13023648,12898688,12844160,13021728,12847744,15536320,15697600,20955760,16130200,16055320,20956528,47931039,48148148,47969783,47950055,48166804,47931735,59368456,59648187,81801704,62071503,62038782,81770523,3.4764157000463456,3.577188100083731,3.6594895999878645,3.58871140005067,3.6002442999742925,3.682023399975151,4.059137300006114,4.198384099989198,5.559425399987958,4.64229509991128,4.520920000039041,5.584560099989176,,,,,,,,,,,,,3,4
4657,101,0.18,0.5257731958762887,0.5567010309278351,51,97,54,0.33,0.08,0.17000124106416478,0.10000231452286243,3,100,1.9994859312316096,3.415492957746479,0.24,4520,5852,4516,5452,5874,5478,6096,7474,10654,5951,7051,10651,26391264,26557152,26389248,26448576,26558880,26452032,32971280,33154448,42791544,33365720,33452120,42794520,98673738,98978106,98668623,98822903,98979559,98829127,127861895,128188375,170049535,129520913,129719313,169876649,7.663402099977247,8.13292690005619,7.507820900063962,7.742808400071226,8.50051959999837,8.375234099919908,10.127459099981934,10.130809399997815,12.045334399910644,9.5958056000527,10.537354300031438,12.387037999927998,5.582349995772044,5.405400006566197,5.513566662557423,6.7384333233349025,5.886483355425298,7.393550011329353,6.151233314691733,6.572483340278268,6.589683335429679,5.742116656620055,6.089483329560608,6.457583338487893,3,3
4665,98,0.12371134020618557,0.4444444444444444,0.42735042735042733,52,117,50,0.5567010309278351,0.13402061855670103,0.10309517144023911,0.18556939026811303,3,97,2.106913818965177,3.979591836734694,0.2268041237113402,3466,4816,3477,5420,4862,5455,5185,6865,9073,4560,6722,9072,21535936,21805120,21537728,21875072,21813120,21882176,29603848,29944840,36900232,25777200,26153200,36899656,80676886,81084899,80692763,81230710,81091939,81223915,116588435,117101078,147253007,99509978,100110937,147513257,6.940715000033379,6.258068300085142,6.153936599963345,6.312442200025544,6.555952699971385,6.34081269998569,9.187600700068288,8.92865759995766,10.793799900100566,7.152059199986979,7.573912700056098,10.241494200075977,5.671716663831224,5.718933360185474,5.235649994574487,7.506066681041072,6.050066673196852,6.694600005478908,6.41243332453693,6.025233325393249,6.31113334869345,5.877616660048564,6.132516680130114,6.555599994802226,1,1
4681,53,0.11538461538461539,0.6349206349206349,0.6507936507936508,40,63,41,0.5,0.09615384615384616,0.2115393660004394,0.17307958472520113,3,52,2.146229386868448,4.090909090909091,0.34615384615384615,2340,3004,2333,2791,3017,2811,3201,4001,6281,3394,3901,6280,10102208,10073856,10102496,10085024,10073088,10084032,12908904,12869224,18140584,13550272,13520320,18140104,37357717,37395941,37376557,37403517,37394573,37384418,49602285,49643373,71654594,52547317,52567692,71621149,2.7040053999517113,2.8310683999443427,2.6894648000597954,2.6851677000522614,2.7223712999839336,2.711339399917051,3.4961569000734016,3.927040099981241,4.999751700088382,3.9293366000056267,4.132272900082171,5.051618200028315,,,,,,,,,,,,,3,5
4697,97,0.14583333333333334,0.4791666666666667,0.5520833333333334,46,96,53,0.4479166666666667,0.041666666666666664,0.187502722015779,0.1250027257410693,3,96,1.9465888446644801,3.582089552238806,0.2604166666666667,4272,5856,4266,5624,5885,5659,5617,7437,9413,5131,6436,9406,27404312,27798552,27401528,27676632,27803992,27685240,33451912,33899528,38500072,30149080,30393880,38496040,102541623,103100647,102599671,103015143,103160463,103016642,128833903,129470975,149752171,114088286,114467942,149683989,7.71555530000478,9.143589799990878,9.165921599953435,8.848605599952862,8.101741099962965,8.13224349997472,10.498976800008677,10.15656749997288,10.537790399976075,8.722167600062676,9.798440600046888,11.083991799969226,,,,,,,,,,,,,3,3
4698,49,0.1875,0.6885245901639344,0.6721311475409836,42,61,41,0.4166666666666667,0.10416666666666667,0.16666796067147516,0.1250009773648344,3,48,1.956784226728402,4.121621621621621,0.20833333333333334,2132,2419,2129,2343,2423,2350,3081,3361,6601,3281,3445,6602,8291680,8327232,8290560,8292864,8326656,8293600,10841384,10870824,16082344,11477568,11453952,16079080,30510292,30576092,30493836,30519841,30572604,30532180,41691704,41751509,63329768,44410980,44405859,63220016,2.1873338000150397,2.1816320999059826,2.1671974000055343,2.172374500078149,2.1793448000680655,2.198277899995446,2.8902774999151006,2.9314108999678865,4.441991899977438,3.0128451000200585,3.4132357999915257,4.503307999926619,,,,,,,,,,,,,3,3
4711,53,0.057692307692307696,0.765625,0.703125,49,64,45,0.46153846153846156,0.11538461538461539,0.23077159782853693,0.19230947250840613,3,52,2.1811473812571327,3.7209302325581395,0.3076923076923077,2092,2830,2095,3052,2859,3078,3477,4621,7437,3193,4411,7435,9975704,10205144,9974200,10173784,10211192,10182040,15315688,15678952,22275784,13556776,13810792,22274632,37221856,37529989,37225192,37523888,37540293,37532000,60796860,61281113,90092656,53204123,53583740,90019519,2.693853099946864,2.7467849999666214,2.6624549999833107,2.7692296999739483,2.7480717999860644,2.7266717000165954,4.647751400014386,4.551750799990259,6.031094599980861,3.8047128000762314,3.976551700034179,6.098644699901342,,,,,,,,,,,,,1,3
4714,99,0.16326530612244897,0.5047619047619047,0.45714285714285713,53,105,48,0.5204081632653061,0.07142857142857142,0.10204301995690912,0.12245055739007586,3,98,2.0365952189874363,3.832116788321168,0.24489795918367346,3905,5220,3908,5428,5252,5457,4861,6166,9046,5251,6851,9051,24439464,24556296,24440904,24618696,24560040,24621000,27959560,28063240,35468440,29880120,30067320,35471320,91473115,91724096,91457888,91795360,91767395,91854096,106846804,107082844,139224240,115359670,115714806,139187322,6.782391999964602,8.05602799996268,7.869341899990104,7.844749999931082,7.069406199967489,7.277140900027007,8.47750429995358,8.489333999925293,10.258322400040925,8.810361700016074,9.27789219992701,10.798292199964635,,,,,,,,,,,,,1,1
4723,103,0.12745098039215685,0.49056603773584906,0.4339622641509434,52,106,46,0.39215686274509803,0.11764705882352941,0.19608054566197097,0.16666893404908478,3,102,2.162180053959177,3.6054421768707483,0.28431372549019607,1638,2190,1630,2006,2200,2024,2341,2989,5365,2702,3072,5366,6382928,6443280,6381648,6423504,6444496,6425552,8323912,8397640,12836872,9336560,9381552,12837352,23729452,23845116,23727292,23806204,23837772,23801297,32140388,32279460,50975724,36501764,36583244,50893812,1.6539725000038743,1.6736313999863341,1.7086428999900818,1.7682122000260279,1.9943502999376506,1.8026133999228477,2.3362564999843016,2.291542299906723,3.517055799951777,2.4722766000777483,2.6177653000922874,3.544831399922259,,,,,,,,,,,,,3,3
4728,94,0.13978494623655913,0.5252525252525253,0.48484848484848486,52,99,48,0.4946236559139785,0.06451612903225806,0.11828205860670536,0.15053995138394735,3,93,2.0635228332348126,3.837209302325581,0.2903225806451613,3894,5564,3896,5826,5606,5866,4983,6863,9636,5305,7447,9640,26763224,27052184,26764824,27211608,27061784,27218712,31152872,31486760,40028728,32297800,32787400,40031032,100501589,100962613,100502616,101148488,100933773,101117765,119487017,120014849,157000037,124613235,125323995,157236743,7.642267799936235,8.789676300017163,8.703992600087076,9.181144399917684,8.158040800015442,8.0926137000788,9.966425899998285,9.618422899977304,11.432529699988663,9.633009999990463,9.738301699981093,11.002142500015907,,,,,,,,,,,,,1,1
4732,57,0.07142857142857142,0.575,0.55,46,80,44,0.4642857142857143,0.03571428571428571,0.12500193508874094,0.10714533294334874,3,56,2.023886727216558,4.25531914893617,0.30357142857142855,2674,3830,2678,3906,3866,3938,3568,4880,7422,3736,5356,7426,15426336,15529888,15427552,15558336,15533760,15560960,18301280,18408864,25278496,19693600,19867840,25280800,57682659,57904368,57673427,57928723,57911032,57944723,70150456,70390939,99301524,76323782,76662503,99467470,4.173629499971867,4.2841689001070336,4.305631699971855,4.3465491000097245,4.484168900060467,4.336971900076605,5.127665599924512,5.130289799999446,6.908818700001575,5.7570347000146285,5.906012800056487,6.7466674000024796,,,,,,,,,,,,,1,1
4740,56,0.10909090909090909,0.6571428571428571,0.6428571428571429,46,70,45,0.45454545454545453,0.10909090909090909,0.12727413728663867,0.1818204187068411,3,55,2.1539844103806898,3.888888888888889,0.2727272727272727,2511,2982,2524,3612,3010,3627,4049,4709,7965,3556,4816,7966,12113352,12134760,12115176,12227688,12137384,12228168,18224264,18245384,24466984,15395200,15513280,24467560,45147811,45216792,45138811,45363224,45211051,45365715,71962024,72048875,97938468,59622278,59868607,97975574,3.2424284999724478,3.720559599925764,3.688914200058207,3.7333517998922616,3.5160584999248385,3.396815200103447,5.556806499953382,5.716458100010641,6.866636199993081,4.053326199995354,4.636110899969935,6.74500219989568,4.014766658656299,4.221666662488133,4.026733338832855,4.402733330304424,4.605450007754068,4.42066666437313,5.000383321506281,5.084300006274134,5.408399990604569,4.643933343080183,5.037200016280015,6.2583166679056985,1,1
4745,60,0.1694915254237288,0.65625,0.6875,42,64,44,0.4915254237288136,0.11864406779661017,0.11864641469792794,0.13559557025526034,3,59,2.1615983919523427,4.0,0.2542372881355932,2692,3094,2689,3112,3106,3127,3699,4344,7096,3650,4142,7094,11734816,11792864,11732992,11742272,11793088,11744416,15371128,15463320,20631232,14582416,14591600,20630080,43649226,43746573,43632677,43683482,43747693,43699829,59740738,59897557,81113794,55660197,55718204,81218077,3.6598299000179395,3.6402576999971643,3.6196125000715256,3.9541429999517277,3.662131000077352,3.661133300047368,4.594113899976946,4.576036700047553,5.517923699924722,3.891641299938783,4.256479999981821,5.564458800014108,4.332350004309167,4.390533315017819,4.227933338067184,4.403866652864963,4.58191668925186,4.53105002331237,4.812666661261271,4.956366649518411,5.402533318071316,4.8435166633377476,4.870799990991752,5.250999995041639,3,3
4758,99,0.1836734693877551,0.6190476190476191,0.5714285714285714,52,84,48,0.5,0.09183673469387756,0.1734715865221711,0.22449106411124597,3,98,2.0980447406251126,3.3333333333333335,0.2857142857142857,3446,4012,3459,4700,4039,4714,4602,5204,8472,4607,5930,8478,18600840,18659336,18603624,18796328,18663880,18797800,23110784,23174080,29304160,22486424,22709080,29307616,69383373,69500042,69395682,69717133,69482786,69687549,89127142,89251670,115259445,86519833,86881360,115282020,5.222538899979554,6.076799200032838,5.994995899964124,5.930500199901871,5.40249180002138,5.3717926000244915,7.007840999984182,6.997093499987386,8.258094600052573,6.676212199963629,6.744971900014207,8.185967900091782,,,,,,,,,,,,,1,1
4759,102,0.06930693069306931,0.4434782608695652,0.41739130434782606,51,115,48,0.45544554455445546,0.09900990099009901,0.15841782515140085,0.198022690811425,3,101,2.115828501513742,3.758169934640523,0.25742574257425743,4330,6694,4324,6413,6744,6469,5265,7897,9448,5901,8401,9451,29654904,30118200,29655864,30238776,30131896,30249688,34329696,34842560,45147592,38133320,38818120,45149320,111179852,111887113,111199873,112001649,111996265,112087953,132183425,132967361,179240537,149126203,150072539,179439891,8.389060199959204,8.657318399986252,8.53505380009301,8.586699299979955,9.929166699992493,9.625025999965146,10.658644699957222,10.29337349999696,13.180168199934997,10.970772100030445,12.135502599994652,13.915639400016516,5.914666670529793,6.0363833520871895,5.771533353254199,6.012466658527653,6.771800011241187,6.752000015694648,6.6697999912624555,6.285600014962256,6.771100005911042,6.329983317603667,6.770933337975293,6.592200001856933,3,1
4761,95,0.1595744680851064,0.5392156862745098,0.49019607843137253,55,102,50,0.425531914893617,0.13829787234042554,0.12766235567223122,0.23404500529942837,3,94,2.196518684736528,3.8059701492537314,0.3191489361702128,4133,5394,4135,5716,5426,5746,5312,6722,10200,5995,7723,10207,25090104,25361016,25087512,25248696,25363800,25255224,30568944,30875760,41513176,33158776,33309112,41512792,94048938,94449669,94030770,94355538,94445250,94369666,118529582,118982806,165804390,130038044,130367228,165502848,7.405240299995057,7.606600800063461,8.018383999937214,8.48221160005778,7.404156800010242,7.420614599948749,9.38363890000619,8.857609999948181,11.830628600087948,9.569354999926873,9.850432600011118,11.544321699999273,,,,,,,,,,,,,1,3
4767,60,0.06779661016949153,0.6142857142857143,0.6285714285714286,43,70,44,0.4915254237288136,0.1016949152542373,0.18644251063134584,0.1355950489908583,3,59,1.8216187468432614,4.022988505747127,0.1694915254237288,2198,3002,2197,2919,3025,2943,3355,4387,7268,3319,4285,7267,10967968,11041824,10966592,10996992,11043328,11000128,14413088,14547936,21263848,14467000,14530168,21263272,40592004,40750132,40598823,40703388,40756652,40705080,55660308,55903188,84092936,55953812,56118018,84234140,2.923479299992323,2.9765590999741107,2.9843943000305444,2.9772036999929696,3.292036599945277,3.32704639993608,4.2513768000062555,4.03384389996063,5.752159799914807,3.9253252999624237,4.231405800092034,5.9251367000397295,,,,,,,,,,,,,3,3
4771,54,0.09433962264150944,0.6885245901639344,0.6557377049180327,42,61,40,0.37735849056603776,0.24528301886792453,0.11320987743993272,0.09434109482527622,3,53,2.1735120147392473,3.8125,0.22641509433962265,2121,2212,2117,2160,2212,2164,3082,3238,6280,3321,3321,6281,6830360,6837240,6830488,6851256,6837432,6851512,9671488,9681472,14982664,10170344,10178024,14983144,25313099,25328723,25314962,25339635,25336435,25346419,37943807,37970134,59903863,39756523,39765212,59929695,1.6747449000831693,1.6489934999262914,1.6643155999481678,1.6958786000031978,1.6967551000416279,1.6886602999875322,2.582841999945231,2.6536664000013843,3.802996499929577,2.4991052000550553,2.7836959999985993,3.8258597999811172,4.045349992035578,4.004283342510462,4.16633333467568,4.098350026955207,4.189233315022041,4.3026833251739545,4.575933329761028,4.580266676687946,5.084383320839454,4.515833357193817,4.8330499945829315,5.10881666559726,3,1
4788,101,0.16,0.5048543689320388,0.5048543689320388,52,103,52,0.47,0.16,0.2000021553831175,0.1200020051910542,3,100,2.1552811637218006,3.6013986013986012,0.26,4840,6382,4848,6820,6424,6854,6376,8110,10456,5968,8110,10456,31915024,32267536,31919152,32508208,32279952,32515632,39585904,39964528,47284864,37050592,37683808,47284864,119735409,120248241,119760353,120554977,120266497,120547281,153932601,154491561,186833569,142658723,143515187,186833571,8.95805170002859,9.517642100108787,9.202764799934812,9.278037799987942,10.46923649997916,10.243804799974896,12.175868600024842,11.654319199966267,13.542066500056535,11.040417399955913,11.177680700086057,13.369429799960926,,,,,,,,,,,,,1,1
4791,61,0.13333333333333333,0.625,0.6,50,80,48,0.48333333333333334,0.08333333333333333,0.13333564309868962,0.1500033269985579,3,60,1.9068761899841296,4.347826086956522,0.16666666666666666,2708,3542,2708,3574,3565,3597,3781,4816,8866,4117,5244,8870,14491256,14526776,14493304,14624824,14530712,14625944,18391480,18441880,27244960,19847480,20040344,27247264,54019397,54140680,54041877,54264456,54160256,54260416,71123936,71282493,107930825,77574012,77886587,107868459,3.9531852999934927,4.004135499941185,4.000296999933198,4.0348379000788555,3.994911199901253,4.027734400006011,5.448042400064878,5.585673699970357,7.404039100045338,5.947577300015837,6.059415600029752,7.2707919999957085,,,,,,,,,,,,,1,1
4798,99,0.08163265306122448,0.45689655172413796,0.4396551724137931,53,116,51,0.4387755102040816,0.10204081632653061,0.18367535796501122,0.1122480297261583,3,98,2.044314601403128,4.055944055944056,0.21428571428571427,4333,6047,4337,6252,6089,6290,5701,7601,10051,5501,7601,10051,29593712,30034352,29591952,29939600,30041488,29949264,35572520,36055720,43469320,34399320,34756120,43469320,110955032,111574616,110989032,111532288,111629544,111554896,137345324,138026732,170520040,132168350,132740222,170519986,8.362073600059375,9.477614099974744,9.378070899983868,9.464476000051945,8.720725799910724,8.780195700004697,11.199083700077608,10.906339700100943,12.32162539998535,10.116395900025964,10.470314999925904,12.594971499987878,,,,,,,,,,,,,1,3
4799,50,0.061224489795918366,0.6290322580645161,0.7741935483870968,39,62,48,0.5918367346938775,0.04081632653061224,0.12245180177483328,0.10204208515375396,3,49,1.9018499360943524,3.9743589743589745,0.20408163265306123,2096,2694,2092,2474,2707,2491,3479,4278,7192,2965,3459,7183,8856712,8989128,8856648,8969480,8992936,8973160,13273320,13446280,18754648,11675240,11819944,18753880,33190550,33385206,33189894,33344667,33393918,33352702,52653047,52908466,75050526,45372465,45569330,74933781,2.529157100012526,2.3801497999811545,2.359552299953066,2.3742599000688642,2.4055452999891713,2.400761600001715,3.9782642999198288,3.7622230999404564,5.197639300022274,3.107732900069095,3.6507741999812424,5.21287669998128,,,,,,,,,,,,,3,3
4805,104,0.1553398058252427,0.5294117647058824,0.5196078431372549,54,102,53,0.4174757281553398,0.1262135922330097,0.08737999847095496,0.14563272019522716,3,103,2.155870443933547,3.591549295774648,0.2621359223300971,5030,6372,5028,6316,6400,6346,6293,7853,11077,6520,8004,11078,31493712,31860624,31492880,31837328,31868112,31845648,37350248,37782888,47548904,38410352,38807216,47544584,118266632,118775048,118265608,118745928,118768200,118740184,144155468,144752268,187899088,148926230,149479350,187960794,8.83630060008727,9.283972700010054,9.157958899973892,9.094822000013664,10.075934799970128,10.144575899932534,11.962097799987532,11.717656400054693,13.369389100000262,11.693603999912739,10.979839900042862,13.224832099978812,,,,,,,,,,,,,3,3
4810,50,0.12244897959183673,0.6461538461538462,0.6,42,65,39,0.42857142857142855,0.10204081632653061,0.28571616881527007,0.2448995333183937,3,49,1.8293126721651616,4.333333333333333,0.14285714285714285,1541,2135,1535,2054,2153,2078,2509,3421,5967,2809,3511,5968,5850048,5923200,5850304,5957440,5927776,5960576,9004904,9124072,15455176,9602224,9780688,15455656,21529492,21665268,21531281,21692556,21672740,21697548,35443796,35658708,62790336,38260712,38514063,62819464,1.5076733999885619,1.5187294000061229,1.50746909994632,1.527181199984625,1.5312845000298694,1.5471969000063837,2.473988899961114,2.4682574999751523,4.15955630003009,2.562179400003515,3.042581900022924,3.9991612000158057,3.610616666264832,3.6971333320252597,3.6945833320108554,3.797100003187855,3.781016663803409,3.9936166916353004,4.467533338659753,4.2711999849416316,5.044716662572076,4.527983313892037,4.517383330191175,5.07753334629039,3,1
4816,47,0.21739130434782608,0.75,0.8269230769230769,39,52,43,0.3695652173913043,0.06521739130434782,0.19565716391409058,0.17391472286038587,3,46,1.9251735116075492,3.7681159420289854,0.21739130434782608,2201,2436,2190,2013,2425,2013,3025,3025,6427,3155,2737,6423,8539096,8558072,8538680,8523384,8556664,8522552,9790552,9755608,13452616,10711256,10657752,13454248,31390237,31432072,31396728,31363344,31442389,31366096,36599144,36563400,51321956,40871468,40774812,51234027,2.43837650003843,2.4659985000034794,2.408434599987231,2.3130639999872074,2.307956099975854,2.289865000057034,2.797531699994579,2.762584500014782,3.466779400012456,2.877077699988149,3.104944400023669,3.4929815999930725,,,,,,,,,,,,,4,6
4833,50,0.12244897959183673,0.5555555555555556,0.6507936507936508,35,63,41,0.46938775510204084,0.1836734693877551,0.18367536462919445,0.16326812708427255,3,49,2.1500308077603156,3.8414634146341466,0.24489795918367346,2009,2390,2001,2152,2394,2164,2926,3394,5344,2823,2959,5339,7036440,7096312,7034776,7043192,7096248,7044856,9652768,9717664,13374616,9346072,9343896,13372216,25969677,26068008,25972224,25996568,26072904,25998845,37696260,37809444,53000501,36129444,36141692,52983976,1.7969508999958634,1.8060486000031233,1.9247819000156596,2.066183299990371,1.8761359000345692,1.820813399972394,2.646137100062333,2.7084406000794843,3.5765223000198603,2.4614503000630066,2.998641400015913,3.7604501999448985,,,,,,,,,,,,,3,3
4834,102,0.18811881188118812,0.45217391304347826,0.4782608695652174,52,115,55,0.5643564356435643,0.1485148514851485,0.20792292318269978,0.15841797975325347,3,101,2.046927380332399,4.166666666666666,0.16831683168316833,4092,6054,4081,5456,6090,5503,5725,8263,11071,5968,7804,11068,25383936,25541888,25382496,25501760,25545088,25506016,33688840,33918664,48347896,35302720,35465920,48350968,94880339,95239891,94841646,95101347,95211955,95111259,131569815,132061255,195248523,139725817,140076601,195053909,7.005398999899626,7.1694112999830395,7.166663200012408,7.180423300014809,8.134055100032128,7.983385799918324,10.381026500021107,10.357212299946696,13.64464059995953,10.68634499993641,10.526149100041948,13.974756799987517,,,,,,,,,,,,,3,3
4837,95,0.10638297872340426,0.45132743362831856,0.4336283185840708,51,113,49,0.4787234042553192,0.031914893617021274,0.15957756761580388,0.11702454540918165,3,94,1.9296413482338044,3.5759493670886076,0.30851063829787234,3905,6100,3912,6380,6156,6429,5137,7489,9265,4801,7489,9265,29782736,30082736,29784752,30212400,30092208,30219024,34895752,35213704,41168392,33356296,33810952,41168392,111873145,112398657,111803649,112485665,112331777,112487273,134105917,134665693,160198477,127294899,128026803,160198415,8.651653399923816,8.763954399968497,8.572739099967293,8.764494400005788,8.69851000001654,8.741500100004487,10.164095300016925,11.187884600018151,11.71303560002707,10.079406500095502,10.352609799942002,11.868044600007124,,,,,,,,,,,,,1,1
4852,100,0.12121212121212122,0.5204081632653061,0.5408163265306123,51,98,53,0.48484848484848486,0.10101010101010101,0.19192167492865614,0.1010119717314162,3,99,2.1550465300078328,3.450704225352113,0.2727272727272727,4496,5570,4501,5856,5601,5882,6189,7541,10453,5701,7251,10451,26468008,26743912,26470888,26909128,26753992,26915848,34776872,35126312,43232072,31810120,32314120,43230920,99010316,99395727,98969868,99549084,99399876,99592108,135830472,136319176,172035324,122614770,123280130,171917038,7.36599419999402,7.5215160000370815,7.570096499985084,7.5711832999950275,8.420186599949375,8.39279639988672,10.79779880004935,11.010517500108108,12.527589700068347,9.505817000055686,9.62256150005851,11.989663399988785,,,,,,,,,,,,,1,1
4854,97,0.13541666666666666,0.4107142857142857,0.49107142857142855,46,112,55,0.46875,0.052083333333333336,0.1666674887892441,0.0833360603210167,3,96,1.9800061268824978,3.7837837837837838,0.2604166666666667,4452,7576,4431,6166,7616,6227,5509,8803,9775,5536,7336,9766,34238976,34899264,34235648,34706336,34909888,34719104,37914664,38604136,45346360,38806000,39284080,45345400,128441714,129427522,128484794,129136562,129443906,129108450,144562970,145595746,175385786,148197012,148862956,175576340,10.962539299973287,11.454710399964824,10.990637199953198,11.377845100010745,10.603850899962708,10.206476900028065,11.938776700058952,12.419640199979767,13.194118700106628,11.831548199988902,12.085951199987903,12.903116000001319,,,,,,,,,,,,,3,3
4860,47,0.043478260869565216,0.98,0.74,49,50,37,0.5869565217391305,0.06521739130434782,0.15217592284771736,0.1521749341779429,3,46,2.087042721559811,3.787878787878788,0.30434782608695654,2334,1942,2360,2770,1952,2754,3231,2687,6563,3313,3793,6577,8352240,8334000,8356784,8476912,8336880,8475568,10818136,10772440,14995240,10720648,10858888,14998792,30991372,30932316,31019529,31182204,30956396,31179196,41754601,41651596,58520900,41174979,41363124,58504916,2.2080029000062495,2.2506174000445753,2.2136196000501513,2.262170400004834,2.2429701999062672,2.2612799999769777,3.2040781000396237,3.3455788999563083,3.9842901999363676,2.823146600043401,3.44049950002227,4.167909100069664,,,,,,,,,,,,,2,2
4861,93,0.13043478260869565,0.5684210526315789,0.5789473684210527,54,95,55,0.44565217391304346,0.10869565217391304,0.08695869676708042,0.09782876212494043,3,92,2.135081387628695,3.544776119402985,0.2391304347826087,4916,5844,4919,6064,5865,6082,6397,7333,11077,6361,7474,11078,29328328,29565896,29330216,29696264,29572904,29700936,35930024,36172968,44506280,35301160,35672584,44501960,109922946,110257367,109936815,110424463,110242039,110394919,139284735,139624639,175613979,136095381,136585141,175668325,8.876093999948353,9.483774999971502,9.193818800034933,9.782303299987689,10.351992800016887,10.119144700001925,12.009490399970673,11.853637599968351,13.53202349995263,11.16981420002412,11.73584680003114,14.304735799902119,,,,,,,,,,,,,1,1
4878,100,0.1111111111111111,0.5445544554455446,0.5346534653465347,55,101,54,0.3838383838383838,0.0707070707070707,0.19192167372922553,0.1313162302443137,3,99,1.9275939745449602,3.7686567164179103,0.25252525252525254,4981,6971,4976,6927,7004,6965,6149,8163,11502,6535,8317,11503,37256784,37811504,37254032,37594864,37817936,37605648,41660736,42232288,50270056,42724552,43071880,50270728,139858640,140619664,139802104,140348912,140574840,140361536,159016232,159796504,195201388,164000646,164536438,195268022,12.185466200113297,12.301718800095841,12.53780040005222,12.383661500061862,11.510861000046134,11.663913000025786,13.159306699992158,14.563942500040866,14.685773800010793,13.334091999917291,13.931919999886304,14.76928060001228,5.536383347741018,5.80943333140264,7.173333317041397,6.0658333435033756,6.486600012673686,6.671316669477771,6.066149993178745,7.0854333268168075,6.8186666661252575,6.2525666823300226,6.408983317669481,6.709733318227033,3,3
4884,48,0.0425531914893617,0.59375,0.671875,38,64,43,0.3829787234042553,0.10638297872340426,0.31915090191475254,0.08510835762036607,3,47,2.1654564672495424,4.102564102564103,0.2978723404255319,1674,2400,1662,2028,2416,2056,2521,3641,5321,2476,3004,5314,6678416,6784784,6675536,6693264,6786288,6697904,9339624,9525224,13906024,9109744,9159376,13902664,24737081,24918204,24722892,24778908,24905436,24780473,36031416,36333528,55150000,35386971,35491020,55194424,1.7073747999966145,1.72249230009038,1.695925600011833,1.722429700079374,1.7273126000072807,1.8084651000099257,2.6152816999237984,2.425260000047274,3.459449299960397,2.6344205000204965,2.502454800065607,3.5972132000606507,,,,,,,,,,,,,3,3
4885,94,0.12903225806451613,0.5045871559633027,0.4954128440366973,55,109,54,0.3978494623655914,0.053763440860215055,0.16129280298557733,0.13978759263221535,3,93,2.080275308405925,3.892857142857143,0.3225806451612903,4448,6878,4454,7502,6942,7560,5764,8722,11068,5779,9235,11071,36106352,36439664,36111728,36835696,36454768,36843376,43568800,43960480,53947096,42318904,43134520,53944024,135722968,136305944,135676928,136719800,136334136,136790632,168252452,168948692,212188872,162985214,164162462,212408770,11.401748399948701,12.549781300011091,12.10004650009796,12.44222940003965,11.893978199921548,11.36683409998659,13.65354309999384,13.861799000063911,15.54391319991555,13.16219820000697,12.607647099997848,14.925728700007312,,,,,,,,,,,,,1,1
4887,101,0.14,0.42857142857142855,0.40476190476190477,54,126,51,0.43,0.17,0.16000169466715305,0.1800024629337713,3,100,2.160450122706321,4.090909090909091,0.23,4142,5636,4151,6158,5684,6197,5851,7801,10651,5725,8269,10654,26000024,26324632,26004632,26596504,26338968,26605080,34959320,35388120,47098120,33924008,34683816,47095144,97449421,97928749,97405864,98208869,97897485,98218613,138133009,138763937,190197973,133158563,134184579,190392687,7.7055795000633225,7.510417400044389,7.463702199980617,7.473780599888414,8.431042299955152,8.347077100072056,11.53876439994201,10.958632599911653,14.027584900031798,10.342791800037958,11.023253299994394,15.042687400011346,,,,,,,,,,,,,1,1
4894,101,0.14,0.49019607843137253,0.5196078431372549,50,102,53,0.47,0.1,0.26000230439240113,0.1500021548010409,3,100,1.9831504884255104,3.642857142857143,0.19,3715,5462,3701,4820,5492,4864,5045,7333,9205,4885,6205,9197,22394440,22612264,22395464,22733416,22621352,22739560,28587624,28907112,36949640,27415336,27815208,36945032,83877545,84275249,83910892,84368297,84259361,84315201,111753904,112309520,147402505,106272767,106812311,147275235,6.134349299944006,7.113298499956727,6.742080299998634,7.0175634999759495,7.164718799991533,7.450669899932109,8.69715979998,8.721760499989614,10.685500599909574,8.124064999981783,8.345793200074695,10.731366900028661,,,,,,,,,,,,,3,1
4896,95,0.11702127659574468,0.4953271028037383,0.48598130841121495,53,107,52,0.35106382978723405,0.07446808510638298,0.20212930574904175,0.14893765281142785,3,94,2.039695211369204,3.933823529411765,0.24468085106382978,4188,6736,4174,6056,6778,6112,5152,8008,10252,5751,7851,10251,30961568,31609376,30959776,31507936,31622752,31522144,34924912,35649520,45501496,38095320,38764120,45500920,116719977,117634073,116765166,117513086,117680814,117512286,134097682,135120658,179609738,148509384,149400616,179543268,9.079043900012039,9.143934599938802,9.872112200013362,9.935207800008357,9.15909329999704,9.196279099909589,10.211385900038294,10.199149199994281,12.688419900019653,11.801289200084284,11.93373970000539,12.742930100066587,,,,,,,,,,,,,3,3
4902,98,0.20618556701030927,0.5483870967741935,0.5591397849462365,51,93,52,0.4329896907216495,0.10309278350515463,0.11340475888903608,0.1752598009830744,3,97,2.113222620640546,3.522727272727273,0.25773195876288657,4357,5270,4363,5506,5294,5524,5866,6784,10252,5451,6651,10251,26094024,26261032,26096808,26385256,26267048,26388104,32140720,32285968,39055096,30156120,30456920,39054520,97357739,97620419,97376078,97785323,97676131,97821427,123753463,123994951,152275539,114799225,115226033,152222965,7.352663500001654,8.51039569999557,8.300456900033168,8.374202199978754,7.610372500028461,7.579605499980971,9.773937699967064,9.880277399905026,10.605028599966317,9.031284200027585,9.809869899996556,11.060175199992955,,,,,,,,,,,,,1,1
4936,58,0.15789473684210525,0.7,0.7,49,70,49,0.5263157894736842,0.19298245614035087,0.14035277208313346,0.14035277208313346,3,57,2.2071727781865995,4.022988505747127,0.2807017543859649,2855,3258,2850,3088,3266,3101,4369,4993,9265,4609,4993,9265,11587232,11553920,11587008,11546176,11552640,11545248,17128840,17084296,27823624,18070792,18009352,27823624,42732080,42738587,42722715,42706728,42721051,42697299,67375452,67393703,112510788,71251810,71228947,112510854,3.136433699983172,3.1443658999633044,3.179573899949901,3.144884700071998,3.180823599919677,3.1816043000435457,5.245520199998282,4.9167797999689355,7.697231900063343,4.892223000060767,5.208727899938822,7.848286799970083,,,,,,,,,,,,,3,6
4940,51,0.18,0.6885245901639344,0.7377049180327869,42,61,45,0.38,0.08,0.12000337727367878,0.14000216252170503,3,50,2.108634573470573,3.8125,0.28,2776,2900,2781,2972,2905,2972,3907,3907,6763,3521,3721,6761,11086632,11177832,11085128,11104232,11178184,11106344,14272120,14360824,17989960,13250984,13265064,17992744,41307722,41414295,41317602,41356090,41396703,41329210,55290330,55381559,70733578,50768153,50801834,70828281,3.1268796999938786,2.945156199974008,2.94850099994801,3.0015384999569505,3.242867899942212,3.0749417999759316,4.298971700016409,4.271005499991588,5.068254000041634,3.502983500016853,3.6773206000216305,5.020122300018556,,,,,,,,,,,,,1,3
4966,53,0.19230769230769232,0.8653846153846154,0.9615384615384616,45,52,50,0.5384615384615384,0.15384615384615385,0.17307900242471638,0.09615679782851097,3,52,2.055984052136518,3.7142857142857144,0.23076923076923078,2607,2314,2592,1880,2288,1869,4019,3480,8478,4172,3054,8472,7397112,7262296,7394776,7191256,7254936,7186936,10679384,10467704,17474704,11524864,11208384,17471248,27041382,26874990,27054851,26775390,26879614,26768294,41336647,41067058,69138982,44906505,44471466,69267797,1.9393671000143513,1.9211646999465302,1.9328728000400588,1.928570199990645,2.0555083999643102,2.0258951000869274,2.9977614000672475,3.2452394000720233,4.897035900037736,3.1276307000080124,3.299688500002958,4.914504799991846,,,,,,,,,,,,,6,6
4968,105,0.18269230769230768,0.514018691588785,0.4953271028037383,55,107,53,0.4807692307692308,0.057692307692307696,0.10577101441539036,0.17307899728677092,3,104,2.0733053128711223,3.566666666666667,0.3269230769230769,4863,6528,4856,6217,6555,6251,5929,7697,11285,6535,7993,11287,32926824,33180200,32927144,33221288,33186600,33226504,36658024,36929256,47389576,39975736,40321336,47385832,123578993,124005961,123544329,123982641,124032737,124042561,139975141,140430717,185578865,154684407,155184327,185707235,10.67832459998317,10.90402230003383,10.930991099914536,10.887751899892464,9.717430799966678,9.799023300060071,11.469548799912445,11.256150700035505,13.729625000036322,11.575093299965374,11.707244500052184,13.370266500045545,,,,,,,,,,,,,3,1
4977,98,0.24742268041237114,0.6,0.5888888888888889,54,90,53,0.4845360824742268,0.10309278350515463,0.13402284183491445,0.1546404547029242,3,97,2.0809103909450077,3.71900826446281,0.27835051546391754,2274,2444,2275,2458,2450,2463,3527,3742,7440,3484,3742,7440,8430400,8510336,8430624,8508864,8512896,8511200,12088680,12189128,18530080,12020912,12130992,18530080,31359132,31457673,31362612,31461004,31469932,31471193,47377088,47500120,74150497,47165552,47304375,74149700,2.2807966999243945,2.2998751000268385,2.3041273000417277,2.296359800035134,2.2916836000513285,2.313245299970731,3.4419130999594927,3.620300699956715,5.41795200004708,3.2268914999440312,3.786824700073339,5.044449000037275,,,,,,,,,,,,,1,1
4999,100,0.12121212121212122,0.5047619047619047,0.49523809523809526,53,105,52,0.42424242424242425,0.1111111111111111,0.151518254039922,0.19192151900267962,3,99,2.095391320609639,3.8043478260869565,0.2727272727272727,4867,6325,4874,6647,6360,6675,5979,7351,10046,5866,7651,10048,32972768,33270848,32976352,33448960,33280544,33454816,37004144,37291088,42771640,36647896,37142392,42772792,123901656,124350520,123789120,124448072,124312208,124521544,140982128,141410832,165120256,139687890,140370042,165238610,9.573196800076403,10.64984949992504,11.184047699905932,10.736531800008379,9.826374100055546,9.80242800002452,11.52655039995443,12.019692500005476,12.272734700003639,11.161364700063132,11.228343899943866,12.15052869997453,,,,,,,,,,,,,1,1
5051,52,0.13725490196078433,0.671875,0.625,43,64,40,0.49019607843137253,0.13725490196078433,0.03921899734996259,0.1568648663815111,3,51,2.1345251675939196,4.0506329113924044,0.21568627450980393,2363,2431,2368,2620,2438,2622,3433,3511,6592,3487,3781,6595,8419880,8396968,8420168,8413896,8396488,8412936,11799016,11761576,17136712,11794120,11773960,17134504,31096287,31079599,31114007,31134427,31072455,31108487,46040627,46011207,68144031,45703449,45712923,68227767,2.2878178000682965,2.1823482000036165,2.25646130007226,2.2036521999398246,2.245307800010778,2.1706942999735475,3.506427999935113,3.7241866999538615,4.696765400003642,3.130177899962291,3.390110500040464,4.746005099965259,,,,,,,,,,,,,1,5
5057,95,0.2127659574468085,0.5882352941176471,0.6235294117647059,50,85,53,0.4148936170212766,0.09574468085106383,0.21276760172406015,0.1063856001338981,3,94,2.0888948692139784,3.5416666666666665,0.24468085106382978,4108,4924,4103,4686,4935,4702,5342,6126,9262,5359,5876,9260,21628152,21846584,21629208,21882680,21852024,21887064,26277456,26492272,33136672,26488216,26743896,33135520,80736439,81036746,80750727,81065175,81058295,81070618,100784363,101078451,130060227,102198554,102509097,130245013,6.3154565000440925,6.9692046999698505,6.611687600030564,6.69584040006157,6.952950799954124,6.8418163000606,7.582541999989189,7.217827199958265,8.996724700089544,7.464399699936621,7.680747600039467,9.15354520000983,,,,,,,,,,,,,3,1
5062,55,0.12962962962962962,0.5466666666666666,0.5333333333333333,41,75,40,0.4074074074074074,0.12962962962962962,0.12963078868213213,0.2592615408486583,3,54,2.0104131770947835,4.032258064516129,0.2777777777777778,1988,2737,2000,3067,2772,3090,3160,4057,6280,2761,4161,6281,10223064,10309944,10226520,10425528,10316952,10428632,13699096,13820152,18689224,12535464,12815784,18689704,37953404,38118689,37950444,38261124,38124681,38269244,53116420,53331369,73690368,48272112,48698792,73723080,2.7609742999775335,2.883732800022699,2.7659618000034243,2.7777228000340983,2.823362600058317,2.816067500039935,3.73269730003085,3.7567599000176415,5.152875000028871,3.3091985000064597,3.7590141999535263,5.033664399990812,,,,,,,,,,,,,1,1
5063,98,0.10309278350515463,0.5098039215686274,0.5,52,102,51,0.4639175257731959,0.10309278350515463,0.19587787964438885,0.09278526020082693,3,97,1.989601421918066,3.617021276595745,0.18556701030927836,3799,5396,3799,5460,5437,5501,5301,7351,9851,5195,7204,9850,23767152,24021648,23767696,24074704,24028624,24081136,31190120,31511720,41326520,30213528,30555352,41325944,89145831,89563743,89125722,89602983,89611783,89670663,122019847,122551959,165130051,117656341,118203925,165070877,6.694550100015476,7.521866900031455,7.430850500008091,8.126352800056338,7.797932800021954,8.06754550000187,10.001176899997517,10.547338500036858,12.503425600007176,9.10347680002451,9.593434999929741,12.098395200097002,,,,,,,,,,,,,1,1
5077,54,0.24528301886792453,0.6349206349206349,0.746031746031746,40,63,47,0.41509433962264153,0.16981132075471697,0.11320873033167478,0.1509454341095714,3,53,2.1693017935616297,4.038461538461538,0.22641509433962265,2302,2476,2296,2224,2472,2226,3727,3819,7223,3394,3238,7216,7864560,7904176,7863728,7861936,7903920,7862640,11757016,11789400,17230648,11090464,11080480,17230936,29136545,29194084,29119204,29110148,29173156,29106553,46068464,46111088,68759641,43232720,43207775,68710276,2.018643799936399,2.3040576999774203,2.0977925000479445,2.1055631999624893,2.0699546999530867,2.064612800022587,3.28278190002311,3.261494499980472,5.391541399993002,3.20898239989765,3.39651450002566,5.231580499908887,,,,,,,,,,,,,4,4
5080,95,0.18085106382978725,0.5909090909090909,0.5795454545454546,52,88,51,0.4574468085106383,0.0425531914893617,0.12766203354855882,0.12766170826681117,3,94,1.910876781189554,3.7288135593220337,0.23404255319148937,4184,5010,4185,4926,5024,4939,5501,6151,10251,5560,6274,10252,23668096,24034048,23668000,23977216,24040640,23984288,28080520,28434120,35994520,29117440,29453632,35995096,88868931,89323043,88868158,89257515,89337363,89272171,107904446,108328723,141237851,112418157,112830997,141290557,6.683303299942054,7.50617940002121,7.573465000023134,7.543197899940424,6.943592900061049,6.951267400057986,8.026747600059025,8.636548300040886,10.452561800018884,8.473778800107539,8.971880699973553,10.407974899979308,,,,,,,,,,,,,1,3
5088,59,0.10344827586206896,0.6857142857142857,0.6714285714285714,48,70,47,0.3275862068965517,0.13793103448275862,0.13793499621659003,0.13793289875370804,3,58,2.2030251861727113,3.535353535353535,0.3103448275862069,2729,2833,2732,2915,2834,2913,3871,3785,7440,3742,3785,7440,11226272,11252928,11225536,11222560,11252192,11222656,14358048,14362176,18781544,13955224,13923576,18781544,41668583,41707943,41666447,41682503,41706463,41684775,55202579,55199643,73440267,53673879,53647361,73440267,2.868070099968463,2.941527899936773,3.159392600064166,3.185939699993469,2.9716043999651447,3.2977066999301314,3.619016099954024,4.044402499916032,4.9363564000232145,3.6395619000541046,3.6407299999846146,5.128028400009498,4.3083833491740124,4.2769999903005855,4.445416678208858,4.267483328779538,4.411449985733877,4.407533347451438,4.913166650415708,4.8952000215649605,5.557750002481043,4.773750008704762,4.71903335225458,5.4513500072062016,1,4
5095,57,0.07142857142857142,0.5647058823529412,0.5764705882352941,48,85,49,0.44642857142857145,0.07142857142857142,0.1428590715804603,0.10714533082292681,3,56,1.9358487265936066,4.427083333333334,0.19642857142857142,2330,3641,2328,3451,3675,3487,3745,5473,9073,3761,5359,9072,13404688,13639216,13403472,13549360,13643760,13555952,18930568,19246984,29590792,19551392,19764960,29590216,50101737,50471094,50116009,50376198,50482822,50375745,74631974,75128161,119380429,77355570,77734679,119587047,3.6789745000423864,3.7824876999948174,3.7638336999807507,3.739886400057003,3.8130714000435546,3.7919157999567688,5.612094500102103,5.8142112999921665,8.326155899907462,5.389917699969374,5.9601049000630155,8.29288019996602,4.208783328067511,4.116300008414934,4.074550000950694,4.160866665188223,4.472533318524559,4.48111667841052,5.081333317017804,5.142966673399012,5.875733331777155,4.870766657404602,4.963116662111133,6.318716681562364,3,3
5099,97,0.14583333333333334,0.4716981132075472,0.4811320754716981,50,106,51,0.4479166666666667,0.0625,0.10416986553173047,0.1562514517136151,3,96,2.0563321076525156,3.6805555555555554,0.2708333333333333,2845,4070,2834,3616,4091,3648,4166,5734,8478,4129,5032,8472,14942752,15300160,14938880,15101120,15304768,15110432,20153632,20609920,28228832,19905048,20103192,28225376,56165055,56651620,56132215,56376796,56626207,56386020,79250419,79871496,113356624,77772111,78065174,113334850,4.093394999974407,4.643530800007284,4.636869600042701,4.940770299988799,4.282324000028893,4.589268399984576,5.897348299971782,6.18941089999862,8.086603000061586,5.443937600008212,6.088982500019483,7.664165499969386,4.37709999581178,4.687633326587577,4.4818666647188365,4.518766693460445,6.5964166618262725,4.7056833282113075,5.240916643136491,5.780800012871623,5.963216652162373,5.443366651888937,5.61405000432084,5.900349991861731,3,3
5114,52,0.0784313725490196,0.6323529411764706,0.6470588235294118,43,68,44,0.43137254901960786,0.0392156862745098,0.13725671358406544,0.1176506713964045,3,51,1.9197854798172977,4.146341463414634,0.2549019607843137,2298,2936,2302,3296,2962,3318,3240,4142,6930,3151,4243,6931,11653808,11675504,11654512,11734576,11677488,11735536,15470640,15510000,20095768,14137048,14220376,20096344,43388675,43474650,43360883,43541891,43458314,43552883,60247303,60378502,79147459,54206736,54400535,79180996,3.022036699927412,3.1435947999125347,3.092964700073935,3.1352469999110326,3.0932292999932542,3.2152240000432357,4.169893500045873,4.321612200001255,5.247890600003302,3.5901289000175893,4.096318099997006,5.438695500022732,3.884066672374805,4.020983333854626,3.9772666641511023,4.053183307405561,4.068200010806322,4.2751333288227515,4.548316646832973,4.645783318361889,5.288949992973357,4.477283335290849,4.37291666942959,5.507100004858027,1,1
5122,94,0.15053763440860216,0.5263157894736842,0.5263157894736842,50,95,50,0.3870967741935484,0.10752688172043011,0.12903408347178372,0.19355054126842128,3,93,2.002907625888959,3.7698412698412698,0.1827956989247312,2912,3532,2910,3476,3547,3493,4231,4996,7426,3937,4552,7422,13006888,13101992,13006056,13078760,13104200,13081736,17923480,18057400,23568640,16592072,16682600,23566336,48522930,48681127,48521842,48652095,48693370,48665290,70199623,70410258,93985755,64171373,64323070,94029517,3.520554800052196,3.831770599936135,3.6364297000691295,3.651652399916202,3.8153361999429762,3.658210900030099,5.3380859000608325,5.186978799989447,6.706695300061256,4.444235700066201,4.992951099993661,6.613833099952899,,,,,,,,,,,,,3,3
5145,49,0.0625,0.6212121212121212,0.6515151515151515,41,66,43,0.375,0.10416666666666667,0.08333526065689512,0.312501293970854,3,48,2.0928220035626537,3.9285714285714284,0.22916666666666666,1872,2408,1876,2512,2432,2532,3067,3907,6763,2761,3721,6761,8010192,8123728,8011088,8157776,8128976,8162128,12027640,12210424,17989960,10974824,11184744,17992744,29964127,30134031,29989167,30203115,30152335,30195663,47681119,47952723,72473963,43221233,43530635,72567931,2.096593900001608,2.177535400027409,2.130791599978693,2.1795389000326395,2.1905303000239655,2.17277050006669,3.6174460999900475,3.474482799996622,5.218981400015764,2.9411704000085592,3.2952714000130072,4.996652500005439,,,,,,,,,,,,,1,1
5152,52,0.11764705882352941,0.7413793103448276,0.8103448275862069,43,58,47,0.5098039215686274,0.11764705882352941,0.1372570162639022,0.1568654589354992,3,51,2.166168434023436,4.027777777777778,0.29411764705882354,2788,2800,2783,2634,2793,2632,4095,4003,7775,3949,3655,7771,10170520,10215256,10168312,10139608,10214008,10140504,13856824,13898040,19362472,13445224,13392808,19360168,37690078,37736014,37706662,37662947,37753398,37662926,54119215,54150066,77055339,52350626,52267466,77094285,2.679984200047329,2.690632599988021,2.70947400003206,2.8321078000590205,2.7103594000218436,2.7062175000319257,4.137648300034925,3.8399553999770433,5.417856900021434,3.5961904999567196,3.7512270999141037,5.198841699981131,,,,,,,,,,,,,6,4
5153,93,0.13043478260869565,0.5306122448979592,0.5612244897959183,52,98,55,0.5108695652173914,0.13043478260869565,0.13043679306334208,0.1413065228413831,3,92,2.166798678911476,3.740458015267176,0.2608695652173913,4114,5124,4102,4596,5137,4621,5407,6682,10048,5783,6420,10046,21078184,21335144,21075176,21218600,21338312,21224840,26681272,26999512,37434928,28574968,28730200,37433776,78961202,79321557,78969698,79163093,79323933,79157850,103822513,104272489,149863682,112104520,112325352,149758260,5.894534799968824,6.491403299965896,6.2353752999333665,6.383124899934046,6.163721499964595,6.043590600020252,7.622548900078982,7.863065599929541,10.339009299990721,8.041491299984045,8.85080170002766,11.140081299934536,,,,,,,,,,,,,3,3
5156,55,0.12962962962962962,0.6233766233766234,0.5064935064935064,48,77,39,0.5,0.14814814814814814,0.14815099489512956,0.2222230876925298,3,54,2.123757409448301,4.375,0.2777777777777778,2306,2912,2313,3172,2937,3190,3307,3991,7183,3761,4936,7192,10442360,10598328,10443160,10600536,10603256,10605400,13750040,13934872,21525752,15613544,15845160,21526520,39020643,39239075,39010160,39256163,39247755,39277368,53657867,53913323,86848163,62042314,62395395,86804138,2.83142439997755,2.8347087999572977,2.8785385999362916,2.84782880009152,2.836570500046946,2.9019324000691995,4.215627699973993,4.263186299940571,5.976378299994394,4.452732100035064,4.730180499958806,6.052052800077945,,,,,,,,,,,,,1,1
5166,56,0.18181818181818182,0.8214285714285714,0.75,46,56,42,0.5818181818181818,0.03636363636363636,0.21818461099808867,0.18182070153257388,3,55,1.8374036785828816,3.7837837837837838,0.18181818181818182,1844,1930,1845,2062,1934,2065,2591,2702,6106,2830,2994,6110,7396480,7291648,7397536,7362304,7289728,7358944,8868584,8744264,13043664,9209776,9131056,13042128,27078752,26981091,27079131,27065475,26976483,27060048,33302871,33189103,49782575,34709610,34646347,49765039,1.9754567000782117,2.0036097000120208,1.9554232999216765,1.9414502000436187,1.9461620999500155,1.9614608000265434,2.5188455999596044,2.741498999996111,3.2188914000289515,2.365676200017333,2.378069500089623,3.2682266000192612,3.777300027043869,3.3677666603277125,3.2589666661806405,3.3756333286873996,3.5086666660693786,3.4453333355486393,3.866733323472242,4.062516692404945,4.594066665352632,4.059016665754219,4.0878833387978375,4.617016665482272,1,5
5167,55,0.09259259259259259,0.6164383561643836,0.6575342465753424,45,73,48,0.4444444444444444,0.12962962962962962,0.11111396006567197,0.1481504242660271,3,54,2.025010485781941,4.244186046511628,0.16666666666666666,2190,2699,2190,2768,2717,2786,3681,4509,7775,3361,4117,7771,9138456,9283704,9139160,9331608,9289720,9337048,14495304,14745544,21696328,12909304,13161976,21694024,34201922,34399421,34182453,34436610,34391469,34446549,58000497,58336945,88367370,50921433,51253649,88410796,2.4754747999832034,2.510369800031185,2.49265149992425,2.516838200041093,2.5294852999504656,2.507336699985899,4.509438399923965,4.461456099990755,6.203267699922435,3.5366899999789894,3.8469756999984384,6.174381599994376,3.8908833521418273,4.08916666250055,3.998316669215759,4.077883340263118,4.360899988872309,4.288266645744443,4.735183320008218,4.9774000071920455,5.390849992788087,4.848399995050083,4.716633333979796,5.372683343011886,1,1
5172,99,0.09183673469387756,0.4732142857142857,0.4732142857142857,53,112,53,0.4489795918367347,0.10204081632653061,0.1428590302322326,0.13265510490734359,3,98,1.9956378521979017,3.6601307189542482,0.17346938775510204,3237,4697,3239,4523,4733,4557,5001,6701,9251,4509,6165,9247,18797704,18986728,18798216,19009128,18992584,19013640,25918520,26144120,35467720,24735640,25005016,35465416,70007960,70346699,70019184,70361656,70387531,70390344,101506184,101906435,141795496,95713955,96154298,141585490,5.5808928000042215,5.608005599933676,5.360216900007799,5.442145999986678,5.628108400036581,5.450158399995416,8.556140800006688,8.223423199960962,11.109723999979906,7.465485400054604,7.397510500042699,9.569100600085221,5.052516663757463,5.514049999571095,4.943599982652813,5.235800015119215,5.794650021319588,5.6099666592975455,6.4227000111714005,5.936583348860343,6.520816668247183,6.642566663989176,5.723433336243033,6.278583314269781,1,1
5186,92,0.15384615384615385,0.5494505494505495,0.5494505494505495,50,91,50,0.5274725274725275,0.08791208791208792,0.12088132501774274,0.13187016571800297,3,91,1.9884994552559978,3.7916666666666665,0.2087912087912088,4655,5323,4656,5237,5335,5248,5734,6273,9458,5569,6145,9457,26031224,26257688,26029624,26162328,26260312,26166680,29309576,29522824,34574920,29167240,29293192,34574344,97106992,97402456,97091496,97283824,97453280,97349419,110969864,111238688,133283972,110632486,110817558,133231358,8.357421000022441,7.824125400045887,8.244123199954629,8.308052300009876,8.453570600016974,8.468605500063859,8.708481100038625,9.100911399931647,9.584752900060266,8.184466000064276,8.401496800011955,9.48370129999239,,,,,,,,,,,,,1,3
5193,100,0.15151515151515152,0.43103448275862066,0.4482758620689655,50,116,52,0.5050505050505051,0.09090909090909091,0.1717190454206006,0.13131577266154415,3,99,2.160958846205294,3.8410596026490067,0.29292929292929293,3991,6400,3988,6124,6452,6179,5195,7890,9654,5342,7890,9654,29202200,29603192,29200344,29444536,29609432,29453784,34254264,34707416,44303184,35792864,36098624,44303184,109154689,109806937,109134873,109601497,109841465,109657329,131377657,132111857,174149733,138148791,138719831,174149735,8.106761200004257,9.338256699964404,9.167299399967305,9.277852899977006,8.413432999979705,8.542129799956456,10.335122099961154,10.075535500072874,12.452453800011426,10.713778299978003,10.4492841999745,12.517286900081672,,,,,,,,,,,,,3,3
5202,103,0.12745098039215685,0.4854368932038835,0.5145631067961165,50,103,53,0.49019607843137253,0.10784313725490197,0.16666773380711675,0.19608099386096,3,102,1.9525305993838353,3.7050359712230216,0.21568627450980393,312,332,317,410,339,412,529,561,1297,561,701,1301,497384,503144,498824,525608,505160,526184,771944,781160,1344744,784296,824616,1344936,1823269,1831253,1826237,1862981,1835085,1863797,2964457,2977193,5138341,3005273,3060441,5135109,0.122817000024952,0.12254110001958907,0.13597579998895526,0.12815390003379434,0.1238018999574706,0.12456429994199425,0.1848887000232935,0.18387469998560846,0.2896773999091238,0.1930280999513343,0.18883280002046376,0.2884106000419706,,,,,,,,,,,,,1,1
5205,96,0.14736842105263157,0.5053763440860215,0.5698924731182796,47,93,53,0.6,0.12631578947368421,0.115793507423644,0.1578974900154495,3,95,2.0118798997439735,3.6328125,0.16842105263157894,3834,4453,3823,4001,4456,4015,5101,5801,9051,5086,5221,9046,18577672,18673128,18572136,18432744,18668808,18434472,23030520,23116920,30197320,23063560,22869160,30194440,68597804,68755191,68599532,68476567,68743023,68463844,88098555,88256864,118037916,88417090,88234619,118068118,5.756863999995403,5.2888209000229836,5.1924903999315575,5.20549469999969,5.815227799932472,5.83998349995818,6.776574800023809,6.840452400036156,8.150749699911103,6.612176400027238,7.304791299975477,8.712319300044328,,,,,,,,,,,,,3,4
5228,97,0.08333333333333333,0.5,0.5192307692307693,52,104,54,0.4791666666666667,0.14583333333333334,0.22916859581164317,0.16666970348160248,3,96,2.005047096170471,3.7956204379562046,0.1875,4275,6125,4269,5621,6159,5661,5725,7845,10654,5701,7401,10651,28043576,28335256,28043160,28244760,28341016,28250936,34021104,34348432,44975144,34969720,35257720,44978120,104873824,105356952,104914947,105258888,105381592,105241088,131059020,131605868,177876660,135821106,136286890,178078302,7.941977799986489,8.943697100039572,8.874023799900897,9.256426400039345,8.21846640005242,8.385100099956617,10.506516800029203,9.829834700096399,12.460920899990015,9.943061899975874,11.033399100066163,13.245249500032514,,,,,,,,,,,,,3,3
5241,91,0.14444444444444443,0.5670103092783505,0.5360824742268041,55,97,52,0.4777777777777778,0.16666666666666666,0.06666973904551317,0.16666821778441468,3,90,2.1622385640256967,3.7890625,0.23333333333333334,4533,5032,4544,5484,5054,5495,6223,6784,10660,5773,6917,10661,24684440,24786008,24684312,24796632,24788376,24798744,31996696,32104408,40531240,29921320,30044456,40531816,92096269,92249282,92124114,92331602,92316834,92371274,124540126,124705022,160691210,114959135,115199384,160404300,7.888303100015037,7.813819800037891,8.913371999980882,9.608583500026725,9.176929599954747,9.21162469999399,10.919173300033435,11.00789329991676,12.238268200075254,8.497826200095005,8.709959400002845,12.173493499984033,,,,,,,,,,,,,1,3
5246,54,0.20754716981132076,0.75,0.7857142857142857,42,56,44,0.4339622641509434,0.11320754716981132,0.26415383598310344,0.15094542962867977,3,53,2.11817671380123,3.68421052631579,0.22641509433962265,1579,1593,1571,1478,1585,1478,2377,2377,4789,2443,2179,4786,4324848,4336048,4323376,4316688,4334704,4316944,6147496,6156712,9160552,6084832,6040480,9159112,15849226,15861834,15850298,15833234,15863082,15833490,23894694,23903910,36062290,23409718,23337933,36007546,1.154223999939859,1.2296561000403017,1.1558156999526545,1.2418520000064746,1.1937321999575943,1.1984821999212727,1.7476150000002235,1.7258093999698758,2.5167920000385493,1.7721750000491738,1.9683876000344753,2.7559897999744862,3.702333332815518,3.832333371974528,3.8930999968821802,3.550533341088643,3.9343833341263235,3.4958666462140777,3.8561500259675086,4.859016664947073,4.719816652747492,4.688633353604625,5.072283325716853,4.301183333154768,4,4
5257,98,0.1958762886597938,0.5092592592592593,0.4722222222222222,55,108,51,0.4536082474226804,0.10309278350515463,0.08247739269839811,0.21649706555943282,3,97,2.176085699572879,3.6986301369863015,0.29896907216494845,4773,6110,4778,6330,6140,6355,6101,7351,10851,6319,7939,10855,30602584,30949880,30604984,31069112,30959544,31076184,36022920,36376520,45372520,37557400,38079256,45370120,114935207,115422797,115009575,115635399,115428215,115566447,138596175,139081087,179019039,145624209,146314769,178876641,10.022757799946703,10.312938699964434,9.972181900055148,9.862366400077008,9.54100000008475,9.09378110000398,11.40757660008967,11.263852100004442,13.13604590005707,11.930933200055733,11.09920759999659,13.065494399983436,,,,,,,,,,,,,1,1
5262,50,0.16326530612244897,0.765625,0.59375,49,64,38,0.3469387755102041,0.1836734693877551,0.12245118261162875,0.18367629519150575,3,49,2.142928210402489,4.0506329113924044,0.20408163265306123,1855,1999,1862,2382,2012,2388,2801,3011,6476,3359,3957,6487,6510760,6478504,6511560,6529992,6478472,6528648,9608344,9561304,16069064,10609960,10608488,16071080,24065558,24046342,24073438,24144254,24061916,24150222,37864098,37837010,64721552,41727270,41786350,64623210,1.5962618000339717,1.5990019000601023,1.5897430999903008,1.6007348001003265,1.723865499952808,1.6175494000781327,2.555757599999197,2.669531499966979,4.129175100009888,2.5728128000628203,2.931026399950497,4.108754199929535,3.800066653639078,3.806099994108081,3.7372333463281393,3.795933327637613,4.570266678153227,3.8586999871768057,4.134716679497312,4.203216677221159,5.080483329948038,4.547666661286105,4.449116667577376,5.084816676874955,1,5
5263,99,0.19387755102040816,0.6091954022988506,0.5747126436781609,53,87,50,0.5408163265306123,0.05102040816326531,0.18367613646277817,0.18367489086635105,3,98,1.8474708179286126,3.717948717948718,0.24489795918367346,4214,5270,4202,5150,5282,5174,5097,6273,9850,5801,6401,9851,25436600,25451960,25435096,25473176,25451128,25473560,28876024,28894840,36092744,30177320,30135720,36093320,94840437,94964389,94862728,94997000,94961261,94971621,109852881,109992753,140006557,115316547,115335027,140059239,7.264597000088543,8.675761099904776,8.265065599931404,8.702126900083385,8.352879000012763,8.322718600044027,9.807594600017183,9.52500260004308,11.408227300038561,9.947371499962173,9.418357099988498,10.377431800006889,,,,,,,,,,,,,3,3
5285,55,0.14814814814814814,0.7058823529411765,0.6470588235294118,48,68,44,0.4074074074074074,0.05555555555555555,0.16666867230863622,0.1481498679301391,3,54,1.97888616595349,4.25,0.2222222222222222,2580,2834,2580,2894,2839,2899,3527,3732,7750,4043,4278,7756,10702440,10748328,10702760,10778472,10749448,10779208,13541672,13571848,20234512,15211976,15264616,20237968,40091614,40163713,40064625,40173462,40158089,40193449,52393854,52445129,80307510,59818089,59895776,80329865,2.813988500041887,2.861576099996455,2.8555397000163794,2.8656063999515027,2.885436399956234,2.8855574999470264,3.9120317000197247,4.136888099950738,5.466154100024141,4.2628138000145555,4.584624900016934,5.660527499974705,4.147800015440831,3.962250038360556,3.9072166740273437,4.27368333718429,4.310266677445422,4.340750010063251,4.451016682044913,4.804133340561141,5.2140000043436885,4.763749990767489,4.700816643889993,5.217133342133214,1,1
5307,50,0.12244897959183673,0.7666666666666667,0.7,46,60,42,0.5306122448979592,0.16326530612244897,0.12245056102508489,0.20408383080716797,3,49,2.2337368284286816,3.571428571428571,0.30612244897959184,2444,2692,2451,3060,2706,3067,3691,3978,7422,3736,4366,7426,10027264,10069312,10028384,10134592,10072032,10135936,14340024,14395128,20584816,13852240,13974640,20587120,37246924,37315164,37248724,37419489,37306604,37408052,56458557,56543160,82799181,54319916,54509075,82759056,2.64481920003891,2.7236285998951644,2.6866419999860227,2.6946167999412864,2.691017200006172,2.7385015999898314,4.311351399985142,4.365609899978153,5.767326200031675,3.7620560999494046,4.113281000056304,5.5402857000008225,,,,,,,,,,,,,1,1
5319,96,0.06315789473684211,0.55,0.52,55,100,52,0.4,0.14736842105263157,0.14737165170280556,0.11579206875084262,3,95,2.122568182326782,3.6496350364963503,0.25263157894736843,4499,5719,4501,5995,5749,6023,5801,7201,10851,6157,7777,10855,28378008,28490488,28381112,28701016,28496984,28703480,34099320,34222520,44443720,35153752,35504536,44441320,106250995,106487779,106240435,106712675,106469107,106703875,131870111,132136263,176022131,135971577,136487865,175880005,8.113125499919988,8.824896500096656,9.06089249998331,9.147214700002223,8.307841200032271,8.305897500016727,10.884310099994764,10.290047799935564,12.207353500067256,10.389605800039135,10.292826400022022,12.62029349990189,,,,,,,,,,,,,1,1
5331,52,0.23529411764705882,0.8703703703703703,0.7962962962962963,47,54,43,0.45098039215686275,0.0392156862745098,0.07843289547599852,0.15686545427888632,3,51,1.8381235186024183,3.857142857142857,0.23529411764705882,2511,2344,2516,2532,2341,2524,3571,3235,7771,3681,3543,7775,9485744,9426640,9488080,9515088,9426736,9512848,12180856,12086776,17227240,12357960,12362376,17229544,35241094,35163902,35250526,35278750,35175427,35279998,46826314,46697351,67269210,47616966,47607493,67235002,2.559153000009246,2.5659542999928817,2.563208100036718,2.567923199967481,2.577784299966879,2.8852147000143304,3.7397906000260264,3.4001513000112027,4.557992299902253,3.322874900070019,3.4173251999309286,4.653152200044133,,,,,,,,,,,,,5,2
5337,53,0.23076923076923078,0.6515151515151515,0.6363636363636364,43,66,42,0.3076923076923077,0.11538461538461539,0.07692545086879712,0.09615709697111295,3,52,2.160653772146489,4.285714285714286,0.28846153846153844,2719,2953,2726,3381,2964,3385,3855,4019,6930,3655,4117,6931,11969168,12024368,11970864,12147920,12028176,12149488,15820288,15884576,19393192,14168296,14328232,19393768,44673253,44754666,44677805,44924674,44755005,44920962,61626073,61709366,76282449,54052564,54260773,76316056,3.8983336000237614,4.009199499967508,4.026058900053613,4.259752499987371,4.265725499950349,3.7409578000660986,5.139974100049585,4.9167281000409275,6.314055899973027,4.019182700081728,4.13264910003636,5.67395240010228,,,,,,,,,,,,,1,1
5347,105,0.125,0.4369747899159664,0.4369747899159664,52,119,52,0.4519230769230769,0.057692307692307696,0.19230962093794146,0.13461760669283998,3,104,2.1315203759374883,3.58433734939759,0.34615384615384615,4907,8402,4893,7637,8462,7711,5815,9589,10456,6529,9589,10456,39580128,40586272,39575040,40212032,40600416,40233312,44083696,45168976,55545640,48502744,49224088,55545640,149331837,150702757,149422749,150345373,150782525,150336429,169302733,170781853,219534965,189443511,190483351,219535031,12.990355200017802,13.190255699912086,12.006509700091556,12.379760000039823,12.179870399995707,12.255913899978623,14.327420599991456,14.084337399923243,16.82168689998798,14.386198900057934,15.141338799963705,16.397224700078368,,,,,,,,,,,,,3,3
5359,96,0.16842105263157894,0.5625,0.53125,54,96,51,0.5052631578947369,0.08421052631578947,0.12631805705543803,0.18947627551020368,3,95,2.1594566570043523,3.6363636363636367,0.29473684210526313,3235,4050,3219,3464,4054,3484,4451,5451,8651,4516,4688,8644,15475064,15602360,15472408,15496504,15602776,15499576,19854520,20008120,27016120,19965248,19983136,27012088,57708316,57920233,57676172,57724889,57879940,57717657,77201632,77458368,107347301,77598372,77633227,107516399,4.241445699939504,4.88951220002491,5.090126800001599,4.817476499942131,4.894562099943869,4.832697300007567,5.9021750000538304,5.716995900031179,7.343205200042576,6.253076299908571,6.107986400020309,7.9746957999886945,,,,,,,,,,,,,3,3
5368,98,0.17525773195876287,0.5346534653465347,0.5148514851485149,54,101,52,0.4742268041237113,0.12371134020618557,0.16495067381885709,0.11340412477357793,3,97,2.202560203285638,3.825757575757576,0.28865979381443296,2234,2074,2230,2098,2064,2092,3484,3226,6580,3231,2851,6575,6954576,6891984,6952976,6865680,6888016,6863376,10468096,10369024,14335000,9154776,9003992,14336152,25506928,25426912,25504864,25403877,25424432,25402704,40870200,40744357,56487656,34889080,34698096,56487335,1.7696930000092834,1.7527156000724062,1.7694722000742331,1.7764702999265864,1.7691986999707296,1.7977787000127137,3.1540623999899253,2.8019970000023022,3.7285350000020117,2.3859098000684753,2.5410813000053167,3.695787400007248,,,,,,,,,,,,,5,6
5411,52,0.11764705882352941,0.6515151515151515,0.6363636363636364,43,66,42,0.5294117647058824,0.23529411764705882,0.1372591140680015,0.23529593041166663,3,51,1.96981578242681,4.125,0.09803921568627451,1706,2012,1704,1900,2021,1911,2953,3404,6602,2961,3321,6601,5496168,5524904,5495656,5508968,5525512,5510024,9021832,9065128,15856040,9313064,9337384,15859304,20270672,20329488,20265168,20298128,20315573,20288808,35559552,35648056,64126801,37016580,37077660,64104651,1.4339142999378964,1.4438834000611678,1.4364971000468358,1.433711800025776,1.4424399000126868,1.4495882000774145,2.6506512999767438,2.820257000043057,4.769326900015585,3.425994300050661,3.0880251999478787,4.736648499965668,,,,,,,,,,,,,3,3
5414,58,0.17543859649122806,0.6666666666666666,0.7575757575757576,44,66,50,0.5263157894736842,0.05263157894736842,0.05263374884318756,0.15789716503288792,3,57,2.0572851433757284,3.8372093023255816,0.2807017543859649,2136,2476,2130,2240,2479,2249,3257,3653,6557,2961,3072,6550,8178408,8202088,8177576,8163368,8201416,8163720,11355336,11370824,15741608,10549864,10525000,15741704,30378461,30436373,30356965,30353269,30403981,30341917,44312829,44369149,62303131,40669221,40655029,62247773,2.1611641000490636,2.0625741000985727,2.055620800005272,2.074532900005579,2.151851899921894,2.0702323000878096,3.0665042999899015,3.064300899975933,4.126768299960531,2.645947100012563,2.9421677000354975,4.142595199984498,3.750066680368036,4.026300002199908,3.733499984567364,3.801399997125069,4.003450002831717,3.943533326188723,4.533350021423151,4.310733328262965,4.971916651508461,4.3792833263675375,6.062550004571676,4.798666651671131,3,4
5423,99,0.15306122448979592,0.4424778761061947,0.46017699115044247,50,113,52,0.3673469387755102,0.15306122448979592,0.15306358199034417,0.1734714320342874,3,98,2.0496234041874954,3.923611111111111,0.20408163265306123,3768,5992,3777,6284,6053,6336,5560,8212,10048,4901,7890,10046,28321864,28706888,28322248,28699912,28715656,28709256,36565072,37041616,46111456,33485160,33914792,46110304,105817398,106433811,105833235,106468067,106450923,106472003,142221667,142973347,182598499,128734325,129471165,182465621,8.069167800014839,9.19864780001808,9.113312100060284,9.32356350007467,8.648446499952115,8.471889699925669,11.588151999982074,11.365899899974465,13.001274100039154,9.330010899924673,10.408892100094818,12.62485799996648,,,,,,,,,,,,,1,1
5424,101,0.13,0.5148514851485149,0.5346534653465347,52,101,54,0.5,0.06,0.19000261136097835,0.1900015503866598,3,100,2.0366364955492893,3.7686567164179103,0.29,3570,5700,3567,5538,5747,5588,5152,7702,10048,5097,7400,10046,24406968,24825144,24407064,24774072,24834008,24783800,32118688,32614816,43192624,31790152,32224488,43191472,91704223,92341311,91730684,92303156,92355476,92290940,126115524,126874292,173121612,123965966,124640318,173370174,7.565552799962461,9.1078572999686,8.783703099936247,8.766526999999769,7.822390999994241,8.047874600044452,10.470575800049119,10.145865700091235,12.72466920001898,9.251480299979448,9.775123100029305,12.567545700003393,,,,,,,,,,,,,3,1
5433,54,0.11320754716981132,0.6216216216216216,0.5540540540540541,46,74,41,0.4716981132075472,0.05660377358490566,0.11320986959837237,0.1698130640148554,3,53,2.0558528337627946,4.302325581395349,0.2830188679245283,2765,3278,2780,3902,3310,3919,3841,4521,7241,3646,5086,7246,13881448,13878184,13885768,14066920,13883144,14066600,17876264,17863464,23481064,16899280,17122480,23479720,51863049,51911265,51825430,52119841,51887038,52132105,69479118,69534417,92726010,65014588,65384013,92719068,4.300826599937864,4.357870000065304,4.278307699947618,4.587499000015669,3.9063690999755636,3.9516236999770626,5.537437199964188,5.629797699977644,6.640873200027272,5.1873404999496415,5.935030700056814,7.008426399901509,,,,,,,,,,,,,1,2
5434,55,0.14814814814814814,0.7258064516129032,0.7903225806451613,45,62,49,0.3333333333333333,0.05555555555555555,0.11111254723639125,0.07407635680606796,3,54,2.050555367202725,3.563218390804598,0.25925925925925924,2971,3359,2967,3129,3363,3137,4225,4609,8497,4049,4225,8493,13473752,13411064,13474808,13437464,13409816,13435256,17393032,17287048,23682568,17108776,17053864,23680264,49905008,49880163,49893408,49870003,49882051,49883699,66807071,66740004,92597316,65832227,65794250,92647879,3.941342500038445,3.7409915999742225,3.863224199973047,3.8842195998877287,4.219594300026074,3.803150299936533,5.187368000042625,5.205116800032556,6.435315499897115,4.708521499997005,5.056908400030807,6.168393400032073,,,,,,,,,,,,,3,5
5436,52,0.11764705882352941,0.703125,0.6875,45,64,44,0.49019607843137253,0.09803921568627451,0.13725642254576087,0.11764976917766035,3,51,2.0950490275076152,4.0,0.3137254901960784,2373,2492,2377,2650,2498,2652,3394,3472,6280,3321,3561,6281,8997336,8954584,8999192,9029048,8954840,9027160,11973424,11899792,16205704,11554024,11564264,16206184,33073080,33042144,33062829,33120080,33037200,33125760,46156857,46090028,63671824,44306939,44341196,63701751,2.3606415999820456,2.3469182000262663,2.3600465999916196,2.3652204000391066,2.3733789999969304,2.3970359000377357,3.2553800999885425,3.217103200033307,4.275755199952982,3.0321426999289542,3.425499300006777,4.339541100081988,,,,,,,,,,,,,1,2
5437,56,0.18181818181818182,0.6911764705882353,0.5294117647058824,47,68,36,0.4,0.07272727272727272,0.18182042734274131,0.2545476968146183,3,55,2.0245282633910424,4.0476190476190474,0.32727272727272727,2292,2590,2308,3082,2610,3086,3186,3326,6196,3301,4181,6205,10010384,10119408,10012496,10215440,10124528,10218032,12327984,12418704,16862024,13014312,13239592,16863080,37244746,37385738,37245271,37527402,37388490,37530090,47253443,47358950,66164823,50522942,50839230,66148705,2.9016229000408202,2.779636000050232,2.73864210001193,2.796142900013365,2.753846999956295,2.7528451000107452,3.424114500056021,3.5183431999757886,4.6565278000198305,3.925851900014095,3.6806573999347165,4.7642785999923944,,,,,,,,,,,,,1,1
5459,58,0.12280701754385964,0.5342465753424658,0.6575342465753424,39,73,48,0.3508771929824561,0.08771929824561403,0.17544075594234623,0.17544048928998804,3,57,2.028287059144964,4.055555555555555,0.2631578947368421,2251,3408,2241,3078,3431,3111,3331,4816,6886,3193,4067,6879,12167600,12354384,12165360,12265808,12356848,12270832,15846280,16072360,21130360,14823464,14917096,21130552,45315959,45622412,45313751,45501087,45645252,45526151,61944963,62324784,83351240,56758911,56943335,83283802,3.404002399998717,3.4430757000809535,3.5853995999787003,3.4370283000171185,3.4906526999548078,3.4613563999300823,4.658796500065364,4.924640099983662,5.770984500064515,3.943149600061588,4.290436499984935,5.740499000065029,,,,,,,,,,,,,3,3
5481,59,0.1206896551724138,0.5657894736842105,0.5657894736842105,43,76,43,0.43103448275862066,0.1724137931034483,0.17241512916195367,0.1896570325780917,3,58,2.131981526006415,3.877551020408163,0.1896551724137931,2656,3336,2652,3258,3354,3280,3739,4663,7099,3907,4663,7099,11499184,11548016,11497136,11470352,11547344,11472016,15761944,15831832,22646248,16134904,16106680,22646248,42565791,42683023,42564052,42597247,42667327,42585100,61477071,61641580,90931791,63253582,63300911,90932526,3.050756100099534,3.0789361000061035,3.0856885999673977,3.0836779999081045,3.1128093000734225,3.1074311000993475,4.310114499996416,4.649700199952349,6.3458481000270694,4.484672100050375,4.6546741999918595,6.136799299973063,,,,,,,,,,,,,3,4
5490,96,0.14736842105263157,0.5425531914893617,0.5531914893617021,51,94,52,0.43157894736842106,0.07368421052631578,0.14737132984507634,0.10526591045536886,3,95,1.9548926452681192,3.671875,0.18947368421052632,4542,5679,4540,5516,5699,5538,5713,6835,10252,5701,6701,10251,27984200,28089416,27982824,27992040,28089320,27993672,32054632,32137864,39157096,32349720,32344920,39156520,104843767,105065724,104842932,104951444,105086348,104974020,122524704,122722416,152133304,123724374,123821366,152413522,7.875768399913795,8.10112820006907,9.239257999928668,9.07464909995906,8.164384900010191,8.258143799961545,9.772852599970065,9.972690699971281,11.215052300016396,9.488288299995475,9.89472520002164,11.063718499965034,5.121199996210635,5.383000010624528,5.264766688924283,5.240999996506919,5.877849995158613,5.885466661614676,5.658250011038035,6.297033318939309,6.398999985928337,5.803416677129765,5.8058166565994425,6.1815666655699415,3,3
5533,95,0.05319148936170213,0.48623853211009177,0.48623853211009177,53,109,53,0.4787234042553192,0.13829787234042554,0.12766154278366965,0.2340450027729682,3,94,2.155601183166929,3.8652482269503547,0.24468085106382978,4386,6094,4395,6728,6148,6773,6241,8581,10869,5773,8581,10869,29087840,29487456,29084832,29311104,29492800,29321536,39851656,40394120,51017096,36097256,36375144,51017096,108990027,109571067,109028568,109496392,109647552,109537904,157091488,157881016,204914032,140217530,140786426,204914034,8.0979040999664,8.406385000096634,8.661306100082584,8.556172200012952,9.015329899964854,9.285846199956723,12.482694400008768,12.0835875000339,14.16199030005373,10.042694900068454,11.762840099981986,14.478150799986906,5.89898331478859,5.960200020732979,5.767449988828351,5.849999996523063,6.567516674598058,6.855849991552532,6.372899981215596,6.727216648869216,6.929549990066637,6.234899997555961,6.382599977465968,6.8808666546829045,1,3
5544,52,0.17647058823529413,0.5151515151515151,0.7424242424242424,34,66,49,0.45098039215686275,0.0196078431372549,0.1568657581228763,0.11765006952919066,3,51,1.9714503856433412,4.342105263157895,0.29411764705882354,1765,2850,1746,2188,2864,2221,2667,4086,5376,2512,2946,5364,7803336,8021032,7799464,7883304,8023848,7890184,10762904,11058744,14596096,10105120,10192416,14595904,29124115,29453611,29103339,29235082,29455067,29256227,42307959,42751110,58206019,39309047,39443544,58244067,1.9449957000324503,2.0343672999879345,1.9615920999785885,1.9701437000185251,2.010814300039783,1.9842152999481186,2.9679304000455886,3.0246702000731602,3.7390939999604598,2.5546310999197885,2.6943329999921843,3.761350700049661,3.6857499896238246,3.9741499931551516,3.9415500165584185,3.946150012779981,3.944466666628917,3.9370333543047304,4.357949985812108,4.466883333710332,4.783016648919632,4.320533325274785,4.144899993358801,4.69841668382287,3,3
5553,100,0.1919191919191919,0.5047619047619047,0.5238095238095238,53,105,55,0.48484848484848486,0.0707070707070707,0.1717190454206006,0.13131638257199843,3,99,2.1085777176723983,3.75,0.35353535353535354,4807,6910,4809,7034,6955,7077,6241,8477,10869,6137,8477,10869,34978960,35385008,34978032,35415888,35393424,35424176,41674568,42105544,50454664,40944904,41382536,50454664,131184537,131810849,131189913,131858273,131871121,131912545,160690705,161355761,197902001,157248995,157929027,197902067,11.40851879992988,11.604650900000706,11.480443099979311,11.335184799972922,10.627652799943462,10.710018699988723,13.25619529990945,13.350216099992394,14.798935200087726,12.62180049996823,12.806472000083886,14.690478600095958,,,,,,,,,,,,,1,3
5554,98,0.13402061855670103,0.5445544554455446,0.5445544554455446,55,101,55,0.5257731958762887,0.1958762886597938,0.11340522713066299,0.1649516176470776,3,97,2.1768479307335125,3.713235294117647,0.26804123711340205,5686,6466,5688,6528,6485,6545,7237,8155,11719,7129,8155,11719,31987448,32408600,31984664,32294936,32415608,32304536,40066888,40585288,50215432,39678088,40056520,50215432,120066230,120570054,120063670,120462838,120509182,120404350,155520578,156135986,199824118,154286844,154773516,199824120,9.446525300038047,10.380800200044177,9.476900700014085,9.306820899946615,9.184890100033954,9.286617999896407,11.938574700034223,12.277956099947914,15.502357000019401,13.372308799996972,13.065427400055341,15.571194799966179,6.532183343855043,6.603783345781267,6.013683353861173,6.771966659774383,7.399499979025374,7.570766669232398,6.537983329811444,7.1131833440934615,7.37596667992572,7.435900003959735,7.36456667073071,6.952616657751302,1,3
5567,103,0.1568627450980392,0.5454545454545454,0.5454545454545454,54,99,54,0.4215686274509804,0.058823529411764705,0.10784495761618018,0.12745354406069964,3,102,2.0247091717106667,3.3,0.2549019607843137,4872,6444,4869,6185,6472,6216,6202,7845,10866,6121,7549,10864,32154696,32451144,32152744,32296488,32454088,32302152,37410984,37711176,45874024,37495720,37645864,45877672,120442855,120903263,120440727,120721695,120910487,120731991,143161331,143632875,178818811,143578545,143877681,179086829,9.617702400078997,10.982313700020313,10.605838399962522,10.783110500080511,10.042972800089046,10.375791099970229,12.030782699934207,11.832046100054868,13.806217000004835,11.671408799942583,12.410505200037733,14.700990000041202,,,,,,,,,,,,,3,3
5576,51,0.16,0.7121212121212122,0.5303030303030303,47,66,35,0.6,0.06,0.10000276931095868,0.16000429396517574,3,50,2.1043229373278423,4.024390243902439,0.36,2467,3094,2482,3746,3128,3765,3129,3775,6291,3543,5107,6303,12465224,12571208,12467496,12657640,12576328,12660712,14546440,14650888,19976648,16256184,16491704,19979240,46666249,46834644,46660596,46981145,46843236,46994409,55490056,55659672,78596177,63275784,63672847,78514611,3.422422599978745,3.8557551000267267,3.7883298998931423,3.9245230000233278,3.4787442999659106,3.5135605999967083,4.129523700103164,4.325331500032917,5.481855200021528,4.58620730007533,4.91997030004859,5.5806159999920055,,,,,,,,,,,,,1,1
5577,103,0.12745098039215685,0.5294117647058824,0.5294117647058824,54,102,54,0.43137254901960786,0.06862745098039216,0.13725701917428523,0.14706108917016536,3,102,2.1237894395693764,3.4459459459459456,0.35294117647058826,4521,5498,4524,5760,5523,5782,5617,6673,10225,6043,7368,10230,26950096,27156336,26949424,27104048,27159760,27108400,31558792,31767688,40553608,33259176,33440648,40551976,101098527,101405007,101048551,101328975,101390752,101365663,120947755,121265075,158993315,128147969,128464361,158931917,7.535594100016169,8.400685000000522,8.540265499963425,8.6407981000375,8.620641499990597,9.038379200035706,10.260680899955332,10.322775400010869,12.115238799946383,10.450114500010386,9.814124600030482,11.753650999977253,,,,,,,,,,,,,1,3
5593,92,0.14285714285714285,0.4594594594594595,0.4864864864864865,51,111,54,0.4175824175824176,0.08791208791208792,0.1758265443642593,0.2527492846116669,3,91,2.135844389473364,3.8275862068965516,0.3076923076923077,2873,3364,2878,3514,3380,3525,4276,4771,8686,4321,5089,8689,13214112,13357632,13214144,13340864,13361024,13344672,18021760,18193120,26257480,18399496,18562312,26259208,49422140,49618913,49411860,49604532,49616393,49613036,70637977,70861524,105714433,72661211,72902908,105615123,3.613598100026138,4.125869299983606,4.061154299997725,4.122392100049183,4.089988599997014,4.096107499906793,5.555832699988969,5.536774299922399,7.242387200007215,5.5780139999696985,5.615985500044189,7.537369100027718,,,,,,,,,,,,,1,1
5597,55,0.1111111111111111,0.5882352941176471,0.6617647058823529,40,68,45,0.5,0.037037037037037035,0.1296316286833543,0.0740774859700145,3,54,1.9435256349629968,3.8636363636363633,0.2962962962962963,2625,3186,2626,3126,3198,3137,3873,4357,6909,3394,3862,6904,11937576,12114024,11934728,11990024,12114856,11994184,15742664,15925704,19611496,14211088,14243536,19612744,44506434,44742178,44504258,44612730,44718594,44590554,61310094,61544470,77057498,54215558,54297062,77059708,3.3304431000724435,3.358330799965188,3.537814199924469,3.6026912999805063,3.1791233000112697,3.1455633000005037,4.404664500034414,4.3520654999883845,5.135027000098489,3.563461600104347,3.5559978000819683,4.7944303000112996,4.603283343991886,4.3181999935768545,4.433983316024144,4.384183344276001,4.864149998563032,4.569266689941287,4.87811667456602,4.773216671310365,5.4268833482638,4.4614166642228765,4.52404998941347,5.284016680282851,1,3
5600,52,0.13725490196078433,0.6,0.5733333333333334,45,75,43,0.45098039215686275,0.13725490196078433,0.11764917196705937,0.11764827789738774,3,51,2.1741839776182523,4.166666666666667,0.29411764705882354,2639,2761,2661,3517,2783,3517,4285,4285,7435,3521,4489,7437,11222648,11188504,11228216,11379000,11192600,11377240,16899640,16825720,21698056,13904872,14085096,21699208,41658705,41635601,41650190,41889041,41638433,41901262,66806625,66731902,86709509,53449940,53730005,86601204,3.0528384000062943,3.1046762000769377,3.135707800043747,3.100198299973272,3.1222803000127897,3.1943426000652835,5.100983000011183,5.087573500000872,5.871558399987407,3.6082416999852285,3.897076199995354,5.9290944000240415,4.214066682228197,4.496149990397195,4.259466678680231,4.364333328946183,4.504249993866931,4.522849999678631,5.131099993983905,5.248100011764715,5.570849985815585,5.1830333153096335,6.205050022496532,5.510616659497221,1,2
5608,52,0.09803921568627451,0.5972222222222222,0.4722222222222222,43,72,34,0.45098039215686275,0.0784313725490196,0.09804282826371491,0.17647121008485556,3,51,1.813709548056604,4.390243902439025,0.19607843137254902,1840,2188,1848,2604,2209,2617,2575,3004,5578,2941,3823,5587,7602424,7583608,7604344,7687096,7585176,7686168,9919960,9889336,14688856,10622824,10688680,14690104,28073994,28089626,28076698,28237151,28082818,28226242,38123358,38136587,57704722,41012606,41168550,57703777,1.9699016000377014,2.0115262999897823,1.9969855999806896,1.9824833000311628,1.9745987999485806,1.9647583999903873,2.737486300058663,2.7440873999148607,3.8093001999659464,2.7084575999761,2.9709180999780074,3.8570846000220627,,,,,,,,,,,,,1,2
5612,51,0.1,0.618421052631579,0.6052631578947368,47,76,46,0.58,0.08,0.12000246294774115,0.18000215895008295,3,50,2.0484385119853723,4.175824175824176,0.26,2636,3407,2647,3901,3437,3920,4006,4861,8326,3589,4969,8327,14889600,15113632,14890848,15132128,15119776,15137920,19987720,20248360,25661320,17844472,18127096,25661896,55706843,56010819,55703144,56074739,56042608,56110923,78415492,78764063,101599128,68575350,69001423,101640794,4.1269163999240845,4.162958700093441,4.320484800031409,4.1923083999427035,4.322812999947928,4.186929400078952,5.794783300021663,5.948272999958135,7.012282600044273,4.755807899986394,4.855162899941206,6.5778302999679,,,,,,,,,,,,,1,1
5650,46,0.2,0.7213114754098361,0.6721311475409836,44,61,41,0.4222222222222222,0.15555555555555556,0.13333639844010273,0.1333364063563446,3,45,2.0221521025374813,4.236111111111111,0.15555555555555556,1926,1751,1924,1655,1742,1648,3001,2721,6601,3158,2789,6602,5289080,5266392,5287352,5223128,5264248,5222840,7658664,7647144,12986024,8300888,8212984,12982760,19334791,19294623,19332039,19239679,19287063,19234887,29523775,29483903,51531304,32372851,32246467,51444506,1.326913999975659,1.3159396999981254,1.3185920999385417,1.3207680999767035,1.323669199948199,1.3172362999757752,1.914764399989508,1.9049413999309763,3.1745464000850916,2.1494419000810012,2.5021835999796167,3.3499305999139324,3.4557500039227307,3.714349993970245,3.6018999914328256,3.502250008750707,3.6931999881441397,3.642583324108273,4.081516662457337,4.138749985334774,4.63889999082312,4.086200012049328,4.031800005274515,5.737799995889266,6,6
5661,54,0.1320754716981132,0.7,0.85,42,60,51,0.49056603773584906,0.1320754716981132,0.09434368029974823,0.09434280764610278,3,53,2.018134518675497,3.896103896103896,0.20754716981132076,2610,2877,2597,2469,2873,2478,4051,4501,8251,3855,3691,8242,9757296,9807632,9753744,9694480,9805840,9696240,14152520,14240520,21316520,13516416,13442944,21311336,36141251,36219888,36128715,36056139,36216907,36067192,55649119,55784524,85132419,52520310,52429039,85192954,2.6152988000540063,2.6374220999423414,2.833372800028883,2.8153141000075266,2.701798699912615,2.657851399970241,4.392682199948467,4.3008175999857485,5.839336300035939,3.5802311999723315,3.775018399930559,5.884504199959338,,,,,,,,,,,,,4,4
5680,55,0.09259259259259259,0.7619047619047619,0.7142857142857143,48,63,45,0.5,0.09259259259259259,0.1851871754301505,0.0925940287221844,3,54,2.125385229831381,3.662790697674419,0.2777777777777778,3077,3279,3075,3216,3280,3219,4181,4313,7965,4366,4411,7966,12825736,12829960,12822728,12714024,12826440,12714088,16253416,16256232,22423624,16957240,16798840,22424200,47512888,47539946,47542360,47447840,47562272,47442200,62409066,62425920,88624038,65852900,65699486,88660228,3.9309182000579312,3.8359765999484807,3.800956599996425,3.796618799911812,3.8031852999702096,3.90784130000975,4.545285300002433,4.770603999961168,5.726837099995464,4.88055580004584,4.71117070002947,5.8370596000459045,4.897783335763961,4.76533331675455,4.463066676786791,4.618266655597836,4.811616672668606,4.706900004142274,4.835516680032015,5.107433321730544,5.5449499826257425,5.246166663710028,5.111199997675915,5.566566658671945,3,4
5701,54,0.07547169811320754,0.6935483870967742,0.7096774193548387,43,62,44,0.39622641509433965,0.11320754716981132,0.18868243026564707,0.11321246403462763,3,53,2.1965759364739506,3.8271604938271606,0.2830188679245283,2256,2787,2258,2966,2808,2985,3161,3921,6761,3235,4117,6763,10449952,10421536,10452064,10518496,10423360,10517728,13698664,13667944,19188904,13528552,13605160,19186120,38797360,38820891,38794643,38934584,38812195,38926187,52832844,52877871,75185816,52046471,52213967,75247498,2.749394200043753,2.7666702000424266,2.848030799999833,2.8059099999954924,2.8652572000864893,2.8139544000150636,3.906324499985203,4.071426999988034,5.52797030005604,3.543536600074731,3.7700469999108464,5.078709200024605,,,,,,,,,,,,,1,2
5723,56,0.2545454545454545,0.6307692307692307,0.7846153846153846,41,65,51,0.5636363636363636,0.07272727272727272,0.18181959613734347,0.09091106118549677,3,55,1.9675359372827854,4.166666666666667,0.23636363636363636,2588,3100,2574,2636,3096,2646,3951,4451,8051,3721,3561,8041,10953168,11100432,10949072,10952400,11099632,10955760,15072920,15240920,20520520,14176104,14144104,20519464,40777044,40977447,40771479,40782972,40970375,40779703,58964572,59184447,81486392,54985483,54938562,81512939,3.0020693000406027,3.31112739990931,3.174572700052522,3.11345310008619,3.312952399952337,3.306329899933189,4.520539100049064,4.255416200030595,5.802345300093293,3.870693599921651,4.35558879992459,5.714920000056736,,,,,,,,,,,,,3,3
5728,95,0.18085106382978725,0.6352941176470588,0.6235294117647059,54,85,53,0.5,0.09574468085106383,0.1276613810902184,0.1489389507803432,3,94,1.9816263300201815,3.4552845528455283,0.2127659574468085,2703,2734,2704,2784,2736,2785,3601,3641,6761,3739,3823,6763,10223544,10235288,10224088,10262488,10236248,10262904,12747304,12763944,17643304,13147864,13188184,17640520,37911495,37927860,37915423,37962143,37929052,37959335,49035603,49058008,69278127,50687699,50737490,69332639,2.6744932000292465,2.676602500025183,2.6913379000034183,2.6910931000020355,2.698003500001505,2.70495020004455,3.4662769999122247,3.37665420002304,4.677251699962653,3.7914765001041815,3.789013900095597,5.078425899962895,,,,,,,,,,,,,1,1
5735,60,0.1864406779661017,0.5945945945945946,0.6756756756756757,44,74,50,0.4745762711864407,0.11864406779661017,0.16949335004250377,0.0677986954441452,3,59,2.05008224810328,4.111111111111111,0.1864406779661017,2838,3436,2829,3014,3439,3026,4264,4852,8478,4129,4258,8472,12528952,12518232,12526936,12420376,12514456,12419384,17075648,17027040,24284528,17069800,16907432,24281072,46365498,46415293,46376837,46288178,46413909,46275754,66000837,66013282,95938557,66457188,66305269,96122284,3.381013299920596,3.9176272999029607,3.824394700000994,3.804263100028038,3.855031799990684,3.851444000029005,5.112742799916305,4.8643347000470385,6.632417800021358,4.8730948000447825,4.924780600005761,6.60716700006742,,,,,,,,,,,,,3,6
5747,102,0.18811881188118812,0.5252525252525253,0.5353535353535354,52,99,53,0.5346534653465347,0.04950495049504951,0.16832002149525993,0.10891468697780798,3,101,2.018359066874461,3.8076923076923075,0.32673267326732675,5065,6848,5055,6572,6873,6607,5929,7749,10661,6325,7600,10660,35505664,35946016,35502880,35822144,35951168,35830688,38759240,39203528,45114472,39633640,39896392,45113896,133947034,134574090,133943138,134421538,134692266,134544122,147330998,147965910,173470766,151375948,151772644,173793480,10.442578900023364,10.579763400019147,10.653693999978714,10.83694489998743,10.64691320003476,11.161436299909838,11.39697050000541,12.038192700012587,12.565795000060461,11.702824699925259,11.744157699984498,12.364434400107712,,,,,,,,,,,,,3,3
5754,57,0.19642857142857142,0.6865671641791045,0.7014925373134329,46,67,47,0.5892857142857143,0.125,0.1250016594338896,0.10714614718537112,3,56,2.074703081193029,3.988095238095238,0.19642857142857142,2729,2774,2731,2942,2776,2942,3641,3641,7241,4006,4096,7246,10892104,10751944,10893448,10838632,10749704,10834376,13611624,13441384,19074664,14445520,14344720,19073320,40173994,40037154,40176207,40141314,40026962,40129695,51907690,51736138,74549103,55619922,55527969,74541786,2.82896279997658,2.9163459999253973,2.943098200019449,2.8975807999959216,2.8787602999946102,2.845951499999501,3.6783404999878258,3.7265823000343516,5.246240900014527,4.0657773000421,4.033977700048126,5.066143900039606,,,,,,,,,,,,,1,5
5772,101,0.14,0.4,0.36923076923076925,52,130,48,0.51,0.15,0.09000261494657025,0.19000169584760443,3,100,2.1156024234973243,3.9393939393939394,0.22,4066,6558,4080,7253,6634,7315,5547,8461,9636,5305,9181,9640,30833640,31556392,30834952,31625576,31575048,31643848,38674000,39532784,49118152,37933912,38885368,49120456,116046801,117033257,115961585,117083065,117016353,117153801,150740029,151906477,196356389,148067043,149422467,196224391,10.003430200042203,8.979668600019068,8.997572499909438,9.128649299964309,9.182439500000328,9.075336999958381,11.391166900051758,12.077020999975502,14.477371399989352,11.942110299947672,11.320766199962236,14.372502199956216,,,,,,,,,,,,,1,1
5775,47,0.2826086956521739,0.6909090909090909,0.7090909090909091,38,55,39,0.30434782608695654,0.08695652173913043,0.21739264555862578,0.2173939762616773,3,46,1.7792431326145353,4.166666666666667,0.10869565217391304,1634,1734,1637,1748,1740,1751,2585,2699,5663,2406,2628,5662,5413776,5403536,5414128,5400272,5403280,5399792,7725672,7707432,11750328,7450448,7440976,11749848,19910007,19908874,19902530,19900218,19909242,19907410,29834022,29827851,46009562,28671422,28685094,45989905,1.3604546999558806,1.3808476999402046,1.3548478999873623,1.3975076000206172,1.429108800017275,1.3561814000131562,2.005081200040877,2.018622300005518,3.079929200001061,1.8953690000344068,2.080211199936457,2.985622900072485,3.341533321266373,3.358249998806665,3.339766679952542,3.3135999886629484,3.4055499903236828,3.361016686540097,4.088700011683007,4.146666673477739,5.140349986807753,4.01378331783538,4.080416654081394,4.769366680799673,1,6
5777,57,0.17857142857142858,0.671875,0.65625,43,64,42,0.48214285714285715,0.05357142857142857,0.10714505940891936,0.07143076946210515,3,56,1.9147280156105528,3.6363636363636362,0.19642857142857142,2184,2626,2171,2176,2623,2186,2848,3238,6436,3527,3404,6438,8268472,8355576,8265048,8235832,8354008,8238072,9743248,9830608,15360496,12354312,12290024,15357808,30631326,30764353,30645001,30615665,30774441,30612710,37003293,37132013,60272534,48376461,48298741,60320552,2.278167900047265,2.2030032000038773,2.17601289995946,2.2004937999881804,2.195691699977033,2.2029254999943078,2.568686299957335,2.5555297000100836,3.9298864000011235,3.5215279000112787,3.784351099980995,3.972244399948977,,,,,,,,,,,,,3,4
5810,48,0.06382978723404255,0.5555555555555556,0.625,40,72,45,0.3404255319148936,0.0851063829787234,0.04255484149077947,0.12766186743380226,3,47,2.122142100939173,4.090909090909091,0.2978723404255319,2331,3280,2320,2918,3298,2947,3345,4621,6909,3394,4096,6904,11089912,11262136,11087448,11184984,11264824,11190296,14751432,14985160,20847016,14703424,14808256,20848264,41213268,41482476,41198761,41356604,41475388,41365897,57199524,57564292,82653377,56892236,57069947,82654996,3.1521175999660045,3.051798400003463,3.048035899992101,3.05158400000073,3.403105399920605,3.4054826999781653,4.485206600045785,4.500037099933252,5.908603299991228,4.2485827000346035,4.1946147999260575,5.679659400018863,,,,,,,,,,,,,3,3
5817,98,0.14432989690721648,0.48623853211009177,0.47706422018348627,53,109,52,0.4020618556701031,0.09278350515463918,0.23711562409190481,0.0927858881954795,3,97,2.1216611298014505,3.732876712328767,0.27835051546391754,4296,5976,4296,6086,6012,6122,5764,7600,10660,5877,7749,10661,28853952,29013120,28855776,29092768,29017600,29095648,35452864,35599744,45368488,35526504,35759464,45369064,107781544,108115485,107718013,108142413,108055285,108146213,137199721,137536921,179146037,136861347,137290243,178823391,9.018393700011075,9.446549899992533,9.452152600046247,9.463470799964853,8.443840899970382,8.739811100065708,10.978307499899529,10.887340499903075,12.931283499929123,10.327851100009866,10.520864899968728,12.837168699945323,,,,,,,,,,,,,1,1
5819,59,0.10344827586206896,0.6428571428571429,0.6857142857142857,45,70,48,0.39655172413793105,0.1206896551724138,0.1724161865944364,0.15517532627965355,3,58,2.0598095570958694,3.571428571428571,0.20689655172413793,2568,3154,2561,3016,3167,3036,3902,4842,8320,3961,4533,8317,11435416,11523736,11434296,11507512,11526168,11510968,16197472,16359904,24496168,15867272,15974280,24494440,42442461,42592000,42433144,42555557,42597480,42568432,63939973,64200488,98710325,61988640,62156887,98804256,3.1215059000533074,3.2153082999866456,3.151988000026904,3.1476864999858662,3.215171799995005,3.148200499941595,4.95025330001954,4.876096700085327,6.7496656000148505,4.194493799936026,4.401071700034663,6.746590299997479,4.242616686193894,4.330399989460905,4.1148333305803435,4.321216663811356,4.394899995531887,4.480516673841824,4.958883335348219,4.900166648440063,5.678549990989268,4.8443833366036415,5.032850002559523,5.59921667445451,3,3
5837,49,0.125,0.8518518518518519,0.6481481481481481,46,54,35,0.375,0.14583333333333334,0.10416986553173047,0.22916859643009957,3,48,2.160723238840803,3.5064935064935066,0.22916666666666666,1775,1582,1794,2174,1591,2164,2806,2476,5710,2839,3226,5720,5382896,5330256,5386896,5455632,5331824,5453008,8251216,8164624,12359056,7843720,7911144,12360784,19909203,19835995,19901624,20008635,19834435,20015019,32345831,32224471,49104388,30290731,30397947,49123447,1.3385723000392318,1.347554299980402,1.3821863000048324,1.431981400004588,1.3619273999938741,1.3921408999012783,2.1759880000026897,2.1881523999618366,3.152570700040087,1.9368419999955222,2.0362194000044838,3.2153004000429064,,,,,,,,,,,,,2,2
5858,57,0.10714285714285714,0.6470588235294118,0.5441176470588235,44,68,37,0.4642857142857143,0.05357142857142857,0.1428593408740458,0.19643131756207108,3,56,2.031653646291349,4.25,0.26785714285714285,2072,2800,2085,3306,2839,3332,2989,3925,6229,3011,4688,6236,10411320,10521912,10412504,10545848,10526424,10549496,13620232,13751560,19451656,13773592,13967608,19451656,38925551,39109919,38920772,39177967,39105495,39179263,52952240,53178363,77378276,53595347,53962290,77453407,2.8057772000320256,2.8500544000416994,2.752998000010848,2.822967099957168,2.7916303999954835,2.8144820999586955,3.8886471999576315,4.076739200041629,5.28110179991927,3.6671438000630587,3.8542202999815345,5.395566800027154,4.250116665692379,4.309216669450204,4.20805000855277,4.151800007093698,4.371550011759003,4.371500011378278,4.755716673874606,4.914749995805323,5.140816657027851,4.79281668473656,4.862100002355874,5.759916675742716,1,1
5873,57,0.25,0.6911764705882353,0.6911764705882353,47,68,47,0.44642857142857145,0.125,0.23214505089812779,0.16071594089901606,3,56,2.232989547473746,4.146341463414634,0.375,1411,1230,1417,1338,1225,1327,2177,1825,4385,2109,1939,4387,3554080,3499712,3556128,3538240,3498784,3535392,4989800,4898664,7300968,4875752,4844200,7299816,12952428,12878708,12955441,12928564,12877260,12924956,19105088,18976864,28366420,18634904,18586655,28334692,0.8844399000518024,0.8803418000461534,0.8795984999742359,0.8840007999679074,0.8786132000386715,0.8896373000461608,1.2735421999823302,1.222250399994664,1.7928347999695688,1.1972757999319583,1.198884699959308,1.6803523000562564,,,,,,,,,,,,,5,5
5875,56,0.12727272727272726,0.6857142857142857,0.6571428571428571,48,70,46,0.4,0.14545454545454545,0.09091106010600924,0.12727469322271645,3,55,2.134738352670271,3.6842105263157894,0.3090909090909091,2919,3419,2921,3531,3435,3545,4321,4951,8506,4419,5171,8508,12870248,12963208,12871272,13019624,12967176,13022344,18151360,18273760,26726200,18361728,18548224,26727352,47866430,48010546,47891810,48103250,48038098,48105214,71478290,71666942,107558146,71989086,72254292,107640494,3.4563614000799134,3.5577839000616223,3.5372789000393823,3.5342508000321686,3.97693080001045,4.109154300065711,5.524837400065735,5.560130400001071,7.188925500027835,4.934968299930915,5.503089000005275,7.237871199962683,,,,,,,,,,,,,1,1
5882,57,0.125,0.5421686746987951,0.5783132530120482,45,83,48,0.35714285714285715,0.08928571428571429,0.12500247155549005,0.10714505410786453,3,56,2.073893264945567,4.322916666666667,0.26785714285714285,2644,3902,2632,3462,3924,3496,3556,5086,7966,4005,4973,7965,14238736,14492944,14236240,14414032,14497360,14421136,17722240,18041920,25703080,19543208,19737512,25702504,53503217,53887630,53511969,53775630,53934785,53815102,68842161,69320446,102332009,76695385,76989912,102290529,4.240239900071174,4.40317619999405,4.355615000007674,4.580367600079626,4.651457699947059,4.331571500049904,5.465410999953747,6.015467099961825,7.304227400105447,6.007881799945608,6.0714222000679,7.254247900098562,,,,,,,,,,,,,3,3
5885,99,0.11224489795918367,0.39316239316239315,0.4188034188034188,46,117,49,0.41836734693877553,0.04081632653061224,0.19388021445804637,0.12245133709951248,3,98,1.928427865104607,3.9,0.24489795918367346,3316,5692,3318,5952,5751,6009,4705,7441,8689,4321,6976,8686,25939560,26405992,25940936,26559016,26418664,26569288,32499976,32993032,38372488,29153320,29723560,38370760,97241074,97950978,97243383,98131839,97973815,98151271,126895135,127669151,151020435,110699902,111543453,150843509,7.989957400015555,8.669194999965839,8.52715730003547,8.468416000017896,8.538722699973732,8.854402499971911,11.073589000036009,11.861628000042401,12.297520799911581,8.613881400087848,8.44660769996699,11.258529699989595,,,,,,,,,,,,,1,1
5892,100,0.21212121212121213,0.5925925925925926,0.654320987654321,48,81,53,0.48484848484848486,0.09090909090909091,0.1313165414965514,0.1313150038265369,3,99,1.997275961228962,3.347107438016529,0.26262626262626265,4005,4831,3994,4351,4837,4368,4945,5761,8689,5131,5401,8686,21025144,21177880,21023096,21070808,21178136,21073496,23988232,24117256,29957128,24970480,24982000,29955400,78051479,78288732,78046444,78131348,78288839,78138332,90941968,91153011,115789008,95720470,95760158,115902250,5.81876369996462,6.902254999964498,6.6541872000088915,7.0250202000606805,6.714943500002846,6.696982399909757,7.4720088000176474,7.191162099945359,8.496288500027731,7.097334500052966,6.894138699979521,8.274627899983898,,,,,,,,,,,,,3,3
5908,57,0.16071428571428573,0.6323529411764706,0.6764705882352942,43,68,46,0.4642857142857143,0.10714285714285714,0.10714451552069347,0.2678582530684902,3,56,2.1995138503199656,3.695652173913044,0.32142857142857145,2824,3326,2822,3162,3336,3174,4096,4636,7606,3907,4327,7603,12175456,12228992,12176288,12228512,12230528,12229312,16342720,16378720,22509880,16029400,16093912,22508152,45345006,45451355,45333326,45421227,45454302,45435950,63509647,63600914,89630119,62238334,62346901,89518418,3.411951999994926,3.7406398000894114,3.6475136999506503,3.4138689000392333,3.6915094000287354,3.7473041999619454,4.755302099976689,4.782057299977168,6.067781999940053,4.313830600003712,4.948022500029765,6.211351000005379,,,,,,,,,,,,,3,1
5911,55,0.14814814814814814,0.7903225806451613,0.7096774193548387,49,62,44,0.5370370370370371,0.07407407407407407,0.07407579057487762,0.09259544045198709,3,54,1.866965261011169,3.9743589743589745,0.14814814814814814,2415,2654,2413,2570,2657,2575,3527,3742,8300,4033,4177,8305,9583360,9591648,9582400,9547104,9590080,9546880,12736776,12727144,20879944,14691592,14616328,20882824,35491828,35524700,35483476,35465728,35508788,35457732,48996716,49009928,82951244,57782410,57721916,82938482,2.767888500005938,2.5834690000629053,2.553898000041954,2.608834799961187,2.5476295999251306,2.5680672000162303,3.5444041999289766,3.562899100012146,5.56306419998873,3.9116969000315294,4.122767799999565,5.68382850009948,,,,,,,,,,,,,3,6
5919,50,0.20408163265306123,0.6949152542372882,0.8135593220338984,41,59,48,0.46938775510204084,0.12244897959183673,0.04082008535327504,0.06122638021918888,3,49,2.0585479186723754,3.9864864864864864,0.24489795918367346,2281,2785,2266,2281,2785,2296,3432,4137,7568,3521,3521,7561,8999384,9125400,8994808,8964440,9123928,8967736,12294216,12449128,19153960,12772584,12713704,19154344,33361290,33539327,33352098,33322266,33537402,33331415,47807902,48035014,76121471,49776278,49717229,76069026,2.416773800039664,2.430863599991426,2.41348069999367,2.4209787000436336,2.471521099912934,2.4502389000263065,3.7524348000297323,3.567537800059654,4.98613179998938,3.601903200033121,3.620510100037791,4.967653999920003,,,,,,,,,,,,,3,4
5933,91,0.14444444444444443,0.5353535353535354,0.5353535353535354,53,99,53,0.5,0.1111111111111111,0.16666872442389527,0.22222444620759538,3,90,2.1100780101997927,3.8076923076923075,0.23333333333333334,4955,6088,4947,5658,6102,5680,6085,7229,10869,6501,7229,10869,29312792,29629816,29308344,29385048,29631352,29391640,33590440,33933224,43099784,36135528,36215400,43099784,109832879,110268290,109736378,109887415,110232407,109947271,128168223,128631559,169445291,140437293,140592493,169445229,8.406424200045876,9.32595919992309,9.499883500044234,9.02621659997385,9.384004599996842,9.39143239997793,10.0953188999556,10.446218799916096,12.627648400026374,10.353325000032783,11.565430899965577,12.609343599993736,,,,,,,,,,,,,3,3
5942,93,0.11956521739130435,0.6470588235294118,0.6235294117647059,55,85,53,0.5760869565217391,0.09782608695652174,0.13043795145906345,0.14130619177898474,3,92,2.087345585011617,3.4274193548387095,0.25,4910,5914,4903,5546,5926,5565,6033,7021,11285,6643,7291,11287,28974304,29176672,28970496,28968608,29175776,28972096,32985160,33166536,43593160,36518008,36469624,43589416,108317195,108623547,108272683,108335518,108552958,108311739,125639015,125922759,171171083,141434569,141452233,171284477,9.047622099984437,9.189570200047456,9.260447600041516,9.175373899983242,9.212044599931687,9.637705500004813,9.927775000105612,10.017252399935387,12.450362299918197,10.941151300095953,10.716809000005014,12.28065339999739,,,,,,,,,,,,,3,4
5944,54,0.11320754716981132,0.7833333333333333,0.7666666666666667,47,60,46,0.5094339622641509,0.16981132075471697,0.07547316470025282,0.150945719766413,3,53,1.892635875362633,3.896103896103896,0.11320754716981132,2263,2011,2270,2151,2007,2140,3826,3331,8326,3589,3405,8327,7371096,7286168,7372152,7296728,7283992,7293560,11244760,11102200,17944360,10739128,10639032,17944936,26960941,26850218,26966901,26878781,26847197,26870501,43618506,43423405,70979782,41590017,41470521,71005904,1.9061415999894962,1.881681300001219,1.9000600000144914,1.9675281000090763,1.882398199988529,1.9049515000078827,3.402414000011049,3.201377300079912,4.727013200055808,2.8765087999636307,2.8236652000341564,4.930155800073408,,,,,,,,,,,,,5,5
5948,93,0.11956521739130435,0.45045045045045046,0.46846846846846846,50,111,52,0.3804347826086957,0.15217391304347827,0.1521777453042729,0.1630463153959009,3,92,2.0890454318119764,4.021739130434782,0.21739130434782608,2967,3850,2965,3910,3875,3937,4137,5325,7437,4033,5083,7435,14827440,14804208,14828336,14877392,14805712,14877008,19784328,19767432,25823944,18596776,18659944,25822792,54956225,55022374,54967681,55112201,55036502,55113697,76817274,76920674,102279553,71678036,71846877,102197304,3.9989532000618055,4.093612500000745,4.106074700015597,4.081354199908674,4.508779999916442,4.520225599990226,5.986819099984132,5.872155399993062,7.213221700047143,5.1678686999948695,5.632270999951288,7.135528100072406,,,,,,,,,,,,,3,2
5971,59,0.1724137931034483,0.6567164179104478,0.7014925373134329,44,67,47,0.3620689655172414,0.10344827586206896,0.17241591225570901,0.13793473620899022,3,58,2.1608030293653067,3.8068181818181817,0.27586206896551724,2564,3258,2558,2904,3268,2920,3736,4456,7786,3828,4258,7784,11543792,11489616,11544816,11505456,11488080,11502992,15102160,14991280,22302160,16178496,16112448,22301008,42749579,42764331,42763563,42758459,42777944,42757307,58168739,58130272,88389243,63168570,63144803,88503306,3.099949699942954,3.497506699990481,3.5027339999796823,3.571367399999872,3.2156546999467537,3.2146591000491753,4.441828700015321,4.3713340000249445,5.951358599937521,4.5313013000413775,4.676729700062424,6.149424700066447,,,,,,,,,,,,,3,5
5974,52,0.19607843137254902,0.7258064516129032,0.6774193548387096,45,62,42,0.45098039215686275,0.0784313725490196,0.11764977499842644,0.19607964577153325,3,51,2.2319505905237063,3.780487804878049,0.43137254901960786,2682,3164,2684,3290,3180,3304,3394,3940,6592,3571,4243,6595,12689232,12615920,12690384,12678992,12615088,12676720,14775184,14686576,19220248,15309688,15274744,19218040,47347788,47322156,47324009,47373660,47293932,47369324,56010780,55977353,74278012,58527147,58560044,74373299,3.490993299987167,3.8817516000708565,3.8806211000774056,3.9873775000451133,3.7125559000996873,3.6801278999773785,3.973504399997182,4.325953199993819,5.338216100004502,4.268663000082597,4.38266569992993,5.645684000104666,,,,,,,,,,,,,1,5
5975,102,0.0891089108910891,0.4140625,0.4296875,53,128,55,0.40594059405940597,0.1485148514851485,0.13861645219644697,0.168320326584087,3,101,2.1368142437154813,4.129032258064516,0.2376237623762376,4601,7312,4606,7514,7377,7574,6427,9667,10855,5701,8951,10851,36077440,36793376,36074304,36610048,36804736,36626112,46008184,46875640,55046920,41438120,42006120,55049320,135783856,136784968,135717512,136554056,136744064,136582664,179497936,180705552,218455472,159298058,160202426,218161186,10.830335399950854,10.840369499986991,10.569212700007483,11.155280700069852,10.724375999998301,10.768898500013165,14.84425989992451,14.655812500044703,16.26199460006319,13.100508800009266,12.470133399940096,15.293411600054242,,,,,,,,,,,,,1,3
5976,104,0.08737864077669903,0.44166666666666665,0.44166666666666665,53,120,53,0.49514563106796117,0.17475728155339806,0.10679924670263256,0.1553416085040685,3,103,2.216022073292223,3.947368421052632,0.2621359223300971,5005,7008,5008,7212,7058,7259,6449,8893,10869,6293,8893,10869,34849224,35162056,34850952,35280136,35171624,35287400,42796936,43174664,52963976,41590120,42087656,52963976,130894791,131414031,130947599,131605231,131442567,131580039,165851127,166481047,209392627,160360045,161127213,209392629,9.884655299945734,10.20351329992991,10.30554149998352,10.621517800027505,11.720118600060232,11.46242480003275,13.54432360001374,13.24360639997758,14.66874180000741,12.444442600011826,12.52425940008834,14.877124199992977,,,,,,,,,,,,,1,1
5977,98,0.23711340206185566,0.48598130841121495,0.48598130841121495,52,107,52,0.36082474226804123,0.13402061855670103,0.16495099148866674,0.11340381812121834,3,97,2.1250913630992216,3.8768115942028984,0.26804123711340205,4440,6144,4431,5572,6167,5604,5451,7051,9451,5547,6628,9448,28563320,29066360,28558360,28738648,29069816,28748440,31814520,32304120,38024120,32955416,33117848,38022392,106997636,107677460,106971724,107269812,107633292,107252980,120922932,121578548,146907896,126081658,126355650,147063170,8.248579599894583,9.693495400017127,9.582271800027229,9.125161199946888,8.337961200042628,8.31834420002997,9.83812410000246,10.066640999983065,11.079603400081396,10.139936799998395,10.119030600064434,10.747276000096463,,,,,,,,,,,,,3,3
5984,94,0.11827956989247312,0.5934065934065934,0.5824175824175825,54,91,53,0.46236559139784944,0.07526881720430108,0.16129329583547528,0.17204647430128628,3,93,2.113122014852555,3.3455882352941178,0.2903225806451613,530,660,520,524,658,532,826,1026,2026,861,821,2021,1116336,1146864,1114416,1117488,1146608,1119216,1531360,1574560,2445160,1545416,1540296,2444616,4071873,4115521,4070337,4073729,4116337,4076161,5844809,5908457,9289109,5860124,5849973,9293165,0.268297899980098,0.2768543000565842,0.27337250008713454,0.27213599998503923,0.2805229000514373,0.27374559990130365,0.37599450000561774,0.3750461000017822,0.5245822999859229,0.3709720999468118,0.36970029992517084,0.5265799999469891,,,,,,,,,,,,,3,3
5987,53,0.09615384615384616,0.7142857142857143,0.6507936507936508,45,63,41,0.5192307692307693,0.19230769230769232,0.11538639788677056,0.1538485197816044,3,52,2.059567800217484,4.144736842105264,0.15384615384615385,2014,2046,2025,2418,2056,2417,3193,3155,6727,3213,3653,6733,7064976,7049232,7068464,7191632,7052432,7190640,10536456,10498760,16060136,10332776,10473576,16059464,26211548,26198636,26219209,26382924,26191932,26368580,41373309,41330480,64289644,40414111,40600376,64315836,1.8394643000792712,1.8289316000882536,1.8620343999937177,1.842907499987632,1.8332647000206634,1.8376324999844655,3.0595740999560803,2.890269899973646,4.35623520007357,2.837919499957934,2.8302926999749616,4.168462999979965,,,,,,,,,,,,,1,2
5995,59,0.1206896551724138,0.5569620253164557,0.5822784810126582,44,79,46,0.4482758620689655,0.10344827586206896,0.06896790256723762,0.1034498739915354,3,58,2.0282154363896487,3.9898989898989896,0.22413793103448276,2474,3355,2468,2967,3372,2990,3736,4771,7786,3828,4559,7784,11147784,11301512,11147592,11279784,11306024,11284200,15231400,15430120,23525080,16451288,16645304,23523928,41611021,41856421,41620434,41805541,41875949,41816506,59452369,59759558,94834449,65250788,65521485,94761248,2.97579759999644,3.1138766000512987,3.3788303999463096,3.0811265000374988,3.0856789000099525,3.1550970000680536,4.194825500017032,4.219231000053696,6.475443400093354,4.59606819995679,4.996808500029147,6.4346472000470385,,,,,,,,,,,,,3,3
6002,94,0.06451612903225806,0.3533834586466165,0.38345864661654133,47,133,51,0.4731182795698925,0.08602150537634409,0.19355168529305486,0.19355070214688538,3,93,2.1561552760638145,4.262820512820513,0.3118279569892473,4090,7928,4080,7212,8005,7299,5101,9451,9251,5153,8695,9247,35904504,36930360,35900280,36546168,36946328,36568856,41009320,42143720,49654120,41471176,42205704,49651816,135270856,136698152,135179848,136151656,136724784,136272616,156701468,158290604,194215332,159495714,160598802,193916358,11.714503899915144,11.997581500094384,11.694448200054467,11.881529500009492,10.975743200047873,11.092830300098285,12.900098700076342,12.480254699941725,14.286263599991798,12.236340300063603,13.355892200022936,14.458483000053093,,,,,,,,,,,,,3,3
6007,49,0.125,0.71875,0.609375,46,64,39,0.5416666666666666,0.125,0.10416827980952803,0.312501293970854,3,48,2.009093274805475,4.0,0.25,1774,1744,1792,2266,1758,2262,3155,3003,5967,2536,3082,5968,5995392,6004288,5996288,6025472,6004928,6025344,9928760,9923896,13617496,7841296,7866256,13617976,22178975,22184703,22192322,22269359,22196719,22268815,39158495,39138618,53992999,29939415,30020479,53906124,1.5386087000370026,1.6878838000120595,1.5555115999886766,1.5336849000304937,1.554626900004223,1.5636599999852479,2.660772299976088,2.841726699960418,3.564628900028765,1.9323086999356747,1.967754999990575,3.407916900003329,,,,,,,,,,,,,2,1
6031,101,0.15,0.5148514851485149,0.504950495049505,52,101,51,0.47,0.08,0.12000170298852027,0.18000246055889874,3,100,2.0826028472491522,3.5815602836879434,0.25,3803,5492,3799,5250,5529,5291,4849,6817,9457,5146,6959,9458,24411672,24798264,24413400,24901944,24810072,24910872,28661128,29089672,38224648,30607488,31186080,38225224,91947975,92508764,91890132,92531596,92481799,92561596,110087076,110718084,150978492,119243718,120012902,150711526,7.0683024999452755,8.033679699990898,7.99878149991855,8.294832900050096,7.274458899977617,7.487879499909468,8.768002899945714,8.894374799914658,11.835305600077845,9.711850900086574,10.181631100014783,11.030990599887446,,,,,,,,,,,,,3,1
6038,95,0.13829787234042554,0.5151515151515151,0.5353535353535354,51,99,53,0.40425531914893614,0.11702127659574468,0.159576922736844,0.10638575677442899,3,94,2.032689104495578,3.6940298507462686,0.23404255319148937,4378,5677,4374,5449,5701,5477,5721,7177,10453,5701,6901,10451,27188592,27338064,27186480,27214608,27338416,27217648,32356584,32514664,41172872,32411320,32428920,41171720,101546922,101829234,101515837,101652789,101803898,101659282,124371458,124678754,161618378,124473724,124613172,161500092,7.896434499998577,8.67326489998959,8.813294299994595,8.607777200057171,7.95594179991167,7.921773499925621,9.842440399923362,9.947154900059104,11.79870160005521,10.014750099973753,9.211429000017233,11.460823699948378,,,,,,,,,,,,,3,3
6042,53,0.019230769230769232,0.6956521739130435,0.7246376811594203,48,69,50,0.40384615384615385,0.17307692307692307,0.17307782640609032,0.11538698132902098,3,52,2.0016617076776013,4.156626506024096,0.1346153846153846,2531,2633,2533,2756,2639,2760,4313,4509,9262,4043,4325,9260,9534048,9557472,9532320,9493440,9556128,9494016,15542536,15570760,24569512,14250544,14187376,24568360,35349454,35383438,35346094,35329318,35381723,35330310,61503886,61553291,99165094,56099021,56063438,99091637,2.704716599895619,2.494095699978061,2.482856299960986,2.5434399000369012,2.5537828999804333,2.5421911999583244,4.470248600002378,4.456922899931669,6.7083295999327675,3.752990600070916,4.048504599952139,6.494976500049233,,,,,,,,,,,,,1,4
6053,51,0.12,0.603448275862069,0.6896551724137931,35,58,40,0.62,0.06,0.16000215064268558,0.18000246174633502,3,50,1.9528528675001757,3.9726027397260273,0.26,1779,2027,1776,2003,2030,2009,2591,2813,5070,2483,2585,5067,6381872,6436208,6381072,6434800,6437200,6436464,8505392,8566960,11088584,7921608,7955336,11087144,23611526,23692054,23600926,23678518,23694158,23691947,32873998,32959102,43328962,30338225,30382098,43355722,1.6622306999051943,1.6766093999613076,1.6520996999461204,1.6510085000190884,1.6574654000578448,1.6786700999364257,2.218831399921328,2.3629553000209853,3.0268125999718904,2.061804199940525,2.1087884000735357,2.802282299962826,,,,,,,,,,,,,3,3
6056,98,0.20618556701030927,0.51,0.54,51,100,54,0.3917525773195876,0.12371134020618557,0.12371387625996445,0.0721667010562744,3,97,2.1683613623427953,3.623188405797101,0.28865979381443296,4583,6121,4571,5590,6143,5624,5611,7345,10252,6101,7201,10251,28300912,28611760,28300304,28578288,28618352,28584816,32421832,32754760,41972296,34816120,35145720,41971720,106165564,106634460,106093124,106478500,106590540,106505588,124080208,124591552,164883220,135086882,135532354,164823982,7.931043400079943,8.88359949993901,8.584587699966505,9.21448050008621,9.2028033999959,9.08012920001056,9.851350000011735,9.683588700019754,12.09570619999431,10.212877499987371,10.801670099957846,11.6554001000477,,,,,,,,,,,,,3,3
6058,56,0.09090909090909091,0.6024096385542169,0.5542168674698795,50,83,46,0.41818181818181815,0.18181818181818182,0.109094255709682,0.21818322061815046,3,55,2.151311020484782,4.322916666666667,0.2,2322,2876,2333,3344,2907,3364,4006,4906,8686,3745,5233,8689,10644872,10648712,10646568,10739656,10651304,10740104,17330560,17350720,27277000,15905032,16029448,27278728,39525092,39582567,39518639,39714823,39579172,39715399,68490460,68600223,109806680,62268243,62546218,109930867,2.798041900037788,2.8175603999989107,2.8066699999617413,2.813125599990599,2.834615199943073,2.8572937999852,5.132773899938911,5.1047757000196725,7.572671300033107,4.187838900019415,4.73643309995532,7.083798200008459,,,,,,,,,,,,,1,1
6066,53,0.17307692307692307,0.7096774193548387,0.6451612903225806,44,62,40,0.4423076923076923,0.11538461538461539,0.1346186319983994,0.21153965715068176,3,52,2.1014790947669875,3.780487804878049,0.25,1976,2019,1992,2520,2034,2519,3146,3109,6106,2830,3445,6110,7304528,7290096,7307088,7360848,7291344,7359344,10746112,10690464,14827656,9543352,9594520,14826120,27089112,27079392,27103053,27210440,27099672,27217376,41928364,41869929,58615312,36757180,36872651,58593232,1.9263363999780267,1.8868224000325426,1.892973600071855,1.8932269000215456,1.8972712000831962,1.9151119000744075,2.85434229997918,3.016880900016986,4.03395760001149,2.493928100098856,2.6269485000520945,4.012418500031345,,,,,,,,,,,,,1,2
6073,57,0.21428571428571427,0.7419354838709677,0.7096774193548387,46,62,44,0.44642857142857145,0.19642857142857142,0.19642968801781535,0.14285934511488968,3,56,2.085363060451258,4.133333333333334,0.2857142857142857,2631,2764,2630,2623,2763,2623,3785,3785,7784,4006,3961,7786,10145576,10060232,10146312,10038152,10057480,10035144,13026768,12897424,19777768,14359840,14236000,19778920,37289856,37217560,37292939,37183728,37206064,37171019,49905280,49775200,78397791,56044660,55917385,78295892,2.779941499931738,2.6661528000840917,2.614539199974388,2.62826520006638,2.6408400000073016,2.6298268000828102,3.74035089998506,3.534958500065841,5.440978899947368,4.647658700007014,4.533420599997044,5.49507820000872,,,,,,,,,,,,,4,6
6080,57,0.16071428571428573,0.6031746031746031,0.6984126984126984,38,63,44,0.39285714285714285,0.03571428571428571,0.196429413423175,0.17857471965752275,3,56,1.86118846683365,3.8414634146341466,0.21428571428571427,1762,2334,1759,2178,2348,2195,2839,3570,6064,2416,2906,6056,7617424,7643024,7617968,7658608,7644400,7659344,10760840,10792488,14505280,9389664,9437824,14504704,28204196,28288820,28216028,28301073,28302980,28302332,42177776,42285829,57182940,35990136,36089344,57220124,2.0455767000094056,2.1862323000095785,2.016477099969052,2.0122940000146627,1.995974799967371,2.019998100004159,3.0357960000401363,2.92328940005973,3.905035400064662,2.4493056000210345,2.6555375000461936,3.8039649999700487,,,,,,,,,,,,,3,1
6084,47,0.15217391304347827,0.6721311475409836,0.6721311475409836,41,61,41,0.5434782608695652,0.13043478260869565,0.06521874545749438,0.06521874803887762,3,46,1.8701860140669186,4.236111111111111,0.10869565217391304,2118,2249,2116,2131,2248,2132,3161,3201,6441,3241,3201,6441,7136808,7216456,7134568,7147336,7216424,7149480,9819304,9905064,14867624,10363304,10362024,14867624,26374180,26467596,26367204,26382305,26467460,26388260,38080924,38171889,58998284,40454508,40449923,58998284,1.8224622999550775,1.8383147999411449,1.8209989999886602,1.8254181999946013,1.8406360999215394,1.8211553000146523,2.8527528000995517,3.030762199894525,3.9922627999912947,2.80791400000453,2.872262000106275,4.059408799977973,,,,,,,,,,,,,3,3
6096,101,0.18,0.4642857142857143,0.4732142857142857,52,112,53,0.47,0.07,0.25000306850997733,0.1700020028045401,3,100,2.0097395619677516,3.916083916083916,0.22,3726,5792,3721,5414,5833,5460,5253,7645,10661,5407,7498,10660,25109416,25599272,25110216,25631528,25612552,25642792,32051240,32636968,44562856,33609112,34286392,44562280,94137620,94844857,94196025,94895649,94920345,94910932,125130521,125966745,178939505,132243315,133140363,178880331,7.102122699958272,7.9699946999317035,8.324676600052044,8.037059900001623,7.328629800002091,7.302082199952565,9.821983300033025,9.765444200020283,13.392367399996147,9.938367300084792,10.367915000068024,12.39194550004322,,,,,,,,,,,,,3,1
6098,51,0.2,0.6935483870967742,0.6935483870967742,43,62,43,0.32,0.06,0.14000216133426874,0.22000245936214924,3,50,1.75922437531366,3.9743589743589745,0.18,1560,1778,1577,2044,1795,2044,2699,2699,5815,2053,2699,5815,6718104,6721368,6721560,6786200,6723800,6784856,8993048,8941976,12021192,7801064,7893480,12021192,24764197,24788877,24766661,24879613,24791317,24878301,34331411,34279209,45987241,29312749,29472745,45987241,1.6765617999481037,1.6912759999977425,1.6918965000659227,1.7025687999557704,1.718634199933149,1.7088379999622703,2.427255699993111,2.457571899984032,2.896690599969588,1.8307512999745086,1.880472799995914,2.8358819000422955,3.0618499925670526,3.3012666584302983,3.2419166527688503,3.138766682241112,3.350016660988331,3.189083324590077,3.783383329088489,3.8854333300453923,4.597416671458632,3.753049997612834,3.6975000014839075,4.455000006904204,1,1
6110,99,0.20408163265306123,0.5047619047619047,0.47619047619047616,53,105,50,0.3673469387755102,0.1326530612244898,0.08163469917929675,0.14285981297084338,3,98,2.126320073211269,3.9473684210526314,0.22448979591836735,4872,5887,4876,6320,5912,6341,6028,7057,10242,6189,7489,10245,30254016,30344256,30256800,30604320,30350112,30605856,35412624,35487888,42182856,35036040,35340552,42184584,113199236,113394604,113202388,113699700,113373044,113673404,135755880,135937752,164076460,133786026,134225418,164253926,9.885488600004464,9.695212500053458,9.602610299945809,9.643279599957168,9.593975400086492,9.626532300026156,11.133205599966459,11.308611299959011,12.315829599974677,9.903965400066227,10.915274999919347,12.216414400027134,,,,,,,,,,,,,1,1
6112,47,0.1956521739130435,0.7037037037037037,0.7407407407407407,38,54,40,0.5434782608695652,0.06521739130434782,0.08695886842906475,0.1521769231337163,3,46,2.0058046413745414,3.6486486486486487,0.30434782608695654,1833,2294,1830,2248,2307,2264,2770,3394,5812,2739,3220,5810,7304464,7292560,7305072,7328176,7293424,7327952,10110784,10102048,14599216,9790920,9822888,14598256,26969175,27004751,26976975,27045444,27014583,27045855,39321875,39378416,57649679,37655483,37739386,57598015,1.9008028000826016,1.9443445999640971,1.9108616000739858,1.9216981999343261,1.9126841999823228,1.9267225000075996,2.9458347000181675,2.9467050000093877,3.958738899906166,2.5571100000524893,2.674682999961078,3.8325966000556946,,,,,,,,,,,,,3,2
6116,50,0.12244897959183673,0.7543859649122807,0.6842105263157895,43,57,39,0.40816326530612246,0.20408163265306123,0.20408383201883765,0.12245087121252199,3,49,2.1721946661356353,3.6538461538461537,0.22448979591836735,2295,2261,2288,2095,2253,2094,3079,3041,6119,3521,3201,6121,7040696,7019384,7038040,6955768,7016184,6955160,9187912,9164808,14124264,10436584,10308584,14125224,25875053,25850829,25880965,25779627,25845549,25767541,35130277,35103893,55926804,40716861,40555933,55978798,1.7098834000062197,1.7204637998947874,1.8064716999651864,1.7578648999333382,1.7124228000175208,1.7059942999621853,2.5101832000073045,2.519733799970709,3.527792299981229,2.769571700016968,2.872299899929203,3.537690500030294,4.007849997530381,4.104850018241753,4.9658500162574155,4.060850032450011,4.171316686552018,4.140183348984768,4.569966675868879,4.328133344339828,5.29176666168496,4.49520000256598,4.504449995389829,5.335533331769208,6,6
6125,91,0.1111111111111111,0.4857142857142857,0.4857142857142857,51,105,51,0.5111111111111111,0.1111111111111111,0.14444650154716024,0.18889026782320192,3,90,2.136080623111917,3.6713286713286712,0.24444444444444444,4282,6067,4281,6134,6107,6175,5329,7297,9649,5601,7601,9651,29054840,29540600,29051096,29385080,29547128,29396216,33504904,34039432,41730568,34523320,34849720,41731720,108854371,109526459,108868139,109390923,109562811,109415323,128681151,129421023,163297055,133338645,133869013,163415409,8.308031500084326,9.650483899982646,10.68405509996228,10.822852400015108,9.750889500021003,10.426836299942806,11.226270799990743,10.464829799951985,13.998297199956141,12.448521199985407,12.736599799944088,13.796424300060607,5.556566660137226,5.93736666875581,5.724699993152171,6.122533328986417,9.425833316830298,10.440449987072498,7.496950003163269,7.505516638047993,6.905950004390131,6.251899991184473,7.604466673607628,6.924266655308505,3,3
6161,97,0.08333333333333333,0.48672566371681414,0.4778761061946903,55,113,54,0.5416666666666666,0.11458333333333333,0.15625272202305496,0.11458590384427225,3,96,2.16808163198554,3.8698630136986303,0.3229166666666667,4770,6753,4776,7159,6804,7204,6520,8905,11502,6319,9073,11503,33474376,33996584,33477512,34223080,34012680,34234760,43060360,43679400,54803464,41387944,42257128,54804136,125853252,126584780,125857028,126853500,126643788,126907468,168574920,169445072,219271032,161111382,162270118,219346050,9.620915099978447,9.88331790000666,9.840588200022466,10.149522499996237,10.480866399942897,10.533715800032951,14.757341200020164,17.086228900006972,17.68481659993995,12.841402400052175,13.057608000002801,15.884192600031383,,,,,,,,,,,,,1,1
6165,55,0.16666666666666666,0.7777777777777778,0.7777777777777778,49,63,49,0.3148148148148148,0.12962962962962962,0.07407607643916789,0.09259656851645559,3,54,2.0848622345339507,3.75,0.2037037037037037,3058,3470,3041,2926,3461,2934,4177,4561,9265,4993,4561,9265,12805864,12825192,12803784,12795272,12823720,12795336,16158856,16161928,25372168,19175176,19104520,25372168,47404593,47466081,47382230,47362177,47460630,47378241,62038057,62080425,100820486,75381976,75266809,100820368,3.4293703999137506,3.9243664999958128,3.8990906999679282,3.8626292999833822,3.981860800064169,3.8972589999902993,4.946989500080235,4.929717100108974,8.675449800095521,6.327570999972522,6.883486800012179,7.551324200001545,,,,,,,,,,,,,4,4
6176,57,0.14285714285714285,0.5972222222222222,0.6527777777777778,43,72,47,0.44642857142857145,0.10714285714285714,0.17857281445841572,0.07143104829758938,3,56,1.907972916449325,4.285714285714286,0.19642857142857142,2000,2148,1995,1998,2147,2002,2701,2845,5221,2881,2845,5221,6564584,6582248,6562632,6521384,6580360,6521704,8301448,8312968,11909800,8923816,8855848,11909800,24238042,24271575,24235522,24194362,24261314,24187578,31746051,31771414,46683086,34495594,34424449,46683086,1.6708401999203488,1.6797973000211641,1.6855433998862281,1.6856821000110358,1.6862205000361428,1.687165700015612,2.402085500070825,2.2019156999886036,3.411144500016235,2.326528799952939,2.462915000040084,3.0568147999001667,,,,,,,,,,,,,3,4
6206,95,0.1595744680851064,0.4909090909090909,0.43636363636363634,54,110,48,0.4148936170212766,0.0851063829787234,0.07447005848727248,0.12766154846820504,3,94,1.9066964606276564,4.044117647058823,0.24468085106382978,4026,4938,4044,5602,4972,5618,5475,6211,9431,5152,6886,9436,24285168,24492528,24289360,24690160,24501072,24693808,29298840,29466648,36192952,28618048,29053792,36195832,90944389,91246770,90931586,91492693,91267258,91526770,112689030,112932742,142283562,110401352,111016560,142239988,6.827294600079767,7.05949320003856,6.939303599996492,7.319455899996683,7.093126300023869,7.100927699939348,8.824922500061803,8.572660899953917,10.290493300068192,8.722359800012782,8.640773099963553,10.164455099962652,5.260966659989208,5.555350023011367,5.240066675469279,5.488399998284876,5.992566681622217,5.946816682505111,5.744950011527787,5.826583326173325,6.111566675826907,6.476733329085012,6.397966664129247,6.333016654631744,1,1
6210,97,0.125,0.5392156862745098,0.5098039215686274,55,102,52,0.3854166666666667,0.15625,0.10416875663941028,0.08333573810523376,3,96,2.1637128008798814,3.591549295774648,0.2604166666666667,5027,6438,5034,6698,6476,6729,6529,8110,11068,6535,8587,11071,31361448,31790952,31362408,31830440,31801640,31839848,38852728,39332536,49981336,39527320,40104472,49978264,117483368,118062736,117537616,118181008,118082272,118145928,150831908,151479372,199209904,154236254,155029206,199404522,8.930408100015484,8.909251900040545,9.08102670009248,9.748325099935755,10.931338700000197,10.671058199950494,12.47963349998463,13.065650600008667,14.963750599999912,12.093984799925238,12.009549199952744,15.021499300026335,,,,,,,,,,,,,1,1
6212,98,0.14432989690721648,0.49,0.55,49,100,55,0.4845360824742268,0.12371134020618557,0.18556923724797353,0.12371403601299011,3,97,2.1396841344586135,3.378378378378378,0.24742268041237114,4037,5562,4035,5444,5599,5483,5833,7939,10423,5281,7057,10417,24564400,25012752,24563280,24941360,25022192,24952080,33321640,33900520,43390696,30259720,30712840,43391752,92280125,92886008,92309440,92835333,92945149,92863549,131366665,132164281,174229673,117391479,118029863,174238555,6.965188000001945,7.101480499957688,7.101133699994534,7.110534599982202,7.853629900026135,7.852106099948287,10.402469499967992,10.478938399930485,12.442892199964263,8.146510299993679,8.938442600076087,12.29700080002658,,,,,,,,,,,,,3,3
6220,97,0.13541666666666666,0.4782608695652174,0.5978260869565217,44,92,55,0.375,0.11458333333333333,0.14583700468938332,0.09375288221781375,3,96,2.145356625341891,3.5114503816793894,0.2604166666666667,4545,6119,4524,4932,6127,4961,5671,7237,9343,5419,5763,9332,26605296,26811760,26602736,26666544,26812592,26669840,30273016,30451000,35586184,29888960,29924736,35583880,100071520,100441517,100111557,100218501,100474845,100212405,115521296,115861280,137713669,114525800,114598847,137745871,7.470188300008886,8.454466499970295,8.510369899915531,8.547983999946155,7.778339300071821,7.8051038000267,9.051212499965914,9.52098210004624,10.478033200022765,8.707401699968614,9.206574799958616,9.923599599977024,5.3211500053294,5.599516676738858,6.312100022720794,5.767999973613769,6.019150003946076,6.037200005569805,5.900516659797479,6.1332333328512805,6.284983324197431,6.165133323520422,5.994100007228553,6.302766657123963,3,3
6224,55,0.2037037037037037,0.7833333333333333,0.6666666666666666,47,60,40,0.46296296296296297,0.07407407407407407,0.11111395676723784,0.11111508813014047,3,54,1.9576493890601758,3.8461538461538463,0.2037037037037037,2653,2560,2662,2876,2564,2871,3511,3316,7216,3727,3911,7223,10877416,10842952,10877864,10841672,10841704,10839976,12951544,12885400,17776312,13597016,13539608,17776024,40145071,40101188,40139783,40125175,40104636,40133903,49001355,48915336,68749119,51902234,51862555,68652983,2.935415400075726,2.9164019000018016,2.907844099914655,2.889089100062847,2.9037512000650167,2.889457599958405,3.708602999919094,3.7318543000146747,4.944028800004162,3.9014320001006126,3.8089205999858677,4.730781399994157,,,,,,,,,,,,,2,6
6229,98,0.10309278350515463,0.4344262295081967,0.4016393442622951,53,122,49,0.4329896907216495,0.09278350515463918,0.13402299485505395,0.16495177617594214,3,97,2.0910430705851595,3.8364779874213837,0.23711340206185566,4598,6677,4611,7408,6739,7457,5905,8257,10033,5721,8945,10037,33856760,34313720,33857336,34335224,34324184,34345976,40399240,40915336,48989704,39446888,39991016,48992008,127718528,128392168,127695032,128463808,128458456,128554536,155994844,156756060,193175468,151958738,152838098,193035854,9.703871499979869,10.152496300055645,9.892114200047217,9.984414899954572,10.024625000078231,10.064145399956033,13.304371300037019,12.274091899977066,13.857449500006624,11.750168600003235,12.654681500047445,14.386596599943005,,,,,,,,,,,,,1,1
6235,98,0.10309278350515463,0.45454545454545453,0.4380165289256198,55,121,53,0.4020618556701031,0.07216494845360824,0.14433180679778387,0.1030951628711113,3,97,2.012472651698264,4.115646258503402,0.23711340206185566,4523,7178,4502,6545,7215,6603,5409,8425,10869,6501,8425,10869,34415640,34743160,34413304,34729336,34748536,34736440,38752168,39121576,50173448,42556072,42835624,50173448,129111615,129715367,129171367,129700223,129717295,129641583,148108327,148791431,196614227,164750709,165230645,196614229,9.829551799921319,11.223076299997047,11.118042299989611,11.254755300004035,10.158705500070937,10.30794790002983,12.291669700061902,12.081909999949858,14.483397400006652,13.107798800105229,12.808469400042668,14.545863799983636,,,,,,,,,,,,,3,3
6242,103,0.08823529411764706,0.46788990825688076,0.45871559633027525,51,109,50,0.46078431372549017,0.08823529411764706,0.16666758712381124,0.17647315247450024,3,102,2.093119401052835,3.585526315789474,0.28431372549019607,4508,7205,4496,6675,7256,6738,5342,8429,9850,6051,8601,9851,33230328,33882296,33226360,33661400,33892760,33676824,37246008,38001784,48166344,41037320,41560520,48166920,124590313,125526753,124562489,125227697,125558233,125288041,141879377,142960233,189158869,158408479,159200431,188811391,9.593487399979495,10.75610679993406,9.896237100008875,10.108564699999988,9.884062000084668,10.05941059999168,11.729480899986811,12.047143399948254,14.00855699996464,11.795959100010805,12.696484600077383,13.327016899944283,,,,,,,,,,,,,3,3
6245,96,0.15789473684210525,0.5,0.49019607843137253,51,102,50,0.4105263157894737,0.14736842105263157,0.15789716253302208,0.15789812935614272,3,95,1.9980054735445143,4.015748031496063,0.15789473684210525,3700,5042,3699,4694,5069,4722,5097,6469,9458,5041,6337,9457,21315712,21520768,21316992,21542752,21526976,21547360,26204152,26429944,35553352,27542920,27840904,35552776,79899536,80244818,79899931,80230610,80236362,80219861,100774510,101143726,141192210,107699176,108132616,141139596,5.96421200002078,6.688296300009824,6.1068750999402255,6.131119400030002,6.79251529998146,6.5185374999418855,8.221988600096665,8.02474310004618,9.899984800023958,8.141902699950151,8.082550299935974,10.222522699972615,,,,,,,,,,,,,3,1
6254,51,0.16,0.6363636363636364,0.7121212121212122,42,66,47,0.42,0.08,0.2600018513854593,0.24000276690348982,3,50,1.8351419825062463,4.342105263157895,0.16,1948,2454,1948,2254,2470,2270,3125,3829,6909,2770,3394,6904,8487344,8563952,8488368,8565776,8567568,8568080,11444392,11545768,17360104,11032432,11173456,17361352,31317964,31445583,31315839,31425359,31451660,31431375,43945487,44119247,68332460,42711727,42918726,68334783,2.397873100009747,2.4535637999651954,2.3450751999625936,2.3642755000619218,2.384179800050333,2.359918399946764,3.319268999970518,3.4242363999364898,4.582555399974808,3.013303600018844,3.3738955999724567,4.582668800023384,,,,,,,,,,,,,1,1
6260,57,0.2857142857142857,0.7096774193548387,0.7258064516129032,44,62,45,0.42857142857142855,0.125,0.1964310440276417,0.03571649117761159,3,56,2.1917616515085276,3.9240506329113924,0.30357142857142855,2730,2990,2720,2656,2985,2661,3829,4049,7613,4172,3957,7612,10201072,10122672,10200816,10129456,10119760,10126736,13514856,13395176,20247560,14868544,14743328,20246984,37607418,37555495,37606714,37528346,37542722,37517799,52253754,52155642,80418363,57979582,57832365,80384718,2.6491846001008525,2.8302057000109926,2.822746599907987,2.7272529000183567,2.6919326999923214,2.7055010999320075,3.778021699981764,3.808226800058037,5.522567700012587,4.069211699999869,4.274256100063212,5.575770700001158,,,,,,,,,,,,,4,5
6268,50,0.1836734693877551,0.8166666666666667,0.7,49,60,42,0.3673469387755102,0.10204081632653061,0.14285934466051356,0.12245118261162875,3,49,2.2475504682405396,3.7974683544303796,0.3673469387755102,2604,2871,2613,3384,2889,3393,3814,4183,7914,4033,4897,7921,11318440,11338024,11319752,11417320,11340392,11417896,15875392,15899008,23104840,15781000,15894664,23108872,42083436,42131380,42096065,42271644,42124196,42253025,62556292,62619721,92840076,61575307,61776732,92708419,3.1077167000621557,3.271949299960397,3.2569542001001537,3.313174800015986,3.3335332000860944,3.3614928000606596,4.693232499994338,4.902039399952628,6.278091700049117,4.3346595000475645,4.5483166999183595,6.530764700029977,,,,,,,,,,,,,1,1
6277,95,0.13829787234042554,0.45714285714285713,0.47619047619047616,48,105,50,0.43617021276595747,0.10638297872340426,0.11702389989860673,0.1808530352910624,3,94,2.1505770701826723,3.8043478260869565,0.30851063829787234,3532,5464,3524,5112,5503,5159,4803,7106,8478,4559,6236,8472,22957112,23467640,22955544,23390360,23478168,23402104,28455800,29031256,34903808,26696984,27149688,34900352,85967291,86678136,86005664,86607080,86700899,86591720,110400412,111214068,137812916,102861746,103489563,137783926,6.432120900019072,7.698262899997644,7.027430700021796,7.4958472000434995,6.682657100027427,6.7133708000183105,8.627126900013536,8.521318099927157,9.809147300082259,7.535824500024319,8.204871600028127,10.068384499987587,,,,,,,,,,,,,3,3
6278,53,0.09615384615384616,0.6233766233766234,0.5454545454545454,48,77,42,0.40384615384615385,0.1346153846153846,0.19230947136664048,0.09615768269689468,3,52,2.176501709715091,4.375,0.3076923076923077,2617,3438,2610,3454,3456,3479,3199,4174,7372,4184,5030,7380,13311640,13367608,13311736,13478008,13370872,13479832,15423208,15494344,22649440,18518144,18671552,22649632,49660689,49802958,49662697,49916745,49807857,49918481,59056137,59229337,89375941,72284199,72524933,89289541,3.4340952000347897,3.6997052000369877,3.486010399996303,3.5006100999889895,3.600587800028734,3.5220874999649823,4.284802999929525,3.916204800014384,5.7187105000484735,5.385747199994512,5.273483199998736,5.825515000033192,4.349833334951351,4.257083346601576,4.185416658098499,4.712100004932533,4.494116680386166,4.492183351734032,4.680399996383737,4.746133325776706,5.574349993063758,5.101333333489795,5.08905000363787,5.649566669793178,3,1
6285,99,0.16326530612244897,0.5567010309278351,0.5567010309278351,54,97,54,0.5612244897959183,0.1326530612244898,0.21428713393967827,0.1428591877492905,3,98,2.1214047575694694,3.75968992248062,0.24489795918367346,4155,4548,4153,4444,4553,4451,5825,6189,10245,5587,5832,10242,19768624,19899376,19767408,19824080,19900496,19826960,26411528,26561288,34825960,25475032,25529912,34824232,73924351,74097882,73890183,73976279,74087394,74001167,103133371,103322870,138953703,98810349,98889933,139103529,5.832955799996853,5.581823999993503,5.598478699917905,5.767966200015508,5.577286400017329,5.578861799906008,8.18318689998705,7.8938999000238255,9.758473200025037,7.048670699936338,7.688829299993813,9.954869699897245,,,,,,,,,,,,,3,3
6303,56,0.21818181818181817,0.75,0.7166666666666667,45,60,43,0.5272727272727272,0.03636363636363636,0.16363804891112854,0.1090925965373489,3,55,1.959888977584134,3.658536585365854,0.2545454545454545,2920,2984,2924,3144,2988,3144,3721,3721,6921,3828,4000,6924,12182256,12224496,12182000,12214000,12224752,12214768,14343784,14374504,18420584,14636688,14647696,18418280,45485738,45535738,45485495,45539386,45528858,45534807,54743554,54776223,71506458,56151665,56179434,71441618,3.4963556999573484,3.619010300026275,3.6621130000567064,3.6643114000326023,3.641455200035125,3.627988399937749,4.112592800054699,3.973656199988909,5.026380600058474,4.239488499937579,4.308588500018232,5.155009999987669,,,,,,,,,,,,,1,3
6337,58,0.10526315789473684,0.569620253164557,0.5569620253164557,45,79,44,0.47368421052631576,0.17543859649122806,0.14035410534492448,0.1754399611933255,3,57,2.022746631063861,4.202127659574468,0.14035087719298245,2530,3198,2532,3220,3220,3240,3742,4602,7612,3741,4709,7613,11781216,11907328,11780704,11891424,11910592,11895296,15838624,16005120,23319592,16088680,16232296,23320168,43864872,44061557,43868776,44050536,44052805,44038184,61758865,62014356,93082133,62783996,63028627,93118304,3.2850754000246525,3.6491220000898466,3.711634899955243,3.738142100046389,3.6853526999475434,3.8978735000127926,4.7490817999932915,4.68877520004753,6.479412699933164,4.2816279999678954,4.7836877999361604,6.3379052999662235,,,,,,,,,,,,,1,3
6345,96,0.12631578947368421,0.5617977528089888,0.5730337078651685,50,89,51,0.5578947368421052,0.08421052631578947,0.14737116860372848,0.15789684817489041,3,95,1.9871208831579645,3.3712121212121215,0.2,3883,4544,3890,4916,4565,4930,5233,5905,9457,4999,6028,9458,21613536,21667744,21616640,21807040,21672384,21808224,26935432,26992264,33200776,25420152,25647512,33201352,80862846,80985443,80945059,81242966,81047454,81224195,104401147,104527011,130235478,97277758,97614525,130282973,6.03680300002452,6.827088300022297,6.779791300068609,6.822390400106087,6.590777099947445,6.346453500096686,8.616879399982281,8.393193600000814,9.291488600079902,7.387679400038905,7.534792299964465,9.37585680000484,,,,,,,,,,,,,1,1
6348,95,0.1595744680851064,0.5795454545454546,0.6136363636363636,51,88,54,0.4148936170212766,0.10638297872340426,0.12766235314577104,0.18085303150137214,3,94,2.2022914606880417,3.259259259259259,0.3404255319148936,3794,4328,3802,4632,4347,4643,5171,5688,8696,4693,5567,8695,19858536,19874472,19862120,20015848,19877800,20015016,25000760,24961656,30209112,22861416,23014504,30208536,73875603,73944784,73898019,74137395,73943848,74112843,96446952,96458664,118094180,86958663,87202750,118047358,5.509679700015113,6.633134200004861,6.232782599981874,6.29598779999651,6.316663400037214,6.299861099920236,7.611080300062895,7.18622030003462,8.371479099965654,6.3713878999697044,6.964545599999838,8.474061700049788,,,,,,,,,,,,,1,1
6349,55,0.14814814814814814,0.6619718309859155,0.5633802816901409,47,71,40,0.6296296296296297,0.12962962962962962,0.018522497758062348,0.20370485064470106,3,54,2.197281702687806,4.034090909090909,0.3333333333333333,2525,2984,2538,3456,3011,3470,3706,4252,7216,3773,5015,7223,11099440,11234448,11100944,11264144,11239248,11268208,15407296,15565792,22483768,15689832,15910632,22483480,41356027,41539431,41369143,41628931,41561311,41637271,60747495,60963483,90781852,61810723,62161866,90661943,2.940455599920824,3.0685358000919223,3.001968799973838,3.173043999937363,3.0568403999786824,3.3049286999739707,4.419917099992745,4.625251599936746,6.278877300093882,4.15309089992661,4.819814000045881,6.393738199956715,,,,,,,,,,,,,1,1
6352,47,0.1956521739130435,0.9791666666666666,0.9791666666666666,47,48,47,0.391304347826087,0.10869565217391304,0.15217460376089034,0.08695952539109504,3,46,1.9611893853722384,3.2876712328767126,0.21739130434782608,2380,2601,2365,2079,2589,2082,3543,3681,8511,4233,3681,8511,8159504,8200816,8157744,8145136,8200048,8145936,11023592,11060392,19663496,13778808,13743480,19663496,30099634,30164330,30101383,30058010,30155690,30048178,42435011,42485814,78654642,54655437,54561702,78655441,2.140898899990134,2.1709965000627562,2.1733693999703974,2.2679317999863997,2.2358376999618486,2.152006100048311,3.1093031999189407,3.112641000072472,5.189353100024164,3.858032300020568,3.707851800019853,5.326380099984817,,,,,,,,,,,,,4,4
6355,52,0.21568627450980393,0.8,0.7,48,60,42,0.5490196078431373,0.0196078431372549,0.09804253140464425,0.07843408174812794,3,51,1.9051322470768728,3.947368421052632,0.29411764705882354,2833,2838,2834,2988,2835,2984,3732,3568,7750,4231,4090,7756,11598768,11513648,11602640,11663504,11514384,11660336,14037936,13908048,19371216,15294696,15329288,19374672,43064825,42979953,43052438,43129857,42954745,43118566,53692797,53546426,75811617,59364772,59385213,75835568,3.2143186000175774,3.5606051000067964,3.256201700074598,3.2775946999900043,3.2529563000425696,3.31297019997146,3.787376500084065,4.056412299978547,5.259157299995422,4.385698899975978,4.207670800038613,5.407361899968237,,,,,,,,,,,,,1,2
6357,46,0.13333333333333333,0.8771929824561403,0.8070175438596491,50,57,46,0.5111111111111111,0.1111111111111111,0.20000238825256625,0.11111384901838998,3,45,2.2199613563140392,3.8513513513513513,0.3111111111111111,2622,2750,2627,2872,2755,2872,3828,3828,8472,4117,4362,8478,10736968,10708936,10738984,10763560,10708936,10761640,14274800,14192240,21887520,15576248,15576248,21890976,39800321,39783925,39791261,39840705,39808349,39872899,55147198,55062945,86576414,60736653,60760845,86413240,2.9845852999715135,2.8028925999533385,2.8178582000546157,3.0180268000112846,2.851557100075297,2.856150000006892,4.149477099999785,4.088656299980357,5.732568699982949,4.056719499989413,4.581998500041664,5.9068249999545515,,,,,,,,,,,,,1,2
6360,60,0.15254237288135594,0.4444444444444444,0.5555555555555556,36,81,45,0.4406779661016949,0.03389830508474576,0.16949387935732127,0.11864564085174036,3,59,2.0211745592381734,4.05,0.3050847457627119,2321,3780,2306,3164,3804,3203,3109,4747,5923,3116,3956,5916,12516072,12717768,12513992,12656136,12721736,12661608,15204520,15434344,19130680,15139184,15278064,19130584,46891922,47243226,46908647,47137306,47263194,47141687,58601570,59000463,74805814,58227589,58451110,74727613,3.4216188000282273,3.6242284999461845,3.9153398000635207,3.899697400047444,3.5706236000405625,3.5784396999515593,4.481494599953294,4.474157600081526,5.419820100069046,4.563453700044192,4.469555599964224,5.41665919998195,,,,,,,,,,,,,3,3
6375,96,0.10526315789473684,0.4297520661157025,0.4380165289256198,52,121,53,0.42105263157894735,0.12631578947368421,0.1368434135189378,0.13684437346742734,3,95,2.155206037244972,3.9285714285714284,0.2736842105263158,3550,5194,3542,4672,5225,4711,4701,6534,8884,5077,6534,8884,20529944,20684824,20530232,20739192,20690424,20743128,25087240,25272232,35212544,27886936,28150136,35212544,77004749,77328026,77003293,77330642,77378994,77379653,96687038,97059462,140292282,109212160,109626249,140292196,5.646416100091301,5.8281856999965385,5.809454099973664,5.863580500008538,6.283159500104375,6.5540631000185385,7.132596999988891,7.172406700090505,9.768883400014602,8.2465393000748,7.948873400106095,9.822239700006321,,,,,,,,,,,,,3,1
6377,50,0.08163265306122448,0.6615384615384615,0.6615384615384615,43,65,43,0.40816326530612246,0.1836734693877551,0.14286028006950355,0.06122762218060694,3,49,2.1953450477553167,4.113924050632911,0.32653061224489793,2482,3160,2468,2579,3163,2596,3319,4033,7099,3907,4033,7099,10202624,10276544,10199296,10161664,10275008,10163680,12470152,12554824,19612168,15268024,15203512,19612168,37827463,37971335,37826052,37798655,37953023,37782791,47640020,47797639,78063792,60234899,60183770,78062995,2.689547499991022,2.6816921000136063,2.6856279999483377,2.7295259000966325,2.8540639999555424,2.690938299987465,3.5114841999020427,3.4342661999398842,5.137023700051941,4.489561300026253,4.532643900020048,5.288190699997358,,,,,,,,,,,,,3,4
6395,53,0.09615384615384616,0.734375,0.65625,47,64,42,0.40384615384615385,0.09615384615384616,0.17307870328211442,0.1346186354236964,3,52,2.023212406157787,3.7209302325581395,0.2692307692307692,3035,3108,3040,3262,3111,3260,3978,3896,7586,4233,4371,7591,13097888,13179552,13100128,13251616,13182336,13252160,15365680,15387984,20770136,16423624,16551688,20773016,48446422,48534446,48452083,48625598,48552451,48637934,58085211,58096950,80471970,63006338,63148466,80466801,3.5195318000623956,3.9983602999709547,3.941354400012642,3.969372499966994,4.040035599959083,3.995666000060737,4.28777589998208,4.003795600030571,5.276431199978106,4.763942599995062,4.853411399992183,5.522851599962451,,,,,,,,,,,,,1,1
6397,101,0.14,0.4473684210526316,0.4473684210526316,51,114,51,0.44,0.1,0.19000185674522072,0.10000306973233819,3,100,2.0558442453453867,3.8,0.23,4260,6362,4254,6002,6403,6049,5501,7851,10051,5801,7851,10051,28337976,28857784,28338744,28904632,28871480,28916792,34085320,34693320,44769320,36132520,36817320,44769320,106660230,107396934,106641606,107390406,107332758,107342465,132435450,133286122,178799322,141444624,142343680,178799260,8.106116399983875,8.189203000045381,8.13660140009597,8.199181900010444,8.218538400018588,8.23035730002448,10.446175900055096,10.154486099956557,12.869367299950682,10.579392099985853,11.5470913000172,13.221740399952978,5.383933331662168,5.85698332482328,5.420633339478324,5.64508334112664,6.460233339263747,6.774616660550237,6.098733322384457,6.020066696995248,6.489466681766014,5.945483319616566,6.176716667444755,6.411083314257364,3,1
6431,55,0.2037037037037037,0.7692307692307693,0.7538461538461538,50,65,49,0.42592592592592593,0.037037037037037035,0.055559808556507856,0.055558128554063536,3,54,1.7938410442935642,3.963414634146342,0.2037037037037037,2806,3492,2789,2792,3489,2806,3793,4465,9457,4705,4558,9458,12616600,12731096,12613688,12605368,12730968,12607800,15363976,15480712,25260424,19595816,19589544,25261000,46977394,47162837,46982557,46977813,47143005,46951586,58993993,59181001,100737125,77716864,77697769,100775020,3.439953900058754,3.439315399969928,3.4898814000189304,3.454560899990611,3.4621432999847457,3.4766872000182047,4.352089299936779,4.575569499982521,6.696838699979708,5.60747479996644,5.903365600039251,7.039934900007211,4.0951833555785315,4.1168499932003515,5.793083342723548,4.247016642087449,4.471850018793096,4.523149982560426,4.890283317460368,4.931200004648417,5.723116667165111,5.080099993695815,5.340349996307244,6.336699996609241,3,4
6437,101,0.13,0.4661016949152542,0.4406779661016949,55,118,52,0.46,0.1,0.11000276752747595,0.18000139424111694,3,100,2.0162316516386842,3.8815789473684212,0.22,4487,6366,4497,6724,6417,6765,6121,8212,11068,5941,8695,11071,31789904,32026736,31789104,31943344,32030256,31948624,39277864,39547144,50994808,39357544,39547624,50991736,118617925,119051101,118621229,119005157,118991685,118944133,151477501,151965205,201974305,152379051,152853595,201738075,9.238621300086379,9.523541899980046,9.196260099997744,9.167804599972442,9.28647449996788,9.288421900011599,11.950127299991436,12.462019999977201,14.254534199950285,12.097036799998023,12.29035839997232,14.498091400018893,,,,,,,,,,,,,1,3
6449,50,0.12244897959183673,0.6451612903225806,0.6451612903225806,40,62,40,0.40816326530612246,0.061224489795918366,0.22449106471708083,0.14285996988206645,3,49,1.9468937839074192,3.9743589743589745,0.22448979591836735,1741,2068,1750,2452,2089,2464,2848,3316,6124,2497,3316,6124,7457728,7508128,7458720,7541856,7511072,7544128,10985008,11073616,14973616,9270568,9385384,14973616,27643678,27729446,27635251,27790854,27734350,27805638,43320170,43458858,59397594,35474837,35674406,59397594,1.9897757000289857,1.9872270000632852,2.085630499990657,2.0477024000138044,2.0962995000882074,2.0370090000797063,3.1674129999009892,3.071065600030124,4.2011885000392795,2.825350899947807,2.6526531000854447,4.29585960006807,,,,,,,,,,,,,1,1
6454,60,0.13559322033898305,0.8064516129032258,0.7903225806451613,50,62,49,0.4406779661016949,0.0847457627118644,0.16949464917830112,0.13559557327416616,3,59,2.1886909786390176,3.780487804878049,0.3389830508474576,3498,3466,3502,3806,3469,3805,4801,4753,9073,4513,4654,9072,16290728,16275368,16292136,16369128,16276360,16368648,20892424,20869384,25782664,18661400,18708024,25782088,60603238,60583417,60645433,60753561,60615025,60742774,80921686,80892633,100525442,70740789,70802428,100488540,4.530558799975552,4.614445699960925,4.5234657999826595,4.575863300007768,4.568624600069597,4.695164000033401,6.375219500041567,6.325894400011748,7.000325599918142,5.0145876000169665,4.992639400064945,6.805092100054026,,,,,,,,,,,,,2,2
6456,101,0.2,0.5047619047619047,0.4857142857142857,53,105,51,0.44,0.14,0.16000185378361492,0.15000261255772784,3,100,2.176970952538297,3.723404255319149,0.24,4193,4906,4191,4858,4920,4874,5329,6097,9457,5538,6224,9458,22557192,22686248,22556520,22675976,22687912,22678536,26583688,26706568,34254472,27415824,27497360,34255048,84991986,85196327,84877551,85066442,85080314,85067335,101797575,102000711,134324947,105659061,105812749,134377629,6.939148499979638,7.351883900002576,7.533808799926192,7.163358299992979,7.326931899995543,7.659984300029464,8.528188899974339,9.32691059994977,10.252295600017533,9.901279399986379,9.404517899965867,9.376408300013281,5.873850003505747,8.068749972153455,5.416299992551406,6.646783323958516,10.698716660651067,8.030883366397271,6.56006665667519,6.87756664895763,8.667566677710662,6.467216667563965,6.076333326442788,6.156766670756042,3,3
6484,103,0.17647058823529413,0.4803921568627451,0.5196078431372549,49,102,53,0.49019607843137253,0.12745098039215685,0.14706108742393553,0.05882534570991993,3,102,2.0462409189180804,3.6690647482014387,0.18627450980392157,4480,5642,4469,4991,5652,5012,5669,6761,10037,5761,6241,10033,25701048,25840248,25698904,25699288,25839864,25701688,29695432,29820232,37290760,30983944,30965512,37288456,96024524,96285519,96029479,96084276,96239484,96032828,113219424,113459520,145654012,119254266,119285082,145443294,7.111955299973488,8.113479900057428,8.053672300069593,8.115366599988192,8.195735400076956,8.619190600002185,9.353233800036833,9.8391716000624,11.033841599943116,9.226306800032035,9.532736200024374,10.794260800001211,,,,,,,,,,,,,3,3
6490,59,0.15517241379310345,0.8135593220338984,0.8305084745762712,48,59,49,0.5172413793103449,0.05172413793103448,0.06896790666184549,0.1379329028483159,3,58,1.9822519120847142,3.430232558139535,0.2413793103448276,2565,2636,2569,2788,2639,2787,4225,4177,8689,3781,3916,8686,10213872,10159920,10213360,10137040,10156880,10134352,15511048,15382024,21991048,13746760,13609960,21989320,37670673,37624057,37692358,37637401,37642385,37634609,61044430,60909705,87355170,53022901,52900356,87255629,2.7035629999591038,2.918641999945976,2.712565999943763,2.712800099980086,2.7337955000111833,2.6995520000346005,4.6388812001096085,4.598924400052056,6.001148400013335,3.578699400066398,3.787654200103134,6.144315700046718,,,,,,,,,,,,,1,6
6491,54,0.1320754716981132,0.6111111111111112,0.5555555555555556,44,72,40,0.41509433962264153,0.1509433962264151,0.18868242578475541,0.1320778030840645,3,53,2.1432518334427852,4.044943820224719,0.24528301886792453,426,460,429,492,465,494,781,821,2181,973,1108,2188,674424,687800,674776,692920,689240,694008,1153736,1175496,2622216,1454472,1493352,2623464,2445848,2463096,2447680,2472664,2465920,2473608,4445140,4471444,10288976,5706012,5759220,10276872,0.16075769998133183,0.1690596000989899,0.16234320006333292,0.16330849996302277,0.1638212000252679,0.16155780002009124,0.27338839997537434,0.27498939994256943,0.5421625000890344,0.34503990004304796,0.3466360999736935,0.5670994999818504,,,,,,,,,,,,,1,1
6494,95,0.18085106382978725,0.5444444444444444,0.5777777777777777,49,90,52,0.4787234042553192,0.10638297872340426,0.13830065164724958,0.1808536808016373,3,94,2.0062386489289956,3.488372093023256,0.22340425531914893,3735,5162,3715,4319,5177,4354,4846,6631,9844,5521,6241,9841,20788920,21144184,20783096,20857016,21146200,20865400,25144744,25572328,36495304,28285576,28382344,36493576,77469301,77970232,77477725,77612701,77984624,77619381,97113481,97724020,145568389,110780996,110951531,145410375,5.876723000081256,6.7917393000097945,6.618956600083038,6.629406500025652,6.677871400024742,6.525559299974702,7.703910699929111,7.590547100058757,10.044033899903297,8.498657399904914,8.695142599986866,10.498857100028545,,,,,,,,,,,,,3,3
6502,95,0.11702127659574468,0.5145631067961165,0.5339805825242718,53,103,55,0.44680851063829785,0.09574468085106383,0.17021603033719387,0.15957676230662285,3,94,2.078229291742128,3.7050359712230216,0.2553191489361702,3592,5257,3591,5067,5296,5107,4801,6721,9265,4849,6721,9265,23383720,23801352,23380552,23578024,23806760,23588168,27728008,28214920,36965896,28754440,29014024,36965896,87391467,87983387,87399670,87749683,87995899,87755030,106275146,106963439,145423771,111213257,111665857,145423837,7.002690900000744,7.5222809999249876,7.892897599958815,7.56443470006343,6.866821700008586,6.822525499970652,8.598456699983217,8.316171600017697,10.66329830000177,8.455896599916741,9.29837370000314,10.0013529000571,,,,,,,,,,,,,3,3
6511,55,0.2222222222222222,0.711864406779661,0.7966101694915254,42,59,47,0.3333333333333333,0.037037037037037035,0.16666866571176797,0.1296324785798788,3,54,1.8910840985092598,3.8815789473684212,0.2037037037037037,2272,3056,2259,2390,3062,2409,3405,4279,7591,3568,3814,7586,9460544,9637504,9458400,9494400,9638944,9498560,12594952,12786312,20260024,14326576,14385616,20257144,35226975,35484975,35232615,35283694,35479135,35272151,49058998,49340015,81212583,56798528,56883231,81219440,2.396881500026211,2.5959489000961185,2.3773279999149963,2.4410627000033855,2.46128539997153,2.4564900000113994,3.731908099958673,3.648824700037949,5.316803999943659,3.9167133999289945,3.9604502000147477,5.260359100066125,4.052366673325499,3.9842333256577454,3.9347666703785458,3.955100003319482,4.1820166710143285,4.072649986483157,4.485033336095512,4.615933323899905,5.572849981642018,4.501000007924934,4.6368833670082195,5.5502833177646,3,3
6517,91,0.18888888888888888,0.5,0.51,50,100,51,0.45555555555555555,0.16666666666666666,0.1777798302549248,0.12222546346796055,3,90,2.0695767463163937,3.937007874015748,0.17777777777777778,3052,3070,3052,3017,3066,3013,4321,4141,8326,4417,4233,8327,12067448,12021944,12067256,11992344,12019160,11990008,15575920,15470800,22018120,16196200,16068136,22018696,45145187,45099718,45185750,45106171,45117702,45082462,59785111,59659482,86860623,63109334,62961021,86892826,3.3333968999795616,3.3128777999663725,3.338135299971327,3.519874699995853,3.415956999990158,3.4013975999550894,4.436039999942295,4.341317499987781,5.977572100004181,4.775054599973373,4.605304899974726,6.148824500036426,,,,,,,,,,,,,6,6
6523,57,0.21428571428571427,0.746031746031746,0.6825396825396826,47,63,43,0.42857142857142855,0.10714285714285714,0.08928792079677805,0.25000165410373093,3,56,2.1585778916884615,3.9375,0.30357142857142855,3116,3000,3127,3432,3005,3426,4327,4075,7771,4233,4463,7775,12625608,12616904,12625544,12611208,12616072,12610568,16592536,16565656,21678568,15877512,15839240,21680872,46704424,46684824,46715877,46731544,46690048,46727165,64013632,63962557,85245504,61052903,61037016,85202751,3.3695637000491843,3.6773899999679998,3.7630957999499515,3.834946100017987,3.911694100010209,3.890516999992542,4.920800599968061,4.556381299975328,6.107908000005409,4.1285325000062585,4.578540199901909,6.181577799958177,4.357950024617215,4.443833332819243,4.306333333564301,4.501399991568178,4.672666662372649,4.723533328312139,4.9440500054818886,4.93104998410369,5.436800032233198,4.809100006241351,5.174133325150858,5.248399994646509,2,6
6524,52,0.09803921568627451,0.7818181818181819,0.8,43,55,44,0.5098039215686274,0.1568627450980392,0.039217798272147775,0.15686485939659178,3,51,2.010101222891542,3.5256410256410255,0.17647058823529413,2269,2242,2272,2442,2244,2441,3445,3404,6930,3403,3487,6931,8003448,7990680,8004120,8022488,7991000,8022072,11494296,11477240,16541560,10824088,10837528,16542136,29589219,29573310,29577710,29613758,29573838,29625611,45108870,45088062,65844299,41789542,41811774,65735093,2.0452967999735847,2.163416999974288,2.0565829999977723,2.104484000010416,2.0730378999141976,2.0913139999611303,3.416271499940194,3.3582984000677243,4.320130000007339,2.775514499982819,3.005302399978973,4.382142800022848,3.943166676132629,3.9084499973493316,3.9989666547626257,4.012066676902274,4.046716649706165,4.476099992947032,4.596549998192738,4.535316664259881,4.911966699485977,4.497783336167534,4.5446666578451795,4.92908334126696,2,2
6534,55,0.16666666666666666,0.6666666666666666,0.7833333333333333,40,60,47,0.3333333333333333,0.07407407407407407,0.0925971314492118,0.14815014170017093,3,54,2.182425051725501,3.658536585365854,0.35185185185185186,2989,3422,2975,2884,3417,2893,3871,4276,7066,3901,3706,7060,12634272,12634304,12634272,12618528,12633536,12617984,14941240,14916760,19327120,15363928,15333976,19327888,46815468,46859396,46839201,46812692,46882137,46811932,56700240,56717453,74559568,58479619,58428148,74534015,3.8502912999829277,3.843159200041555,3.8416870000073686,3.9187284000217915,3.889205600018613,3.878084999974817,4.087119600037113,4.127803400042467,5.046590599929914,4.036461899988353,4.177964400034398,5.084996200050227,4.3834666527497275,4.52965001265208,4.414716657872002,4.441349999979138,4.845399991609156,4.7446500199536485,4.745300024903069,4.9102166667580605,5.400766676757485,4.819766676519066,5.098149995319545,5.233400016246985,4,6
6536,56,0.05454545454545454,0.5512820512820513,0.6025641025641025,43,78,47,0.4909090909090909,0.16363636363636364,0.1454570587004789,0.09091161064464938,3,55,2.1291104912124963,4.333333333333333,0.21818181818181817,2639,2968,2636,2886,2977,2898,4003,4555,7775,3781,4159,7771,10491440,10565904,10490512,10541648,10567664,10544592,15189720,15325144,22020904,14263720,14337640,22018600,39026720,39136373,39023768,39099976,39143104,39111693,59822004,60015857,88491748,55598111,55709696,88536035,2.809818800073117,2.7846208999399096,2.852606500033289,2.859738399973139,2.7837101999903098,2.7851078999228776,4.521078999969177,4.583184299990535,6.316168599994853,3.7642931999871507,3.803816800005734,6.081514599965885,,,,,,,,,,,,,3,3
6559,55,0.14814814814814814,0.6212121212121212,0.6363636363636364,41,66,42,0.4444444444444444,0.14814814814814814,0.12963247638092273,0.18518746679183096,3,54,2.2304126764173478,3.6666666666666665,0.2962962962962963,2255,2908,2254,2964,2932,2989,3281,4306,6602,3241,4201,6601,10020376,10128504,10020600,10163608,10133144,10167736,13930024,14099272,19870760,13322344,13507944,19874024,37352786,37528519,37367962,37584458,37534314,37575895,54444614,54720211,79305786,51765318,52051173,79443218,2.6886384000536054,2.700942000024952,2.6628974999766797,2.6910988999297842,2.7063210000051185,2.713644600007683,4.2133032999699935,4.276766499970108,5.360151399974711,3.5475311999907717,3.890294999931939,5.4000166999176145,,,,,,,,,,,,,3,1
6560,95,0.1276595744680851,0.5,0.5196078431372549,51,102,53,0.4148936170212766,0.09574468085106383,0.12766235567223122,0.1276613810902184,3,94,2.0119538270418653,3.7777777777777777,0.19148936170212766,4380,5874,4369,5348,5897,5382,5565,7333,10453,5901,7051,10451,26645064,26869000,26643848,26857128,26874152,26862440,31710120,31986344,41984072,33478920,33736520,41982920,99996571,100374555,99974195,100286734,100399638,100334779,122248787,122707539,166445023,130159505,130534817,166326673,7.320202099974267,8.324077899917029,8.75835289992392,8.39232580002863,7.668743900023401,7.684663299936801,9.48192580009345,9.967128599993885,12.060296999989077,10.054308300022967,10.545980600058101,11.88838180003222,,,,,,,,,,,,,3,3
6562,57,0.125,0.6164383561643836,0.6301369863013698,45,73,46,0.48214285714285715,0.10714285714285714,0.10714424622710794,0.1071445144604825,3,56,2.026568645548178,4.055555555555555,0.2857142857142857,3028,3541,3031,3600,3553,3609,4276,4681,7966,4049,4577,7965,14867320,14838104,14870328,15005976,14840984,15004664,18627280,18568240,23849800,17912040,18038760,23849224,55090709,55114064,55119485,55312200,55143632,55312597,71458312,71442101,93151561,68594948,68776067,93113796,4.01023539993912,4.53637530002743,4.550156399956904,4.537418699939735,4.147187400027178,4.127813800005242,5.695783599978313,5.591110900044441,6.628304000012577,4.878364700009115,4.970911500044167,6.513789899996482,,,,,,,,,,,,,1,2
6563,105,0.1346153846153846,0.5098039215686274,0.49019607843137253,52,102,50,0.4326923076923077,0.11538461538461539,0.16346420182470375,0.12500178421256491,3,104,2.086127420547477,3.591549295774648,0.22115384615384615,3847,5066,3851,5088,5098,5116,5124,6440,8884,4936,6440,8884,22360152,22611768,22360184,22583704,22617208,22589656,27341360,27621104,34753072,27214272,27469952,34753072,83529698,83906283,83554930,83904698,83914507,83888762,105269034,105684682,136494210,104537163,104946859,136494148,6.270810800022446,6.63517150003463,6.575659700087272,6.356488500023261,7.146484000026248,7.096660799928941,8.245241299970075,8.377193599939346,9.558561499929056,7.6662563000572845,7.846923700068146,9.183954100008123,,,,,,,,,,,,,1,1
6586,99,0.15306122448979592,0.4690265486725664,0.45132743362831856,53,113,51,0.5612244897959183,0.1836734693877551,0.11224772075039087,0.19387974675355138,3,98,2.223544473738497,3.923611111111111,0.3163265306122449,5234,6859,5234,6828,6895,6864,6301,8101,10451,6553,8425,10453,33722664,34116872,33722504,34093960,34125288,34102632,38830120,39263720,48077320,40564264,41001896,48078472,126748735,127313431,126748591,127287359,127304599,127278719,149312811,149935147,188914515,157143873,157777817,189047461,9.915548500022851,10.385956700076349,9.782958899973892,9.827482599997893,10.866371100069955,11.219832799979486,12.679107200005092,12.454735599923879,13.593548999982886,11.793351899948902,11.966002599918284,13.483220500056632,,,,,,,,,,,,,1,3
6601,95,0.22340425531914893,0.5578947368421052,0.5263157894736842,53,95,50,0.5212765957446809,0.1595744680851064,0.1595764382881053,0.1702150608081014,3,94,2.103575937825638,3.89344262295082,0.24468085106382978,4099,3823,4117,4504,3832,4495,5930,5489,9850,5151,5601,9851,18293528,18069336,18298104,18232440,18068472,18226168,25390752,25083424,31702344,21994120,21950920,31702920,67694155,67438462,67706347,67680102,67454915,67682206,99585507,99230323,126059087,84211394,84215729,126105945,4.9772280000615865,5.151826299959794,5.106863399967551,5.115529200062156,5.141530900029466,5.433196799946018,7.786597600090317,7.260024799965322,8.986313600093126,5.872441599960439,6.21226800000295,8.734895800007507,,,,,,,,,,,,,2,5
6605,96,0.10526315789473684,0.5048543689320388,0.5242718446601942,52,103,54,0.4105263157894737,0.10526315789473684,0.04210865507392507,0.10526510862339485,3,95,2.108253364593643,3.7591240875912413,0.29473684210526313,4171,5498,4175,5553,5531,5582,5713,7192,10456,5509,7192,10456,25738808,26166072,25736216,25962648,26171608,25972120,32268832,32751904,41999632,31949368,32231704,41999632,96489052,97055783,96482671,96852540,97064300,96867716,125337616,125976808,166651344,123854590,124311286,166651290,8.264497500029393,8.520802000071853,8.187046600040048,8.496278699953109,7.611352700041607,7.770272299996577,10.024764300091192,9.38199539994821,12.224145699990913,9.149759700056165,9.188961699954234,11.428890300099738,,,,,,,,,,,,,1,3
6607,97,0.10416666666666667,0.45132743362831856,0.4336283185840708,51,113,49,0.4895833333333333,0.0625,0.14583558223966975,0.1250025692716008,3,96,1.8709780276847292,3.8698630136986303,0.19791666666666666,3504,6048,3490,5348,6092,5406,4465,7249,9265,5137,7249,9265,25423392,25846560,25423424,25832960,25856736,25842368,29342344,29793928,39970312,33192328,33680776,39970312,95043311,95728927,95061679,95665343,95756610,95673783,112254139,112993243,157978791,129625917,130334973,157978857,7.237207300029695,8.126745900022797,8.07878829992842,8.060672600055113,7.916574000031687,7.576490400009789,8.967436600010842,8.394499699934386,10.986054899985902,10.541847700020298,10.763965599937364,11.640072999987751,,,,,,,,,,,,,3,1
6620,101,0.18,0.5698924731182796,0.5806451612903226,53,93,54,0.42,0.09,0.11000169942853973,0.08000230918405578,3,100,2.0699902382619997,3.6046511627906974,0.22,4547,4517,4555,4829,4519,4823,6255,5937,11078,5721,5825,11077,23146776,23192120,23150936,23365880,23195992,23365720,29217184,29208704,35484328,26812136,27013480,35488648,86613713,86655185,86545921,86790484,86651273,86855329,113504701,113462381,139142629,102300635,102513980,139100583,6.558015700080432,7.429230500012636,7.797539300052449,8.183037500013597,8.504225600045174,7.509422400034964,8.878922799951397,8.946787199936807,9.828587399912067,7.256567299948074,7.774949499987997,10.068246499984525,,,,,,,,,,,,,2,1
6632,55,0.14814814814814814,0.6486486486486487,0.6351351351351351,48,74,47,0.4444444444444444,0.09259259259259259,0.24074274086807337,0.09259599898683114,3,54,1.92627818169994,4.204545454545454,0.2222222222222222,2972,3630,2965,3426,3637,3440,4003,4647,8695,4419,4748,8696,15228152,15447736,15226104,15350808,15450008,15355480,18042456,18257368,25227288,19543496,19650280,25227864,56668709,56955721,56646589,56818441,56959453,56843929,68837261,69118129,98676873,75626573,75768371,98713779,4.184794400003739,4.3753001999575645,4.238722399924882,4.504743599914946,4.433561500045471,4.26708260003943,4.951891400036402,4.967478099977598,6.930912000010721,5.496165500022471,5.956789300078526,6.817920099943876,,,,,,,,,,,,,3,3
6633,52,0.11764705882352941,0.7377049180327869,0.6885245901639344,45,61,42,0.49019607843137253,0.19607843137254902,0.07843348919413984,0.15686516207642853,3,51,1.9510423821447165,4.066666666666666,0.11764705882352941,1856,2078,1853,2092,2083,2100,3035,3363,7258,3389,3609,7261,6342656,6379328,6341472,6366144,6379552,6367552,9860856,9918584,17140488,10520040,10529896,17142216,23424892,23485907,23411572,23460044,23484324,23472652,39090840,39183847,69177032,41519284,41551677,69119680,1.5446096999803558,1.5598017999436706,1.552931800018996,1.5944816999835894,1.573780499980785,1.5653057000599802,2.6092168000759557,2.6414718000451103,4.4284743999596685,2.579457900021225,2.708747199969366,4.515096599934623,3.682750005585452,3.763816688054552,3.7666666515481966,3.9144500042311843,3.8621500328493616,3.986699991704275,4.218783346004784,4.313333328658094,5.14506665058434,4.395266664990534,4.439583339262754,5.2915999937492115,3,3
6677,111,0.11818181818181818,0.452991452991453,0.42735042735042733,53,117,50,0.44545454545454544,0.12727272727272726,0.14545706247868526,0.11818364164157008,3,110,2.0908960339868043,3.65625,0.21818181818181817,4504,6194,4512,6682,6244,6724,5930,7988,10242,5877,8477,10245,29580288,30054240,29580448,30018528,30064480,30030336,37217392,37795984,47380776,36617256,37149736,47382504,110925821,111575454,110945934,111611715,111624525,111640685,145082205,145875469,188938997,142333559,143137631,189138479,8.744800199987367,8.545688499929383,8.440323700080626,8.552785000065342,9.342298300005496,9.474886899930425,11.57581609999761,11.239105099928565,13.798366000060923,10.943423900054768,11.217256699921563,13.000085299951024,5.923750014820446,6.320850011737396,5.8102333374942345,6.047533359378576,6.5588833337339265,6.804483321805795,6.442066650682439,6.809416673301409,6.6744333210711675,6.69114999861146,6.388150000323852,6.7471499981669085,1,1
6678,216,0.16744186046511628,0.28350515463917525,0.27319587628865977,55,194,53,0.5116279069767442,0.10232558139534884,0.14418855026840818,0.12093266949252507,3,215,2.058253731798574,3.88,0.24186046511627907,5779,8514,5782,8532,8571,8586,6701,9401,10651,6944,9965,10654,44934440,45296904,44933352,45213928,45303048,45221576,48548520,48930920,56850120,51349984,51675616,56847144,168576852,169225308,168508412,169075020,169220388,169139260,184606188,185270924,220545184,196825378,197465410,220289306,13.14426370000001,13.465870899963193,13.722340400097892,13.555808000033721,15.589912399998866,15.067656100029126,14.825648800004274,14.12049829994794,16.67390890000388,15.169376699952409,16.11711250001099,16.34992940002121,,,,,,,,,,,,,1,3
6689,368,0.16893732970027248,0.20522388059701493,0.20522388059701493,55,268,55,0.4223433242506812,0.10626702997275204,0.14441635149558982,0.15259119300539695,3,367,2.1438266770646877,3.8395415472779373,0.25885558583106266,6764,8610,6760,8362,8641,8397,7385,9205,10869,7593,9205,10869,47017576,47045224,47015272,46901992,47042568,46902024,49576072,49577736,54737800,51035400,50897288,54737800,176043540,176263572,175938884,175991012,176158508,175991052,186429616,186620944,208763536,193703726,193731782,208763538,14.156856700006756,13.913293300007354,13.793098599999212,13.794032700010575,16.24108370000613,15.54632949999359,14.761551400006283,15.12671309999132,15.357552700006636,14.152642700006254,15.51086920000671,15.58069709999836,6.693849999768038,7.099616666285631,7.0343499998368015,11.434616666520014,9.181016665631129,8.530649999253606,6.794900000386406,7.043750003504101,7.088999996388641,6.765050001073784,7.149066666897852,6.890433333561911,3,4
6694,198,0.116751269035533,0.27461139896373055,0.2849740932642487,53,193,55,0.4720812182741117,0.10152284263959391,0.13705825965218058,0.14213470979310042,3,197,2.046594411399153,3.86,0.2182741116751269,5800,9716,5802,9626,9799,9707,6969,11181,10869,6865,11181,10869,50428552,51079816,50426920,50909928,51090120,50922984,56902664,57581576,66289288,57406856,57942664,66289288,190400570,191456362,190276282,191151738,191308354,191130562,217903654,219017862,259130002,221313880,222293304,259130004,14.723575900003198,15.440055000006396,14.951476599999296,14.986160300002666,15.348998499997833,15.422152699997241,15.868274699998437,15.915048200004094,18.624731800002337,17.123214200000803,20.62594729999546,19.34637980000116,,,,,,,,,,,,,1,3
6697,189,0.14361702127659576,0.3216374269005848,0.3216374269005848,55,171,55,0.5478723404255319,0.10106382978723404,0.1595768437849635,0.13298037022654402,3,188,2.1098324309257577,3.6228813559322033,0.2393617021276596,4843,7422,4852,8000,7487,8056,6126,8870,10438,6149,9594,10442,38670000,38777744,38674512,39089232,38785968,39090768,44700672,44775936,53822512,44858968,45294840,53820208,145992138,146362034,145923106,146662594,146336986,146702434,171716454,172071206,209782366,171631676,172423140,210076400,12.026623400044627,11.89526730007492,11.973299800069071,12.133884799899533,12.887743800063618,12.874135999940336,13.359257499920204,13.981771800084971,15.096257199998945,14.218600799911655,13.374890000093728,15.441596599994227,,,,,,,,,,,,,1,1
6698,107,0.12264150943396226,0.4766355140186916,0.4953271028037383,51,107,53,0.4339622641509434,0.16037735849056603,0.13207851666605697,0.1603805479606754,3,106,2.244410877993351,3.3860759493670884,0.3113207547169811,5142,6510,5150,7024,6551,7057,6501,8151,10051,6101,8151,10051,32474088,32718792,32478696,33016104,32730600,33022056,40068520,40366120,46649320,37144520,37734920,46649320,121552906,121939642,121506746,122240298,121877090,122222386,155459742,155928814,183470870,141888876,142693724,183470936,9.359516100026667,9.53352499997709,9.925086800009012,10.286718499963172,10.880464800051413,10.839249599957839,12.869223300018348,12.485315099940635,13.450813599978574,10.919372700038366,10.867089100065641,13.388690500054508,,,,,,,,,,,,,1,1
6699,210,0.1339712918660287,0.29411764705882354,0.29411764705882354,55,187,55,0.4354066985645933,0.11483253588516747,0.13875826843902825,0.14832793362772886,3,209,2.0595693600974045,3.6956521739130435,0.20574162679425836,6688,12982,6685,12607,13096,12724,7507,13825,11719,7669,13825,11719,74230248,75537000,74233064,75798632,75567304,75823016,77034856,78351592,84670888,79327912,80964328,84670888,280370525,282328989,280473141,282658149,282423325,282643613,291119601,293090529,323323029,301660387,303940579,323322887,24.020541499950923,24.691389700048603,24.755380899994634,24.482669499935582,30.133332400000654,27.36836399999447,23.458947999984957,23.823480700026266,24.803239000029862,24.312235399964266,25.772660700022243,24.651937999995425,7.319783326238394,11.320266659216333,7.27448333054781,7.8007500075424705,9.760033319859454,9.325983313222727,7.559266678678493,8.122299991858501,7.831866658913592,7.5534500065259635,8.115783353180936,7.938166653426985,3,1
6711,376,0.144,0.1757188498402556,0.1757188498402556,55,313,55,0.43733333333333335,0.09066666666666667,0.1146691704634577,0.17066888166591526,3,375,2.075805921957388,3.932160804020101,0.22933333333333333,7924,21402,7924,21402,21654,21654,8425,22033,11719,8425,22033,11719,127721320,130955368,127721320,130955368,131015880,131015880,130640008,133907656,134686120,130640008,133907656,134686120,484365111,489008615,484364791,489008759,489319015,489319015,493009391,497700335,510287503,492848897,497539841,510287505,50.1490948000137,46.13385559999733,45.469330000007176,46.02695840000524,50.54070529999444,50.52020019998599,44.43489619999309,44.79954920000455,43.36891849999665,45.12792289999197,44.4961745999899,43.682233300001826,,,,,,,,,,,,,1,1
6718,106,0.1523809523809524,0.5434782608695652,0.5,50,92,46,0.4095238095238095,0.09523809523809523,0.21904952987097204,0.11428690701723099,3,105,2.1252795266306608,3.4074074074074074,0.2761904761904762,4023,4933,4030,5294,4963,5317,5086,6121,8506,4983,6393,8508,22738192,22906768,22741808,23099696,22915184,23103920,27097360,27287440,32851240,26374288,26769840,32852392,85203931,85466427,85161092,85651331,85429451,85655587,104539772,104837595,129004723,101194429,101736717,129109765,6.3679561000317335,6.526168600074016,6.53683999995701,6.584655900020152,7.326246100012213,7.481710699968971,8.43660000001546,7.819961500004865,9.045561600010842,7.815498200012371,7.7502838999498636,8.964250899967737,,,,,,,,,,,,,1,1
6727,367,0.11475409836065574,0.17133956386292834,0.17133956386292834,55,321,55,0.43169398907103823,0.12021857923497267,0.14207889905512394,0.1775980242432599,3,366,2.152495713789178,4.002493765586035,0.2677595628415301,6150,10318,6152,10335,10404,10419,7453,11989,11719,7345,11989,11719,55340328,55946728,55341192,55946120,55959272,55958120,63363352,64011352,73706728,63249736,63927112,73706728,208535677,209575757,208699901,209739541,209578717,209578757,243551649,244671713,288820993,243828239,244988207,288820995,17.087724299999536,17.79839649999485,17.849253799999133,18.60159610000119,22.195791599995573,28.46653420000075,19.115658900002018,19.49223720000009,22.44087930000387,24.704136199994537,26.88312389999919,23.671839599999657,7.133249999848583,7.429100000687565,6.81441666650547,7.6299500008948,15.847883333966214,12.516849999277232,7.245316666133779,7.709850000537699,8.391299999251109,12.997816666029394,9.664716667127019,7.523399999627145,1,1
6728,112,0.14414414414414414,0.47413793103448276,0.46551724137931033,55,116,54,0.4594594594594595,0.08108108108108109,0.15315551003692923,0.1801822615938412,3,111,2.0901367671756614,3.7908496732026142,0.26126126126126126,4418,6517,4432,7459,6581,7509,6223,8773,11068,5833,9289,11071,33304272,33624176,33308176,33899376,33636752,33907600,43381120,43800544,54233512,40139032,40818136,54230440,124562188,125102484,124595948,125501092,125149972,125515604,170015184,170701760,215987296,154870502,155908230,216207178,9.872800800018013,9.916060299961828,10.66492789995391,10.92455879994668,10.003071799990721,9.896870800061151,13.811259799986146,13.905515699996613,15.861962800030597,11.70351780008059,11.879736499977298,15.414227099972777,,,,,,,,,,,,,1,1
6734,209,0.11538461538461539,0.2669902912621359,0.2669902912621359,55,206,55,0.4423076923076923,0.07692307692307693,0.134617752838844,0.13942537235785635,3,208,2.0114875125894165,3.731884057971014,0.25,6977,13256,6978,13436,13378,13557,7885,14419,11719,7831,14419,11719,76902792,78070536,76903560,78183048,78093768,78204744,82295752,83467336,88566664,81207544,82462072,88566664,289922065,291739689,290032137,291982281,291721001,291851801,312078865,313926913,338910721,307143515,309082107,338910723,24.889459999998508,24.906891699996777,24.656428599999344,25.07008680000581,27.678388400003314,27.422664599995187,24.683338800001366,27.318887900000846,26.230846499995096,24.234534199997142,26.272869299995364,26.272751000004064,,,,,,,,,,,,,1,1
6735,193,0.125,0.2925531914893617,0.2925531914893617,55,188,55,0.4427083333333333,0.11979166666666667,0.114585341358179,0.10937779995947494,3,192,2.152487459072803,3.790322580645161,0.28125,7226,12482,7236,13148,12594,13250,8317,13825,11719,7777,13825,11719,73690168,74460056,73691896,74679160,74478264,74693592,80780296,81559624,85137448,76674568,77657800,85137448,276837874,278148322,276963474,278562002,278095282,278379986,308239230,309585374,326176062,289081468,290690164,326176256,23.489795500063337,24.261062400066294,23.771707899984904,24.395162499975413,26.69666919996962,26.42833309993148,25.00224189995788,26.78624300006777,26.237793100066483,23.29749060003087,24.05734439997468,25.66437060001772,9.000233316328377,7.880433365547409,7.656233346400161,7.965416666896393,9.810750004059324,9.965933335479349,7.85096666853254,8.68311666029816,7.9537499890041845,8.365533372852951,8.272816659882665,7.9129000077955425,1,1
6744,365,0.13736263736263737,0.18032786885245902,0.18032786885245902,55,305,55,0.42857142857142855,0.12087912087912088,0.13736509187031884,0.17033199385284437,3,364,2.1207152672773155,3.961038961038961,0.23901098901098902,8004,16288,8002,16264,16441,16419,8425,16795,11719,8533,16795,11719,96888632,99080472,96887576,99078680,99121048,99119800,99317416,101537896,102750088,99470344,101661448,102750088,366611077,369667957,366662149,369716757,369626013,369623053,375365177,378459689,388978065,375731207,378786199,388978011,36.403213500001584,36.03429970000434,33.835948299994925,35.11430929999915,38.18696590000036,37.22822850000375,32.16465539999626,36.77026820000174,33.57091270000092,32.919013200000336,33.453147300002456,33.255450600001495,,,,,,,,,,,,,3,3
6763,203,0.18316831683168316,0.34810126582278483,0.34810126582278483,55,158,55,0.4900990099009901,0.09900990099009901,0.12871523343008195,0.13861682518076446,3,202,2.0402866267179456,3.5585585585585586,0.23267326732673269,6412,7180,6417,7224,7195,7234,7723,8263,11503,7315,8110,11502,39242168,39314744,39245720,39566552,39320600,39566840,44495320,44510872,50156248,43374968,43685336,50155576,147866470,148018806,147773406,148183062,147965806,148219910,169645514,169716650,193036246,164323644,164721580,192969680,13.617489500000374,12.716886800000793,11.865272000000914,11.933658800000558,11.992130999999063,12.140063500000906,14.061150600000474,14.363370200000645,13.784450099999958,12.36430179999843,13.528401400000803,13.94178920000013,,,,,,,,,,,,,1,1
6767,109,0.17592592592592593,0.4727272727272727,0.4727272727272727,52,110,52,0.4351851851851852,0.16666666666666666,0.18518746569235292,0.0833363241270288,3,108,2.159694904102793,3.6912751677852347,0.2777777777777778,4397,5468,4390,5152,5486,5177,5377,6577,8689,5356,6166,8686,24111384,24322360,24111960,24394072,24328920,24399192,28210696,28456456,33914248,28075120,28370320,33912520,90348823,90673823,90348687,90711936,90616967,90655047,108183895,108557279,132429092,107607476,107990333,132272333,6.669296700041741,6.831758900079876,6.824939900077879,6.85538910003379,7.250442299991846,7.6666708999546245,8.823862400022335,8.274250000016764,9.303007500013337,8.287554199923761,7.785410099895671,9.159095900016837,5.45683332408468,5.4628999981408315,5.315833356386672,5.476466671098024,6.065083318389952,6.661066649636875,5.625416660526146,5.851849991207321,7.713716671181222,5.6828333375354605,5.876783339772373,6.091766660877814,3,1
6769,397,0.17424242424242425,0.1870748299319728,0.1870748299319728,55,294,55,0.4671717171717172,0.10858585858585859,0.19444677617513773,0.17424475612775,3,396,2.0814579617380247,3.878627968337731,0.21717171717171718,7540,15696,7541,15743,15854,15900,8263,16741,11719,8209,16741,11719,90651784,91700488,90652360,91727560,91721320,91747816,96156040,97249864,102446824,95866600,96991528,102446824,342897805,344787261,342898437,344819157,344694349,344725629,366353065,368321177,392982813,365396179,367400947,392982815,29.668935599998804,30.1572654999909,29.922059300006367,30.322564799993415,33.17142579999927,33.30551999999443,29.875367299988284,31.43813829999999,31.68246850000287,32.48150349999196,30.100111499996274,31.275692699986394,,,,,,,,,,,,,1,1
6772,189,0.1702127659574468,0.34375,0.34375,55,160,55,0.4734042553191489,0.09574468085106383,0.12234328568917996,0.143618990851695,3,188,2.166590775637191,3.493449781659389,0.2978723404255319,6246,9436,6267,10676,9521,10740,7302,10438,10634,6913,11503,10639,54557688,54739704,54563384,55252696,54753048,55256792,59468096,59668800,64235992,57923176,58643752,64234264,205479668,205988596,205489676,206637012,205986300,206619124,225909732,226431844,246266116,218709606,219906966,246157518,16.4915390999995,16.823123699999996,16.822283099998458,17.32570979999946,18.803062899998622,18.909523099999205,17.371455300002708,19.01575149999917,18.227323899998737,16.738561799997115,18.725624499998958,17.854781800000637,,,,,,,,,,,,,1,1
6780,199,0.18181818181818182,0.3548387096774194,0.3548387096774194,55,155,55,0.5050505050505051,0.09090909090909091,0.13636627921016153,0.12626487899670433,3,198,2.071628399146665,3.4292035398230087,0.2474747474747475,227,186,230,216,183,210,465,369,1041,417,369,1041,232544,223360,233344,231616,222880,230336,425576,405096,740072,367848,360168,740072,867024,853400,868344,865064,853056,863352,1627896,1597304,2726380,1385908,1373140,2726380,0.06868199999735225,0.06707880000249133,0.06622879999849829,0.07990760000029695,0.07642889999988256,0.07092299999931129,0.11435309999797028,0.13251669999954174,0.17512129999886383,0.10123469999962253,0.11340010000276379,0.1720004999988305,,,,,,,,,,,,,5,5
6794,374,0.11796246648793565,0.1858108108108108,0.1858108108108108,55,296,55,0.42359249329758714,0.1126005361930295,0.1474554777593569,0.17694592771954315,3,373,2.0424883562507876,3.7948717948717947,0.2037533512064343,7668,18719,7672,18972,18937,19186,8425,19981,11719,8209,19981,11719,109283144,110286728,109290344,111326568,110325960,111345768,116232808,117269608,122602216,114680632,116799160,122602216,412806662,414950814,412931222,416136118,415062998,416109094,441386758,443616550,469990086,433998952,437335240,469990088,38.20248169999104,38.36436119998689,38.00223800000094,38.591892800002825,41.777725199994165,42.01793519999774,38.10210810000717,40.100740900001256,40.27192479999212,37.88228550000349,41.213944999995874,40.56602549999661,,,,,,,,,,,,,1,1
6804,395,0.1218274111675127,0.1676829268292683,0.1676829268292683,55,328,55,0.4746192893401015,0.08883248730964467,0.14721081500487676,0.13959640636390103,3,394,2.103510205734472,3.9518072289156625,0.2715736040609137,7965,22836,7968,22986,23115,23262,8533,23437,11719,8371,23437,11719,137219832,140881464,137221560,140967864,140951352,141036024,140105128,143785768,143037544,139186264,142960216,143037544,520456839,525667311,520459039,525769311,525684231,525784335,529897755,535130715,541183927,525922245,531265365,541183929,54.96810220000043,54.64636220000102,55.00857000000542,57.042213900000206,62.37017389999528,57.82334859999537,50.34317530000408,49.910440599996946,49.17442419999861,52.9907658000011,50.36771989999397,48.59730880000279,,,,,,,,,,,,,1,1
6805,376,0.14133333333333334,0.1757188498402556,0.1757188498402556,55,313,55,0.464,0.10133333333333333,0.18400233769789337,0.15200209610164164,3,375,2.0983799298452155,4.002557544757033,0.24,7508,11160,7509,11009,11230,11078,8263,11989,11719,8209,11989,11719,63374120,63508264,63379400,63865800,63517992,63867912,67779688,67893736,73986664,68704168,69229480,73986664,238178407,238686407,238020015,238869935,238574327,238911767,257114187,257609723,282897535,260779173,261697309,282897473,17.387616199994227,18.0594143000053,17.920263299994986,18.219846099993447,18.078775300004054,18.02355690000695,18.10742780000146,19.755508400005056,20.04324159999669,18.078784299999825,19.95503969999845,19.94390339999518,,,,,,,,,,,,,1,1
6809,372,0.15633423180592992,0.1916376306620209,0.1916376306620209,55,287,55,0.46630727762803237,0.11320754716981132,0.15364138288435972,0.1455550059723866,3,371,2.1634483426694513,3.8266666666666667,0.2641509433962264,8009,13722,8014,14116,13838,14227,8321,14093,11285,8371,14635,11287,81313144,82122296,81311320,81942616,82134264,81958488,83227144,84052488,86454472,84013816,84660088,86450728,306095940,307501932,306240316,307503596,307611620,307473044,313176552,314604968,326948856,316990446,318285630,327183786,28.262993399999687,25.88173960000131,25.09032510000543,25.676416300004348,27.76612799999566,28.2441325999971,24.152622599998722,25.22710019999795,24.565297300003294,24.530988899998192,27.789744299996528,24.985697900003288,8.12634999844401,8.33858333377672,7.998450000741286,8.22889999957018,9.809399999843057,23.021966666419758,8.009499999995267,10.237333333255568,8.047049999731826,7.968983332830248,10.02978333296293,8.047016667357335,1,3
6810,219,0.11926605504587157,0.2558139534883721,0.2558139534883721,55,215,55,0.41743119266055045,0.11926605504587157,0.15137840502194788,0.1559653515487465,3,218,2.180775903983742,3.9377289377289375,0.26605504587155965,6725,14694,6719,13880,14839,14031,7421,15424,11078,7593,15133,11077,80124240,81573264,80130000,82276784,81616880,82304432,82994376,84459720,90670472,86205704,88473736,90674792,303504163,305780699,303604243,306501211,305978387,306585235,314576171,316872611,347979643,329863029,332920661,348655349,26.62656749999951,28.013341099998797,27.34501960000125,27.4550061000009,29.27535530000023,28.56269859999884,25.32713639999929,28.89625050000177,27.570823800000653,28.71024209999814,27.589443500000925,27.27681460000167,,,,,,,,,,,,,3,1
6823,216,0.12093023255813953,0.2849740932642487,0.2849740932642487,55,193,55,0.46511627906976744,0.13488372093023257,0.12558389966224515,0.1627932008745712,3,215,2.1490960066760767,3.6278195488721803,0.25116279069767444,7746,13637,7741,13355,13743,13466,8209,14203,11719,8479,14203,11719,78831880,80301000,78829000,80138248,80325512,80165960,81515128,83011576,86887048,83243560,84567208,86887048,297795031,299873473,297755025,299644161,299924497,299735809,307741397,309857957,331763865,315792831,317707807,331763867,25.750365500000044,26.032358899999963,28.710538199999064,28.327736600000208,30.78507499999978,31.324028200000612,29.94950550000067,27.27495170000111,29.477612599999702,28.324614899998778,28.611748100000113,28.525981200000388,,,,,,,,,,,,,3,3
6825,216,0.11627906976744186,0.27638190954773867,0.2663316582914573,55,199,53,0.4604651162790698,0.08372093023255814,0.13953696110632358,0.11162970711607052,3,215,2.0779486421057873,3.8565891472868215,0.24186046511627907,5363,9324,5386,11657,9439,11749,6625,11041,10417,6211,12421,10423,54722744,55835992,54727864,56357880,55866392,56383864,63401608,64648840,67756552,57057880,58699480,67755496,206926623,208458231,206835847,209122015,208500015,209256863,244571459,246284475,262265803,215341105,217632513,262251549,16.775200300035067,17.29366399999708,18.87372969998978,18.952573399990797,17.71563640004024,17.556589300045744,21.11786769994069,21.134787300019525,20.655967500060797,18.213481100043282,19.015560499974526,20.254157099989243,,,,,,,,,,,,,1,1
6829,196,0.14871794871794872,0.3192771084337349,0.3313253012048193,53,166,55,0.46153846153846156,0.07179487179487179,0.2256427698303014,0.13333515670652,3,195,2.0263621511951877,3.656387665198238,0.23076923076923078,6056,11274,6051,10578,11360,10669,7021,11935,11287,7021,11493,11285,62206512,63048560,62207920,63124208,63066288,63138736,64665832,65450344,70501288,66355432,67277288,70505032,235575081,236957305,235758113,237140785,237118649,237118465,244116117,245408869,268928281,251980383,253362895,268744187,19.430590400006622,21.662856200011447,21.825593799934722,21.35727660008706,20.119105899939314,20.287747700000182,21.9879805999808,21.623427499900572,22.55093000002671,22.17059460002929,21.95362829999067,22.35086470004171,,,,,,,,,,,,,3,1
6833,207,0.1262135922330097,0.3273809523809524,0.31547619047619047,55,168,53,0.4223300970873786,0.10679611650485436,0.11165243482615039,0.15048834861559088,3,206,2.120670833087029,3.58974358974359,0.24271844660194175,6978,10954,6989,11516,11041,11592,7753,11629,11068,7615,12313,11071,63284176,64185168,63281584,63930032,64197520,63947344,66540424,67423336,71330344,66990424,67657432,71327272,239169684,240480548,239209212,240325652,240458012,240265524,251806824,253089192,272863704,254281454,255434294,272529170,20.723599699998886,20.747012100000575,20.951041799999075,21.82481430000189,24.2880882999998,24.40655030000198,20.95406599999842,22.990566200001922,21.855370200002653,23.2667935999998,22.61176499999783,22.43678169999839,,,,,,,,,,,,,1,3
6835,114,0.13274336283185842,0.45535714285714285,0.4375,51,112,49,0.5575221238938053,0.12389380530973451,0.1327448714981927,0.12389612259071288,3,113,2.166211744464271,3.4782608695652173,0.24778761061946902,4329,6107,4337,6460,6160,6505,5617,7777,9649,5451,8101,9651,29003928,29524056,29002296,29397560,29533720,29410840,35263624,35901064,44380168,34711720,35194920,44381320,108958463,109664863,108918807,109530792,109615727,109525847,136468475,137331963,175473627,134122425,134877961,175606637,8.129581099958159,8.644339099992067,8.331742699956521,8.444116699974984,9.399914200068451,9.379891199991107,11.295509800082073,10.994652800029144,12.480098400032148,10.641389099997468,11.080613699974492,12.715036000008695,,,,,,,,,,,,,1,3
6845,197,0.12755102040816327,0.25821596244131456,0.25821596244131456,55,213,55,0.4489795918367347,0.12755102040816327,0.15306404787733466,0.1989821044203103,3,196,2.1417814304610623,4.00375939849624,0.23979591836734693,6073,10678,6077,10861,10773,10952,7125,11857,11285,7183,12313,11287,58902648,59457720,58902616,59495960,59469304,59507000,64129416,64703496,72908680,65464600,66090136,72904936,222124013,223153157,222165245,223251837,223051389,223108085,244256229,245317373,282213529,250032419,251187243,281772235,18.987514599997667,18.475643999998283,17.89284100000077,18.441834199998993,18.56254329999865,18.6594662000025,19.280421900002693,19.21807540000009,20.267368000000715,19.65848349999942,21.084876100001566,21.056268700001965,,,,,,,,,,,,,1,3
6851,194,0.16062176165803108,0.29411764705882354,0.29411764705882354,55,187,55,0.47150259067357514,0.10880829015544041,0.1606240727398255,0.12435416895244752,3,193,2.14266593068914,3.9285714285714284,0.25906735751295334,7156,12792,7157,12895,12898,13000,7993,13663,11719,7939,13663,11719,74768688,76333232,74764368,75858320,76353456,75887856,78869560,80464504,83761096,78244888,79336984,83761096,282709635,284861667,282653483,284344379,284583987,284128419,299292027,301477931,319444667,296619237,298306869,319444669,26.16119360000448,24.77238710000529,27.644183000003977,25.50545329999295,27.428446999998414,28.738649099999748,23.61469510000461,25.088795700001356,25.410923000003095,23.696782200000598,25.972264200005156,25.10176739999588,,,,,,,,,,,,,1,3
6854,205,0.12254901960784313,0.28061224489795916,0.28061224489795916,55,196,55,0.46568627450980393,0.09803921568627451,0.1715707434923388,0.13235505489865318,3,204,1.9674543389983215,3.8735177865612647,0.18137254901960784,6464,13388,6459,13169,13518,13304,7399,14689,11719,7669,14689,11719,74817048,75567320,74821784,76229720,75594200,76243960,80625640,81394600,90176296,81982984,83434504,90176296,282173579,283638667,282218707,284320131,283556267,284184043,306726039,308248031,347703315,312187161,314364473,347703317,28.512066799999957,26.34880610000073,25.753305300000648,27.078693400000702,27.963739400000122,26.77824900000087,25.107060000000274,26.593055999999706,27.818333000001076,26.249730899999122,26.1141443000015,28.328266299999086,7.196316666522762,8.503849999821494,7.3855999999068445,7.607216666959478,9.902550000030411,8.901900000031068,7.4012833338201744,9.06806666716875,7.705316666639798,7.4891333333653165,7.921083333106556,8.506316666171188,3,1
6855,388,0.17054263565891473,0.16129032258064516,0.16129032258064516,55,341,55,0.4263565891472868,0.09560723514211886,0.16020941865529373,0.1421211709253952,3,387,2.0740236715365836,4.108433734939759,0.2351421188630491,4838,6869,4832,6591,6906,6634,6319,8641,11287,6397,8321,11285,33537592,33867032,33530936,33505912,33866328,33513816,40690696,41117512,51519208,40827592,40790984,51522952,125286985,125829345,125297385,125451937,125885785,125501337,156745073,157414857,203476113,157946395,158106547,203787299,10.007059700001264,11.459077299994533,10.879195100002107,11.046669399998791,9.977117399997951,10.468550099998538,12.60360010000295,13.756075600002077,15.019146600003296,13.11652260000119,12.496302299994568,15.673358899999585,,,,,,,,,,,,,3,4
6859,204,0.12315270935960591,0.2777777777777778,0.2777777777777778,55,198,55,0.458128078817734,0.10344827586206896,0.18226835976258435,0.11822925098676217,3,203,2.114644065968984,3.76425855513308,0.2512315270935961,6590,13540,6580,13032,13665,13167,7345,14635,11719,7885,14635,11719,75117384,75858056,75114760,75676936,75868328,75691240,79818664,80591080,89873032,82954120,83508808,89873032,283452627,284908467,283356867,284580163,284973259,284743611,303209239,304731959,346852163,316674889,317921737,346852173,24.008714399999008,24.306724000023678,23.84979350003414,24.09345329995267,24.76499540009536,25.639337999979034,24.164934600004926,25.91548139997758,27.388607600005344,27.736105000018142,26.643092500045896,26.448006100021303,7.394750001064192,7.943183319487919,7.3961333255283535,7.879466672117512,9.971116650073478,11.72658335417509,7.931983350620915,8.343400026205927,9.121266678751757,8.222766686230898,8.484866664124032,8.27026665986826,3,3
6862,371,0.13243243243243244,0.18835616438356165,0.18835616438356165,55,292,55,0.44324324324324327,0.07567567567567568,0.1324346796168971,0.11892116722978048,3,370,1.9980671751134778,3.8421052631578947,0.21891891891891893,8137,16461,8140,16738,16619,16893,8641,17011,11719,8479,17011,11719,99494248,101470344,99491080,101037064,101498760,101073960,102392392,104384776,104243080,100694632,102229096,104243080,375820056,378665352,375921152,378355440,378664216,378263688,386024460,388890876,392648476,378451922,380867826,392648422,33.57547870000417,33.2353570000123,33.613934699998936,33.58672340000339,37.09764360000554,37.132461400004104,32.026210000010906,33.639082800000324,32.06610389999696,31.647234199990635,31.85698220001359,31.16318699999829,,,,,,,,,,,,,1,3
6863,400,0.14285714285714285,0.18211920529801323,0.18211920529801323,55,302,55,0.45112781954887216,0.11779448621553884,0.14035315494949377,0.11027781610181064,3,399,2.0621672659895043,3.9220779220779223,0.21804511278195488,8180,16638,8178,16735,16797,16896,8533,17227,11719,8641,17227,11719,98947864,101257240,98941720,100456728,101285336,100500728,102082648,104458648,105269512,101504200,103021384,105269512,374191852,377383316,374424228,376830844,377385372,376610468,386001612,389284348,399112696,383754594,386166339,399112714,34.90246820000175,32.50686370000767,31.94344460000866,33.87392300000647,36.674151600003825,36.947070399997756,33.00496259999636,39.02734549999877,34.35443760000635,37.787426200011396,31.26756029999524,33.00913619999483,8.272116669104435,8.827566666392764,8.268700003100093,9.09135000013824,12.580583335269088,11.085483332863078,8.393916665227152,9.69368333123081,9.577516662830021,8.438283335029459,9.002283331938088,8.393183331160495,3,3
6876,372,0.14824797843665768,0.18272425249169436,0.18272425249169436,55,301,55,0.4339622641509434,0.1105121293800539,0.14016405149046682,0.1320774265291355,3,371,2.080628658314898,3.9709762532981534,0.2210242587601078,6489,10456,6489,10622,10535,10701,7615,11881,11719,7615,11881,11719,58429672,59225864,58433704,59502664,59246568,59518344,65243416,66090136,73193512,64257592,65375608,73193512,218807650,220017226,218924562,220426426,220053026,220343986,249084490,250375674,283352158,244761960,246326960,283352160,20.492356700007804,19.180698299998767,18.860431699999026,18.671687299996847,21.690667500006384,21.539188499999,20.002852400008123,20.534527299998445,23.18813899999077,21.157843099994352,20.848841899991385,22.02676049999718,,,,,,,,,,,,,1,1
6883,388,0.16795865633074936,0.18272425249169436,0.18272425249169436,55,301,55,0.42377260981912146,0.082687338501292,0.152457209127096,0.16279300723347612,3,387,2.0460753676447383,3.960526315789474,0.2248062015503876,5790,11795,5784,11135,11907,11253,6913,13285,11287,6969,12793,11285,62179808,63108096,62181056,63266912,63130688,63285536,68247544,69253240,78610792,69614376,70789160,78614536,234601771,236155987,234740123,236382099,236257523,236343459,260663255,262332983,305428543,266764093,268544357,305220681,22.034324799999013,20.01394900000014,20.781672299999627,20.222017000007327,21.64473580000049,21.5511378999945,23.868599199995515,22.239256300003035,23.41433619998861,22.258500099997036,24.513054099996225,23.25589129999571,,,,,,,,,,,,,3,1
6885,198,0.14720812182741116,0.2972972972972973,0.2972972972972973,55,185,55,0.45685279187817257,0.08121827411167512,0.12690574182126538,0.10152511253981346,3,197,2.1204826882167636,3.7449392712550607,0.26903553299492383,6807,13099,6796,12122,13202,12236,7453,13609,11719,8047,13609,11719,72738088,73251304,72741448,73757064,73270664,73766024,74558632,75042472,83924392,80572936,81618376,83924392,274038958,275198478,273856742,275424918,275177014,275575118,279805254,280921414,319927950,307229968,308852448,319927952,23.087514300001203,23.594291899997188,23.00632029999906,23.100756599997112,25.637261500000022,27.726007799999934,22.11360920000152,24.519895800000086,24.866312399997696,25.510257599999022,27.190804200003186,24.509763199999725,7.706116666061765,7.6500499999383464,7.277499999569652,7.995866667139731,8.806266666700443,9.537016666702888,7.498699999511397,7.771200000206591,7.786416667537802,7.905116666127772,8.090466666544671,8.05321666727347,3,1
6889,197,0.1326530612244898,0.32142857142857145,0.3273809523809524,54,168,55,0.413265306122449,0.08673469387755102,0.1632670411253253,0.14796169566308928,3,196,2.1191220614627997,3.5146443514644354,0.2602040816326531,6311,11584,6300,10760,11676,10863,7129,12691,11071,7294,11986,11068,61724232,62367080,61725096,62387176,62380680,62399592,66048232,66718696,73772824,67160992,67854592,73775896,232852265,234040897,232706273,233834977,234006081,233943705,250073761,251320113,283153613,255004567,256188919,283488151,18.956009300000005,19.349107799997,19.179830000000948,19.31551010000112,19.612911799998983,19.25897410000107,20.541532400002325,19.96540090000053,21.28957580000133,20.042162000001554,20.68037589999949,21.12973570000031,,,,,,,,,,,,,3,1
6895,373,0.13709677419354838,0.1791530944625407,0.1791530944625407,55,307,55,0.3924731182795699,0.10215053763440861,0.16666943563013187,0.1451632813926065,3,372,2.139984434554435,3.8959390862944163,0.28763440860215056,7672,15300,7670,15012,15444,15158,8263,16147,11719,8371,16147,11719,87402336,88375840,87406080,88922176,88405344,88940736,91796728,92798968,98924296,93553240,95146456,98924296,331121316,332883092,331397124,333683284,332967124,333476996,347832200,349649384,379728052,355664034,358072378,379728054,28.440947900002357,29.86934580000525,29.41852989999461,29.13574480000534,28.7682000999921,29.306976299994858,28.698814200004563,31.887207599997055,31.35466389999783,30.798294899999746,34.40881320000335,36.69443119999778,,,,,,,,,,,,,3,1
6902,404,0.1761786600496278,0.1909722222222222,0.1909722222222222,55,288,55,0.4094292803970223,0.08684863523573201,0.17866249084033572,0.12159000416505832,3,403,2.089096895259683,3.829787234042553,0.2555831265508685,7611,13376,7618,14368,13499,14484,8479,14743,11719,8101,14743,11719,80177824,81609088,80172544,81074560,81625376,81103424,87995128,89553784,90479560,81929416,82808968,90479560,302694546,304726954,302578266,304176730,304724834,304302058,336542054,338753798,345919506,307794760,309359640,345919508,25.13418069999898,25.617394100001547,25.56731800000125,25.76921769999899,28.12418539999635,28.110482000003685,26.476174499999615,26.899514999997336,26.927500099991448,24.41468270000769,26.51036600000225,27.257570599991595,,,,,,,,,,,,,1,3
6920,215,0.14485981308411214,0.27918781725888325,0.27918781725888325,55,197,55,0.48130841121495327,0.09345794392523364,0.10747908217349376,0.12617088069760668,3,214,2.0425631627756045,3.955823293172691,0.22897196261682243,6771,11164,6764,10636,11240,10719,7561,12043,11719,7939,12043,11719,61411912,61945096,61412968,62150120,61959016,62160136,65175592,65716456,74009992,68414296,69165976,74009992,232333337,233318929,232241201,233384593,233107801,233258953,246666737,247669249,285259897,262566363,263748467,285259899,18.82612169999993,20.008205800000724,21.35965589999978,21.067415400000755,22.01117499999964,21.469130500001484,21.21958359999917,20.681999200001883,21.435010799999873,24.734275300001173,23.966995900002075,22.15661810000165,,,,,,,,,,,,,3,1
6966,364,0.1349862258953168,0.19572953736654805,0.19572953736654805,55,281,55,0.43526170798898073,0.10192837465564739,0.13223382108652396,0.16529125458953425,3,363,2.1425738255494684,3.7870619946091644,0.26721763085399447,7134,13088,7137,13648,13207,13764,7749,13781,11285,7885,14311,11287,77096456,78769032,77088872,77997128,78785096,78029672,80231528,81923816,84342856,79907656,80775112,84339112,291884560,294181888,292062312,293646320,294249848,293548984,304088800,306413936,320184968,301863034,303397514,320419898,24.950123900001927,25.343505700002424,26.45025199999509,27.020092300001124,31.43360229999962,29.632468099996913,25.590834999995423,28.79127310000331,26.43237450000015,24.768905500000983,26.436912400000438,26.721829300004174,,,,,,,,,,,,,1,3
6992,373,0.11559139784946236,0.1724137931034483,0.1724137931034483,55,319,55,0.4220430107526882,0.08333333333333333,0.13978722363319848,0.1612928452800148,3,372,2.078237932277091,3.9875,0.28225806451612906,7541,18342,7552,19476,18564,19687,8217,19189,11285,7939,19927,11287,109830872,112722008,109827608,111826328,112759704,111883032,114226632,117175240,117050440,111701560,113737144,117046696,416807902,420827702,416680934,419917382,420704966,419941942,434455786,438550954,445334058,422070760,425350584,444629788,37.44795560000057,38.54497689999698,37.796211299995775,37.97519950001151,41.8436381000065,41.63403039998957,36.8672166000033,38.53017980000004,36.666369700004,35.94507169999997,36.343599999992875,37.127535200008424,,,,,,,,,,,,,1,3
7000,207,0.17475728155339806,0.2864583333333333,0.2864583333333333,55,192,55,0.45145631067961167,0.12135922330097088,0.16505071239600194,0.18446796533122695,3,206,2.0945394746138857,3.950617283950617,0.21844660194174756,341,360,328,232,348,233,589,610,1198,575,407,1191,361352,371752,358248,340200,369576,340936,591656,607112,1043576,608952,578488,1042392,1327260,1339844,1322948,1294532,1336996,1295756,2239856,2257752,3928460,2314384,2266064,3935508,0.09686159994453192,0.09426779998466372,0.09777029999531806,0.09881750005297363,0.09597959998063743,0.09443259995896369,0.14349980000406504,0.14673030003905296,0.22333089995663613,0.15311390010174364,0.1508136000484228,0.2286708999890834,,,,,,,,,,,,,4,4
7011,387,0.13471502590673576,0.1950354609929078,0.1950354609929078,55,282,55,0.4844559585492228,0.10362694300518134,0.15544288555628238,0.15803383368699583,3,386,2.12974722976257,3.821138211382114,0.2772020725388601,5708,8884,5706,8868,8946,8932,6967,10423,11287,6813,10037,11285,47557440,48166976,47556768,48170304,48178720,48182656,54197176,54864184,61605544,52297128,52907816,61609288,179728381,180669837,179784853,180730061,180721149,180724461,209490641,210518865,240687445,199722619,200671571,240524263,13.97454719999223,20.63419709999289,19.10473649999767,17.260987799993018,16.122252199987997,18.535583600008977,18.571636699998635,18.442696199999773,20.63686250000319,18.317314800005988,26.7583403000026,19.70810440000787,,,,,,,,,,,,,3,3
7012,397,0.17676767676767677,0.1661631419939577,0.1661631419939577,55,331,55,0.42676767676767674,0.11616161616161616,0.10858780996711699,0.10606297874244663,3,396,2.144358718263276,4.0464547677261615,0.2601010101010101,6805,10907,6798,10432,10979,10511,7333,11441,11285,7993,11881,11287,59426560,59872320,59426368,59739072,59878784,59747456,61642984,62078952,70392712,66932536,67281592,70388968,223499328,224366656,223433912,224118088,224264048,224083392,232140620,232998764,270957404,257064634,257811578,271141774,17.776586999993015,18.362462099998083,18.325062900003104,18.454685000004247,20.38445959999808,20.0342238000012,17.74474110000301,17.966467199999897,19.55355270000291,20.367653999994218,21.56104680000135,20.327133400001912,,,,,,,,,,,,,3,3
7014,189,0.16489361702127658,0.3525641025641026,0.3525641025641026,55,156,55,0.40425531914893614,0.13297872340425532,0.1489394339658518,0.17553404710215934,3,188,2.105441457993844,3.497757847533632,0.22340425531914893,6260,9927,6263,9951,10004,10025,7561,11557,11287,7125,11129,11285,53065816,53683448,53071768,54109176,53705240,54121304,60901816,61556728,68277352,58484296,59617480,68281096,199796008,200791568,199753136,201173392,200791064,201210848,235213976,236280960,267316272,223757594,225306554,267131906,16.096592699999746,16.421407400001044,16.318285400000605,16.612437199997657,18.03768389999823,18.112642200001574,19.80077800000072,18.982637500001147,20.433640600000217,17.243137800000113,17.20981329999995,19.264860400002362,,,,,,,,,,,,,1,1
7016,217,0.1527777777777778,0.2696078431372549,0.2696078431372549,55,204,55,0.4861111111111111,0.09259259259259259,0.1759284183596416,0.16666915882766867,3,216,2.095210403001477,3.709090909090909,0.25462962962962965,7022,13147,7017,12877,13260,12995,7777,14149,11719,8047,14149,11719,74407704,75277688,74403768,74727384,75284600,74744216,79157272,80066200,87143656,80813128,81186376,87143656,279883566,281390294,279925254,280848422,281445214,280872566,299619754,301191098,334638842,307108320,308106288,334638844,23.80020379999769,23.764149200000247,23.165253600000142,23.464307300000655,26.148280699999304,26.110710000000836,23.496738000001642,25.217194999997446,26.122914100000344,26.21459160000086,26.570271699998557,25.805700000000797,,,,,,,,,,,,,3,3
7019,377,0.15691489361702127,0.17684887459807075,0.17684887459807075,55,311,55,0.449468085106383,0.0797872340425532,0.18617270562421293,0.14361963952034515,3,376,2.0209843169876844,3.966836734693877,0.22340425531914893,5950,10248,5952,10251,10332,10333,7237,11665,11287,6865,11233,11285,56186072,56883800,56186744,56874104,56897240,56887256,62644504,63354712,68861416,60303880,61002760,68865160,212444449,213587939,212580419,213712251,213686691,213676107,240561299,241730867,267295555,229967997,231118533,267111189,17.46452350000618,17.50394189999497,18.63038360000064,18.7651729999925,17.749429000003147,17.992109400001937,20.18232100000023,20.681226400003652,20.816723099997034,18.438169700006256,19.201662900013616,20.963447400004952,,,,,,,,,,,,,1,1
7021,382,0.13648293963254593,0.18151815181518152,0.18151815181518152,55,303,55,0.4540682414698163,0.12335958005249344,0.16273104308327058,0.13648516448456646,3,381,2.1316800721050475,3.8846153846153846,0.23622047244094488,6822,12535,6799,10969,12622,11079,7237,13177,11071,8008,12445,11068,64239624,65410408,64235688,65253608,65431272,65276232,66979192,68200888,76174312,72300568,73364632,76177384,242349219,244114411,242368875,243817147,243989603,243672163,253445803,255285451,294585779,278057317,279579437,294271453,18.999471300005098,19.076954499993008,19.201615699988906,19.103195699994103,21.600169199999073,20.963909099999,18.644335999997566,20.27652699999453,20.633556200002204,22.166346400001203,21.414896100002807,21.81530709999788,,,,,,,,,,,,,3,3
7026,198,0.09644670050761421,0.2669902912621359,0.2669902912621359,55,206,55,0.48223350253807107,0.08629441624365482,0.18781944950049753,0.11675345997070789,3,197,2.1036466963087843,3.976833976833977,0.26903553299492383,6051,13772,6051,13660,13925,13813,7237,15499,11719,7237,15499,11719,75770608,77248528,75770608,77255088,77278224,77284368,83678152,85259272,95191816,84367624,85971208,95191816,286822852,289106300,286867124,289141180,289020100,289012772,320021808,322464768,369989232,323225126,325686254,369989506,24.874643600080162,24.863594399997965,24.998383500031196,24.875951700028963,24.85209830000531,25.23326210002415,27.227516799932346,27.620664600050077,29.1465281000128,25.571358699933626,27.874284700024873,29.150734700029716,,,,,,,,,,,,,1,1
7031,219,0.12844036697247707,0.2864583333333333,0.2864583333333333,55,192,55,0.45871559633027525,0.0963302752293578,0.09174538323219968,0.201837398945952,3,218,2.110179054149327,3.7209302325581395,0.26146788990825687,5882,10419,5880,10213,10510,10306,7183,12205,11287,7021,11753,11285,54769864,54915208,54772744,55121000,54923048,55123880,62922280,63077800,72590440,61821448,62229128,72594184,205407168,206018264,205415456,206212248,206097840,206279920,241730608,242402304,283811892,236867958,237765590,284253574,17.013208499993198,16.983769400045276,16.635666699963622,17.291290699969977,17.131927700014785,16.991100800107233,19.59890599991195,19.136909699998796,21.72837420005817,20.25059049995616,20.395986100076698,21.837484700023197,,,,,,,,,,,,,3,1
7033,387,0.13730569948186527,0.17295597484276728,0.17295597484276728,55,318,55,0.4170984455958549,0.10103626943005181,0.14507983794973903,0.14248947830752523,3,386,2.113580426979013,3.9066339066339064,0.26424870466321243,7862,20391,7856,20145,20626,20386,7957,20489,11285,8587,21277,11287,118245832,120661896,118237480,119607208,120687912,119653704,118505608,120923400,125339656,124568680,125973544,125335912,447153940,450866764,447013332,449652604,451048732,449988604,445238552,448953528,475231996,473538514,476254306,475568142,49.9941067999971,47.465876900001604,52.6158876000045,57.58917880000081,58.58794620000117,50.552280099997006,42.20782820000022,41.8571321000054,40.33188659999723,43.52317839999887,44.29175750000286,44.89426199999434,,,,,,,,,,,,,3,3
7034,212,0.16113744075829384,0.30386740331491713,0.30386740331491713,55,181,55,0.46919431279620855,0.11374407582938388,0.13270375748182608,0.17061830450387858,3,211,2.130605899814941,3.62,0.27488151658767773,6686,12287,6678,11837,12390,11948,7507,13501,11719,7939,13501,11719,67198616,67598200,67197848,67503320,67604568,67511256,72862600,73291144,83317864,75647272,75991144,83317864,252119615,253098263,252269711,253106599,253184679,253044703,276270983,277319447,321726503,289229241,290146497,321726505,20.804566700004216,21.223966700003075,20.924114300003566,21.02424250000331,23.02549210000143,23.24857570000313,21.385116799996467,23.657358000004024,24.977794699996593,22.076354299999366,22.650025099996128,24.542444800004887,,,,,,,,,,,,,3,3
7036,382,0.15748031496062992,0.18032786885245902,0.18032786885245902,55,305,55,0.47244094488188976,0.10236220472440945,0.15485774681126097,0.149609201149575,3,381,2.0874436463296693,3.930412371134021,0.2335958005249344,8131,17042,8132,17352,17213,17522,8587,17767,11719,8533,17767,11719,102049024,104278720,102044800,103788928,104311168,103831552,105970648,108272344,108675400,104074600,105826792,108675400,386029087,389188967,386200679,388897271,389312415,388861463,401660615,404920583,412962127,391742961,394449345,412962073,33.347648399998434,34.15275510000356,33.61704680000548,33.83114009999554,37.17730650000158,37.31843640000443,32.77571970000281,34.70997549999447,33.37537730000622,32.261507000002894,32.257953699998325,33.30006730000605,,,,,,,,,,,,,1,3
7040,403,0.14676616915422885,0.18333333333333332,0.18333333333333332,55,300,55,0.4651741293532338,0.12686567164179105,0.14428082976747417,0.14428113371571666,3,402,2.0967357858975513,3.926701570680628,0.23880597014925373,7268,11712,7272,11932,11803,12019,7905,12429,11285,7993,12907,11287,66685384,67217608,66687688,67344712,67230376,67354792,70362760,70886920,76300744,71710888,72400360,76297000,250527630,251520942,250552974,251693966,251490598,251637926,266121426,267114930,292197918,272479660,273679516,292405776,20.71386530000018,22.13782329999958,22.091817299995455,21.04474910000863,23.01074090000475,23.140607399996952,21.3710085000057,23.07699459999276,24.950869100008276,23.58060590000241,21.36800590000348,23.03198909999628,,,,,,,,,,,,,1,1
7068,381,0.1631578947368421,0.16129032258064516,0.16129032258064516,55,341,55,0.4394736842105263,0.1,0.1605286663275604,0.15526566842546394,3,380,2.122765311091867,4.030732860520095,0.2657894736842105,7586,16214,7578,15510,16368,15672,8047,16795,11719,8479,16795,11719,92412784,93189488,92413072,93524560,93210512,93539120,95219032,96005272,103309960,99551128,100686424,103309960,348026861,349696157,348230109,350159869,349956173,350211629,358624781,360316077,393257081,378112379,380106211,393257083,33.07428689999506,30.087197200002265,29.886913999987883,30.05183820000093,32.76071630000661,32.84097869999823,29.47629340000276,31.436150599998655,31.43960949999746,31.598529599999893,31.89045829999668,31.769450600011623,,,,,,,,,,,,,3,1
7080,214,0.1596244131455399,0.2864583333333333,0.2864583333333333,55,192,55,0.4507042253521127,0.10328638497652583,0.15962644424748568,0.1643215642428734,3,213,2.1689453872216777,3.7065637065637067,0.30985915492957744,6700,11080,6709,11572,11175,11658,7697,12169,11285,7507,12637,11287,62948992,63309568,62950240,63456640,63319328,63463712,68445832,68813576,74930440,68044504,68571544,74926696,236817027,237628931,236679723,237689251,237513819,237709203,260268223,261097087,288061271,259094101,260152093,287619977,19.280185300001904,19.763060600002063,19.65130599999975,19.597952500000247,19.632782399999996,19.830053799996676,20.72065020000082,20.822002000000793,21.28635949999807,19.96220319999702,20.984158899998874,21.208790200002113,,,,,,,,,,,,,1,1
7085,384,0.1566579634464752,0.18333333333333332,0.18333333333333332,55,300,55,0.4908616187989556,0.10182767624020887,0.1801586695101754,0.15666025480578893,3,383,2.06875866596834,3.896103896103896,0.22715404699738903,880,992,885,1120,1003,1126,1101,1221,2181,1351,1648,2188,2229016,2243096,2229752,2263448,2244536,2264280,2613576,2630216,3883656,3126744,3165624,3884904,8264176,8290880,8268392,8326176,8297592,8329136,9864460,9894604,15015020,12094232,12163648,15028676,0.5971909999934724,0.6070480999915162,0.5909505000017816,0.6135480999946594,0.6034437000053003,0.5787357999943197,0.6645291000022553,0.6585133000044152,0.9362014000071213,0.8089585999987321,0.8002011999924434,0.9226648999901954,2.8865833301097155,2.7838000023621134,2.874433334606389,2.8103500008000992,2.848300001157137,3.146016667111932,3.1100833342255405,3.0665333373084045,3.4904166677733883,4.021416668062254,3.240199999709148,3.5656333348015323,1,1
7101,108,0.2336448598130841,0.49038461538461536,0.5,51,104,52,0.4672897196261682,0.14953271028037382,0.19626356013310708,0.10280603960060697,3,107,2.2359550948211924,3.6619718309859155,0.2803738317757009,5046,6483,5042,6017,6506,6044,5905,7201,9457,6224,7351,9458,29815304,30215144,29814440,30134280,30222792,30142440,32776456,33168136,40181512,36041000,36415752,40182088,112291969,112845305,112322769,112746177,112803033,112672290,124682621,125212342,157687097,140384863,140878991,157746275,8.320233299979009,8.521276699961163,8.583464000024833,8.578614099998958,9.50484539999161,9.264714700053446,9.99741399998311,9.978228299994953,11.915939399972558,11.619254300021566,11.197170699946582,11.390664399950765,,,,,,,,,,,,,3,3
7103,206,0.17073170731707318,0.3028571428571429,0.3142857142857143,53,175,55,0.4585365853658537,0.08292682926829269,0.19024712115912357,0.09268533145418255,3,205,2.0910189257801424,3.5714285714285716,0.25365853658536586,6459,12642,6448,11696,12748,11813,7237,13555,11287,7541,13053,11285,68110744,68902168,68116088,69445240,68928856,69459640,71708296,72485896,80250664,74647976,76035752,80254408,257181113,258612945,256980513,258858081,258402129,258838569,271232761,272664745,308201033,284523203,286486787,307993179,21.723154100007378,21.796126100001857,21.765753399929963,21.638607600005344,24.33375300001353,24.105354400002398,21.71518619998824,23.6419964999659,23.91438490001019,22.469311600085348,24.667789999977686,23.29932320001535,,,,,,,,,,,,,3,1
7118,219,0.16055045871559634,0.2682926829268293,0.2682926829268293,55,205,55,0.463302752293578,0.05045871559633028,0.14679103935192928,0.15596556207357368,3,218,1.9638586438396615,3.727272727272727,0.24770642201834864,6534,11687,6524,11133,11772,11228,7183,12313,11719,7723,12313,11719,66441384,66994504,66446376,67696200,67018024,67706920,68097640,68676520,75526312,71498344,72768424,75526312,251062542,252143894,250984638,252713270,252047230,252683774,256591094,257695870,287848982,271903024,273650048,287848984,20.303048200003104,23.073681800000486,22.998182199997245,23.070533300000534,21.101291999999376,21.26574100000289,21.968903499997396,22.45066829999996,22.58486080000148,23.57604650000576,23.54017429999658,22.689217699997243,10.81145000110458,7.585983331712972,7.350700000339809,7.428100000349029,8.747016666651083,8.599533332017018,7.762633333186386,7.687566666087757,7.64819999919079,7.604166666472642,8.087750001626167,7.99373333453938,3,1
7124,378,0.13262599469496023,0.18092105263157895,0.18092105263157895,55,304,55,0.47480106100795755,0.11140583554376658,0.16711112035040693,0.16180612135243747,3,377,2.069637170942414,4.042553191489362,0.21220159151193635,7913,17929,7915,18112,18118,18299,8479,18577,11719,8371,18577,11719,107530792,109901128,107532040,110020360,109947304,110064616,110747704,113137528,113784232,109627528,112121032,113784232,407335486,410750510,407395582,410948518,410748598,410885310,418952374,422395654,430776666,413682004,417241252,430776668,40.14703670000017,36.9485468999992,36.653699499998766,36.62260419999802,40.23327779999818,40.350300699996296,35.200724899994384,35.287530900001,34.461286999998265,35.006801099996665,35.10684870000114,34.40379589999793,,,,,,,,,,,,,1,1
7138,183,0.08241758241758242,0.3313253012048193,0.3313253012048193,55,166,55,0.44505494505494503,0.10989010989010989,0.12088215981154693,0.14285892714710477,3,182,2.0842819084122968,3.624454148471616,0.23076923076923078,6769,10754,6779,11582,10844,11662,8047,12367,11719,7507,12367,11719,62426584,63289304,62427352,63231672,63304312,63248056,70824856,71709592,75829576,65750584,66561016,75829576,235593137,236864745,235440465,236743721,236861177,236892745,273125385,274453897,293904729,248593795,249909139,293904731,19.455693500000052,19.650194099995133,19.443778400003794,19.599425699998392,21.650299600005383,21.859694600003422,21.746635399998922,22.007279699995706,22.50583949999418,19.496940500001074,20.362980099998822,22.62188420000166,7.061200001771795,7.511333333241055,8.007716666422008,7.504599999568502,8.58450000062779,8.506983334276205,7.220866666708996,7.830500001243005,7.824166668190931,7.149200001246451,7.717416667825698,8.680066667390443,1,1
7143,200,0.135678391959799,0.2994350282485876,0.3107344632768362,53,177,55,0.4120603015075377,0.06030150753768844,0.14070560773553786,0.11055462573533269,3,199,2.0668121219311204,3.6875,0.2814070351758794,4933,9402,4921,8491,9484,8585,6033,10921,10869,6657,10921,10869,43976976,45120464,43970544,44604400,45135184,44628880,50118120,51391080,64623624,55487432,56252872,64623624,165811347,167421227,165849059,166853315,167561947,166960611,192944859,194727707,257281283,217235797,218443477,257281285,12.705058799998369,13.375989699998172,13.215454999997746,13.676433699998597,13.513037199998507,13.645120699999097,15.640276500002074,16.30772789999901,19.18640990000131,17.057609700001194,17.563461600002483,19.0793685000026,6.011133333231555,6.265299998631235,6.358933333103778,6.524750000001707,7.860216667419688,7.086216667327487,6.561016666334278,6.902649999877515,6.974649999998898,6.569250000514633,6.900116667869345,7.034333333043226,3,3
7147,195,0.14432989690721648,0.3525641025641026,0.3525641025641026,55,156,55,0.4072164948453608,0.061855670103092786,0.11855947396108285,0.15464218413654102,3,194,2.092690945651161,3.5944700460829493,0.27835051546391754,2953,3386,2976,4392,3420,4403,4265,4716,8078,3970,5636,8086,15441672,15716040,15442600,15746728,15723336,15754984,20514952,20853448,26494720,18900016,19257520,26499328,58068651,58391923,58134771,58586867,58421203,58553387,80012511,80401879,104920887,73040627,73572157,104807321,4.2622358000371605,4.349048599950038,4.323550899978727,4.381505099940114,4.390487099997699,4.440546000027098,6.359227200038731,6.278150400030427,7.654282700037584,5.219767200062051,5.544761799974367,7.357771999901161,4.761416659069558,4.9730166598844034,4.660550000456472,4.897650001415362,5.4219333493771655,5.2207999979145825,5.404583333681027,6.182099983561784,6.689800007734448,5.259400000795722,5.4275333338106675,5.856316653080285,1,1
7159,399,0.1457286432160804,0.1676829268292683,0.1676829268292683,55,328,55,0.4396984924623116,0.09045226130653267,0.15075559196549107,0.11809300366454481,3,398,2.0795971868477503,3.961352657004831,0.23618090452261306,7951,22179,7946,21672,22438,21936,8317,22573,11719,8587,22573,11719,130669480,133179688,130671496,133778760,133238312,133825544,132397384,134923720,138092008,135505192,138670888,138092008,494636539,498613531,494984083,499520099,498693715,499232963,498315339,502311355,524944851,514873541,519495029,524944637,45.966402299993206,46.623908499997924,46.29793519999657,46.16458199999761,51.75893039999937,50.66704340001161,43.5948003000085,44.783294599998044,43.49805300000298,48.07554209999216,45.138055500006885,46.143710399992415,,,,,,,,,,,,,3,1
7161,373,0.13172043010752688,0.1687116564417178,0.1687116564417178,55,326,55,0.3844086021505376,0.09408602150537634,0.16666886010657875,0.12365807087964288,3,372,2.097208475300992,3.965936739659367,0.2661290322580645,7366,18248,7375,19184,18470,19397,8371,19873,11719,7885,19873,11719,107935528,111082792,107932072,110745832,111135304,110807848,116675608,120024472,121062568,110971912,113807560,121062568,410400612,414689156,410331100,414374148,414500564,414266732,445593124,450147892,465625956,421182102,425265718,465625958,40.76528770000732,41.6615168999997,40.54911229999561,40.855884899996454,42.02104180000606,40.612103799998295,36.94130979999318,38.29587650000758,37.36208950000582,35.12513179999951,35.82849729999725,37.2416147999902,10.075116663453324,11.375600001580702,8.927183334890287,9.826216664805543,11.947283329694377,12.059550002353111,9.068933332552357,9.993616663753832,9.094516666664276,8.836733332524696,9.529650002756776,9.061383333270593,1,3
7181,382,0.14435695538057744,0.1774193548387097,0.1774193548387097,55,310,55,0.42782152230971127,0.11023622047244094,0.15485810943123862,0.14960904469471573,3,381,2.153565786624478,3.914141414141414,0.27034120734908135,6874,14689,6878,15367,14857,15531,7105,14977,10417,7777,16849,10423,81836176,83859984,81834064,83690448,83896912,83733136,83169928,85218952,91354120,89444056,91438168,91353064,310229958,313073998,310226454,312967006,313156334,313060350,314400426,317275658,349824686,342425084,345364060,349808184,26.39015059999656,27.497192599999835,26.843329100011033,27.30428280000342,29.898584700000356,29.494768900010968,25.425631699996302,25.98738659999799,28.031850600003963,29.765585200002533,29.057968599998276,28.073707599993213,,,,,,,,,,,,,1,3
7192,192,0.14136125654450263,0.3005464480874317,0.3005464480874317,55,183,55,0.42408376963350786,0.11518324607329843,0.14659848052725508,0.12042150269652575,3,191,2.1405564357122455,3.8284518828451883,0.28272251308900526,6144,13006,6135,11734,13126,11863,7129,14095,11719,7615,14095,11719,67020576,68524384,67017344,68252448,68550720,68281184,71590792,73142536,86187208,79333528,80755672,86187208,254090655,256309999,254083447,255898015,256302367,255899239,272308719,274587023,338021679,308518353,310611473,338021681,20.951375199998438,21.31213950000165,20.73466550000012,21.157058099997812,21.331946599999355,21.317722899999353,23.691428300000553,23.132549999998446,26.073720199998206,26.212478000001283,24.720091300001513,25.0502301000015,7.016783333407754,7.397916666983899,7.379166666699651,7.73888333363478,8.573400000386755,10.439333333124523,7.52585000009276,7.894483333075186,8.888166667020414,7.789933333697263,8.150783333500536,7.970933333126595,3,3
7195,384,0.13577023498694518,0.1724137931034483,0.1724137931034483,55,319,55,0.4908616187989556,0.0783289817232376,0.1566604936882056,0.13055071406620836,3,383,1.97159840568702,3.9974937343358397,0.1906005221932115,6988,18976,6979,17908,19189,18130,7615,19603,11287,7801,18877,11285,106922168,108643256,106926872,109620536,108695384,109652408,109246072,110967160,115384360,111491016,114201672,115388104,406472947,409432267,406213499,410044643,409368331,410218475,413105299,416064739,438224135,422769417,426632697,438928345,36.68364839999413,36.76342960000329,35.93507080001291,36.5044249999919,40.0593416000047,39.31899039998825,34.73412660000031,35.07603379999637,36.7048810999986,37.2252937000012,38.671553699998185,37.09842480000225,8.222900001176944,8.931333337386604,8.287833331754277,9.088766668962004,10.816450000371939,11.149966667289846,9.451266666777277,9.527450000556806,8.413383332178151,8.275150001281872,9.168833329264695,8.470250000148857,3,1
7197,187,0.20967741935483872,0.32934131736526945,0.32934131736526945,55,167,55,0.46774193548387094,0.11827956989247312,0.12365790281910449,0.145163441632664,3,186,2.0924310457625337,3.7111111111111112,0.24731182795698925,6003,8320,6017,9306,8386,9358,7008,9556,10634,6967,10531,10639,45998200,46404536,46001560,46589272,46416120,46597656,51991872,52402688,59028664,51235384,51860920,59026936,173000049,173649065,173035089,173963641,173602777,173883641,198649125,199326693,228648265,194957831,195952863,228551443,12.774853100003384,13.305318199996691,13.311988800000108,13.142530299999635,13.267071099999157,13.42455179999888,14.39375569999902,15.180455500001699,15.70922640000208,13.842093499999464,14.835171399998217,15.834341300000233,,,,,,,,,,,,,1,1
7198,221,0.15454545454545454,0.2696078431372549,0.2696078431372549,55,204,55,0.4863636363636364,0.11363636363636363,0.1181837827845646,0.12727510720618407,3,220,2.1830930438480936,3.7362637362637363,0.31363636363636366,7382,14627,7377,14645,14762,14785,7993,15553,11719,8263,15553,11719,84908632,86783032,84900184,85768696,86798776,85804600,89516632,91455448,95308456,89439304,90289480,95308456,321649349,324279773,321744333,323362013,324218389,323222445,339700341,342427989,364504897,339427507,341029187,364504955,32.91452870005742,34.09529740002472,36.12909539998509,40.06706260005012,37.610019400017336,37.08455269993283,35.03241720004007,39.51918340008706,35.827511799987406,35.64742940000724,33.72788030002266,32.73372630006634,,,,,,,,,,,,,3,3
7211,376,0.112,0.1636904761904762,0.1636904761904762,55,336,55,0.41333333333333333,0.088,0.15200197799131274,0.16533542879857122,3,375,2.0222565446661545,4.048192771084337,0.232,7182,14674,7180,14167,14816,14311,7993,15769,11719,8101,15769,11719,80900440,82152728,80903800,82442776,82184600,82466744,86564344,87858616,96521512,89631976,91353064,96521512,306334029,308366445,306344589,308617605,308449669,308681493,330159929,332264057,374591229,343945763,346471779,374591247,25.39235959999496,26.457524400000693,26.19051159999799,26.565679299994372,28.919300599998678,28.204451300000073,25.265970200001902,27.36783370000194,28.63027929999953,27.731528900003468,27.02775290000136,28.35530319999816,8.463633334031329,9.436433334485628,7.942766665413123,11.186949999682838,10.299416666384786,10.169516665579673,8.153933332020339,10.258733334921999,8.146099998460462,16.036966667646386,9.777700000995537,8.557883332590185,3,1
7219,375,0.13636363636363635,0.1896551724137931,0.1896551724137931,55,290,55,0.47058823529411764,0.0962566844919786,0.1657767691966993,0.1497346012196927,3,374,2.10460909256461,3.856382978723404,0.25668449197860965,8094,15917,8098,16180,16067,16326,8641,16525,11719,8425,16525,11719,95817688,97713272,95820088,97876408,97751544,97911768,98947624,100857064,101233768,97335832,99402520,101233768,363287352,366001224,363290184,366191736,365996112,366183208,374078540,376812484,382829420,366963146,369876810,382829422,31.259463599999435,31.505385999997088,33.01394770000479,36.24002639999526,36.349779899996065,34.999904099997366,31.869767100004537,37.93993699999555,34.924839899998915,33.369790000004286,32.264490900000965,33.43821919999755,,,,,,,,,,,,,1,1
7220,371,0.15945945945945947,0.18394648829431437,0.18394648829431437,55,299,55,0.44054054054054054,0.11891891891891893,0.16486662150222203,0.14594815252978052,3,370,2.148525135426104,3.9238845144356955,0.25405405405405407,8290,19524,8294,19700,19735,19907,8749,19927,11719,8533,19927,11719,118320488,120955112,118322792,121056488,121005608,121104680,120353224,122955592,121925704,119262856,121989640,121925704,447431153,451233969,447433761,451353649,451553257,451670217,453455945,457220729,459909273,448699883,452611547,459909275,41.11985870000353,42.881808499994804,44.40389989999676,41.518605500001286,45.90187130000413,46.28043190000608,39.73906960000022,40.37707339999906,38.58757489999698,38.987618599996495,39.18218080000224,37.623787299999094,,,,,,,,,,,,,1,1
7238,381,0.1394736842105263,0.1751592356687898,0.1751592356687898,55,314,55,0.4368421052631579,0.09736842105263158,0.14473971121295012,0.15263444711576754,3,380,2.0823988974654846,3.9646464646464645,0.24473684210526317,7555,17929,7552,17675,18125,17874,8155,18901,11719,8317,18901,11719,102583096,105198136,102581368,105051064,105245944,105101368,107409640,110126056,115043944,108954040,111535672,115043944,389722625,393415425,390036441,393556961,393410561,393239497,410036713,413869705,441394193,415618019,419298083,441394451,34.103117100006784,34.84258080000291,34.544781400007196,35.005696599997464,38.39319809999142,38.252838500004145,34.05435150000267,36.64929159999883,36.30615750000288,37.610590900003444,37.92113550000067,36.01473039999837,,,,,,,,,,,,,3,3
7240,196,0.14358974358974358,0.3179190751445087,0.3179190751445087,55,173,55,0.49230769230769234,0.1076923076923077,0.13333570292721,0.1794889236872013,3,195,2.139696699207427,3.760869565217391,0.2512820512820513,7131,12126,7144,12940,12234,13035,8317,13447,11719,7615,13447,11719,72209368,73794584,72208312,73640824,73821432,73671768,78981448,80652424,82268104,73988824,75438616,82268104,273174006,275282094,273120270,275153646,275315838,275246638,302042342,304250390,314677210,279255748,281310084,314677212,24.175874900072813,23.987961300066672,23.897898599971086,24.07824169995729,27.031628499971703,26.423046299954876,24.062846200075,25.642373699927703,24.93084590008948,22.5058784999419,23.705524099990726,23.992579799960367,,,,,,,,,,,,,1,3
7247,213,0.12735849056603774,0.30726256983240224,0.3016759776536313,55,179,54,0.45754716981132076,0.11320754716981132,0.12264354732370812,0.1415118294787804,3,212,2.097742795270819,3.6088709677419355,0.23113207547169812,5533,9395,5540,10108,9483,10189,6944,11237,11502,6697,11449,11503,52201248,52683360,52205440,53100608,52701120,53111296,60721232,61287696,68998984,57520120,58479160,68999656,196797239,197680695,196816719,198191021,197708535,198194503,234613927,235626607,269907755,219638581,221095797,270002549,15.85329300002195,17.723373000044376,17.49573289998807,17.635955800069496,16.334547300008126,16.484590100008063,19.62275950005278,19.70642229996156,21.139768499997444,18.51915059995372,18.83629479992669,21.714416399947368,,,,,,,,,,,,,1,1
7263,208,0.12077294685990338,0.28350515463917525,0.28350515463917525,55,194,55,0.5120772946859904,0.04830917874396135,0.1062822820706482,0.16908487324953836,3,207,2.0223870458920037,3.75968992248062,0.2946859903381642,6217,13104,6211,12544,13226,12672,6917,13573,11077,7368,13834,11078,72395864,73383160,72392568,73061304,73395256,73079192,73880040,74810216,81723304,78661520,79302608,81718984,273663326,275364838,273495518,274817574,275222886,274847478,277933122,279553594,312178206,300287956,301596324,311575816,24.10638359999939,26.70177369999874,26.905670299998746,29.048226599999907,28.32232010000007,28.30852539999978,27.20598880000034,26.582130799997685,26.792242199997418,27.90235599999869,27.910675700000866,26.831762699999672,,,,,,,,,,,,,3,3
7264,218,0.1382488479262673,0.2864583333333333,0.2864583333333333,55,192,55,0.4838709677419355,0.09216589861751152,0.1290345288971911,0.14746785088987327,3,217,2.04759863141883,3.824701195219123,0.21658986175115208,6788,12172,6781,11326,12264,11425,7561,12907,11287,7645,12429,11285,66516288,67201536,66521376,67652352,67224352,67664704,69430792,70097800,76386856,71850792,73037224,76390600,250372721,251617650,250465082,252074402,251728050,252084410,261976022,263198758,292324546,273607968,275297600,292116692,21.082458400000178,21.46687099999872,20.892384700000548,21.20611639999879,22.18662260000019,21.647578300000532,20.33930280000095,22.562534299999243,22.044213899998795,23.09552310000072,23.937641800001074,22.162394299999505,,,,,,,,,,,,,3,1
7269,381,0.11052631578947368,0.1608187134502924,0.1608187134502924,55,342,55,0.45263157894736844,0.07368421052631578,0.1526337291855414,0.1315815377441284,3,380,2.0144370366548676,4.004683840749414,0.23157894736842105,7706,21290,7698,20396,21534,20648,8101,21709,11287,8217,20905,11285,122767528,124511080,122772712,125753704,124568296,125786248,124547080,126304456,127851880,125204872,128180104,127855624,464631379,467777027,464518691,468819827,467582051,468712083,469755363,472917443,482802683,472415741,476710077,482466517,45.72945489999256,46.92673669999931,46.064644699989,47.236239500009106,50.23504529999627,50.22434629999043,45.68089280001004,44.297206699993694,42.00057819999347,47.75332190000336,48.26627229999576,45.89351439999882,,,,,,,,,,,,,3,1
7281,221,0.16818181818181818,0.3333333333333333,0.3333333333333333,55,165,55,0.40454545454545454,0.09545454545454546,0.16363894839411264,0.1136389508346011,3,220,2.020479218240586,3.602620087336245,0.22272727272727272,7288,11035,7284,10723,11099,10791,7939,11611,11719,8155,11611,11719,63549592,64110904,63551992,64299416,64124344,64309144,65915176,66440488,71583880,67843624,68569384,71583880,238985212,239930340,239066060,240169956,239935908,240091940,247292240,248193680,271800256,257284638,258368638,271800258,20.8346247999998,20.9122423000008,19.923537200000283,20.128678600000057,24.164560899998833,24.850181800000428,23.635722900000474,24.205574000001434,26.386125000000902,25.25563229999898,23.960201899999447,25.41671359999964,,,,,,,,,,,,,3,1
7286,110,0.14678899082568808,0.49,0.53,49,100,53,0.4036697247706422,0.05504587155963303,0.13761652180489256,0.11926845844766688,3,109,1.9496643217603105,3.4965034965034962,0.26605504587155965,4065,6105,4044,5033,6123,5072,5149,7177,9205,5281,6073,9197,26111512,26620472,26106904,26360824,26625688,26370648,29733704,30244552,36089352,30516456,30745960,36084744,97849784,98571087,97824999,98183335,98557239,98194399,113856203,114576620,140952167,117590069,117902620,140824873,7.428368899971247,8.820367399952374,8.474092600052245,8.420618199976161,7.732067400007509,7.701630899915472,9.092508499976248,8.86115430004429,10.88216779998038,9.421165100065991,9.331659300019965,10.407238099956885,,,,,,,,,,,,,3,3
7296,210,0.16267942583732056,0.27638190954773867,0.27638190954773867,55,199,55,0.4880382775119617,0.11961722488038277,0.129188891871204,0.13875833576496102,3,209,2.184655704353708,3.841698841698842,0.27751196172248804,7715,13960,7717,14296,14080,14414,8371,14743,11719,8263,14743,11719,83489016,85056056,83485368,84587352,85076248,84617176,87550168,89160664,90479560,85494712,86585080,90479560,314756719,316975847,314799423,316589255,316772583,316348815,331986719,334262463,343330311,322359297,324127105,343330249,29.347512199999983,30.22940099999869,27.931411199999275,27.94862590000048,31.624243500000375,32.00252919999912,28.349125900000217,27.319505900000877,29.15896260000045,26.134139600000708,26.233583699999144,26.948251699999673,,,,,,,,,,,,,1,3
7316,111,0.15454545454545454,0.42735042735042733,0.4700854700854701,50,117,55,0.4818181818181818,0.02727272727272727,0.16363874410109763,0.21818377925294705,3,110,1.9720419345340645,3.75,0.34545454545454546,2016,2502,2030,3062,2532,3078,2924,3516,6402,2796,4086,6408,9809504,9797664,9813152,9946784,9801504,9946080,13034784,13008736,17573648,12387616,12552736,17573072,36482321,36519313,36496913,36737368,36503265,36704849,50472688,50505745,68899668,47546013,47844069,68933638,2.6592451999895275,2.6624703999841586,2.6675053000217304,2.682041299995035,2.7035065999953076,2.7386515999678522,3.7025650000432506,3.661978300078772,4.7154053000267595,3.4952479999046773,3.482922499999404,4.712595900055021,,,,,,,,,,,,,1,2
7321,368,0.16076294277929154,0.18771331058020477,0.18771331058020477,55,293,55,0.4550408719346049,0.11989100817438691,0.15259003387992487,0.19346283688920496,3,367,2.197216975164814,3.8962765957446805,0.2997275204359673,7139,11152,7134,10672,11224,10749,7885,12043,10855,7551,11151,10851,60964040,61647944,60965864,61854184,61666056,61867560,65342344,66064648,68438920,63220120,64125720,68441320,230541024,231639416,230642504,231902328,231717304,231872672,248245960,249397944,261873884,238859830,240143438,261500126,17.571498999997857,18.26422109999112,18.20083520001208,18.370842799995444,18.361879799995222,18.098546299996087,18.130668500001775,18.334655699989526,18.549595100004808,17.71019919999526,18.98710709999432,19.479389200001606,,,,,,,,,,,,,3,1
7343,103,0.10784313725490197,0.42276422764227645,0.43089430894308944,52,123,53,0.4019607843137255,0.12745098039215685,0.22549246286507696,0.1568650130648166,3,102,2.123746973480411,3.892405063291139,0.22549019607843138,502,640,495,518,641,526,876,1076,2126,883,904,2122,985544,1009160,984424,993928,1009640,995336,1520160,1555360,2692960,1575800,1585880,2692832,3629019,3666555,3625011,3637387,3667811,3642219,5865939,5921555,10418239,6090703,6103447,10431775,0.23899139999412,0.23873049998655915,0.24320069991517812,0.24234350002370775,0.24547329999040812,0.2506545999785885,0.37659030000213534,0.3736884000245482,0.5759555998956785,0.39074090006761253,0.3783905999734998,0.5846758000552654,,,,,,,,,,,,,3,3
7357,111,0.1,0.45614035087719296,0.4473684210526316,52,114,51,0.5363636363636364,0.06363636363636363,0.18181945418473333,0.16363846667280252,3,110,2.03447426445201,3.725490196078431,0.2545454545454545,3930,6376,3925,6515,6430,6574,5251,8201,10251,5611,8365,10252,29681512,30183528,29681480,30305672,30197160,30317800,36983720,37590120,47683720,36935128,37630360,47684296,111662568,112416680,111697336,112589544,112479296,112615488,144112968,145023984,189305472,142880610,143860978,189372010,9.180372999981046,10.19271440000739,9.962664499995299,10.09302419994492,9.390672400011681,9.324620500090532,12.950146300019696,12.385545000084676,15.167956999968737,12.040560900000855,12.208346199942753,14.167675200034864,,,,,,,,,,,,,3,3
7364,219,0.16972477064220184,0.31976744186046513,0.31976744186046513,55,172,55,0.44036697247706424,0.10550458715596331,0.16055293182880884,0.11926859516624806,3,218,2.115113241083524,3.644067796610169,0.2798165137614679,6538,11173,6532,10672,11255,10760,7453,12205,11719,7777,12205,11719,60664888,61492344,60666424,61739192,61513432,61755256,65167816,66035272,74733160,68231128,69369880,74733160,229325474,230634410,229229570,230730274,230541882,230731074,247738270,249099358,289799494,262428836,264025588,289799496,18.93778979999479,19.84845679998398,19.4174191999482,19.140740799950436,19.569722199928947,20.008746900013648,21.33849100000225,20.96184539992828,21.345401600003242,20.717507100082003,21.604087100015022,21.944699399988167,,,,,,,,,,,,,3,1
7377,218,0.1935483870967742,0.30386740331491713,0.30386740331491713,55,181,55,0.391705069124424,0.05069124423963134,0.15668465005564353,0.16590109654736582,3,217,2.0558053247397527,3.6639676113360324,0.28110599078341014,4868,6967,4858,6695,7000,6738,6103,8425,11503,6520,8269,11502,35142648,35582680,35139704,35468184,35588856,35477368,41136520,41632456,51049192,42025800,42353128,51048520,132204038,132863726,132247006,132765454,132881462,132741190,158280850,159019618,200768230,162237868,162746132,200701544,10.166702400078066,11.599822300020605,11.394953500013798,12.025257700006478,10.760832900064997,10.725659399991855,13.125148199964315,12.558114400017075,14.834308399935253,12.866578500019386,12.809983600047417,15.450184299959801,,,,,,,,,,,,,3,3
7383,396,0.1240506329113924,0.18151815181518152,0.18151815181518152,55,303,55,0.4379746835443038,0.09367088607594937,0.1645592999662261,0.1594960098803232,3,395,2.073646471126803,3.9248704663212433,0.25063291139240507,20,16,20,16,16,16,28,28,40,28,28,40,5136,4368,5136,4368,4368,4368,7504,7504,12304,7504,7504,12304,196216,196168,196168,196168,196168,196168,196168,196168,196168,196168,196168,196168,0.05036780000227736,0.04900419999466976,0.04953440000099363,0.04928030000155559,0.04970179999509128,0.04836320000322303,0.050580200004333165,0.05080879999877652,0.0504817000037292,0.04885160000412725,0.049383399993530475,0.049793899997894187,,,,,,,,,,,,,2,2
7401,377,0.1622340425531915,0.2037037037037037,0.2037037037037037,55,270,55,0.4920212765957447,0.10638297872340426,0.11702345239934808,0.16489566743814763,3,376,2.097907171333137,3.739612188365651,0.23670212765957446,7709,15540,7712,15916,15698,16071,8425,16795,11287,7957,16173,11285,90252008,91214696,90253736,91433256,91237512,91452360,97204072,98235688,98940712,91393640,92580072,98944456,341494408,343264856,341292576,343320640,343324480,343578944,371880828,373776460,378256292,344325594,346361626,377991670,29.763335199997528,30.142795899999328,30.032503000009456,30.044279699999606,33.01174869999522,32.37099280000257,30.126904400007334,33.17534109999542,30.094485400011763,28.652377399994293,28.42642390000401,30.95178329999908,8.209733333690869,8.849233335543735,8.257716668595094,8.79161666428748,10.669749998972597,10.896250001678709,8.481749997978719,9.048633330773251,8.301900001242757,8.158349999575876,8.82751666601204,8.267633333161939,1,1
7404,395,0.14974619289340102,0.17133956386292834,0.17133956386292834,55,321,55,0.39847715736040606,0.09390862944162437,0.14213436154877945,0.13705810655125886,3,394,2.060235601171406,3.8861985472154967,0.24873096446700507,7918,19380,7912,19140,19586,19352,8263,19711,11719,8587,19711,11719,115824784,118404880,115821328,118267216,118450128,118315344,117139576,119738488,120805960,118609240,121052632,120805960,437251482,441026986,437247418,440864090,441263434,441104370,439909514,443702090,455628790,447431168,451034528,455628848,44.47767550000572,40.8492852000054,40.34094740000728,41.021494399989024,44.47732940000424,43.997595099994214,38.703790900006425,38.914131700003054,38.231958100004704,39.99930770001083,39.31814220000524,39.36073349999788,,,,,,,,,,,,,3,3
7405,372,0.15902964959568733,0.18456375838926176,0.18456375838926176,55,298,55,0.4582210242587601,0.12398921832884097,0.16981405541212913,0.13746858921248437,3,371,2.104662628397024,3.900523560209424,0.22371967654986524,7414,16536,7420,16704,16706,16868,8263,17119,11719,7939,17119,11719,99386160,101849072,99385776,101838704,101894096,101883728,101917624,104348920,104662984,100867864,103299160,104662984,377258774,380677694,377258966,380684822,380780294,380786774,384686054,388045766,394828574,380105072,383498480,394828576,33.43484569998691,33.477527299997746,33.287138700005016,33.684223400006886,36.58131739999226,36.49392500000249,32.14453279999725,33.50778489999357,32.21829069999512,32.892559200001415,32.256545299998834,33.03931000000739,,,,,,,,,,,,,1,3
7412,367,0.13387978142076504,0.19434628975265017,0.19434628975265017,55,283,55,0.3907103825136612,0.12295081967213115,0.17213337725891015,0.16120487394109062,3,366,2.124811217575842,3.824324324324324,0.23497267759562843,7996,17390,7998,17670,17570,17848,8533,18145,11719,8425,18145,11719,103807560,106318536,103803816,105787560,106355784,105835368,107731048,110312680,110798248,106019464,108030856,110798248,393211772,396704188,392935804,395919052,396429884,395934156,408685866,412271978,420840302,400588736,403604544,420840304,36.41395809999085,35.68556759999774,37.23297989999992,38.88886249999632,40.56932369999413,40.15304780000588,38.54937290000089,37.504228999998304,37.719140999994124,36.60828929999843,38.5278246000089,39.233831399993505,,,,,,,,,,,,,1,3
7419,187,0.14516129032258066,0.3716216216216216,0.3716216216216216,55,148,55,0.45698924731182794,0.11827956989247312,0.13978701838547544,0.13978685495338491,3,186,2.000648959831457,3.5238095238095237,0.1881720430107527,6893,9395,6905,10056,9454,10103,8155,10693,11719,7507,10693,11719,55069592,55907096,55071704,55975640,55924024,55991128,61583512,62419864,65681896,57513640,58427752,65681896,207469116,208568508,207498444,208729252,208606100,208738876,235904996,237007028,252199968,217052538,218297402,252199906,18.730962599998747,16.582223800000065,16.879216899997118,16.92004739999902,18.603235100003076,18.468017399998644,19.36016550000204,20.009911200002534,18.760484300000826,16.414055900000676,17.287301899999875,18.321585999998206,,,,,,,,,,,,,1,1
7428,371,0.12702702702702703,0.1774193548387097,0.1774193548387097,55,310,55,0.44594594594594594,0.0918918918918919,0.13243480638374347,0.1432452052800186,3,370,1.983743866232295,3.954081632653061,0.20810810810810812,8188,20452,8194,20722,20684,20948,8749,20953,11719,8425,20953,11719,124341896,126838856,124345352,126994376,126887912,127039976,126932584,129394984,128527528,125263336,127912360,128527528,469692154,473466154,469696186,473650026,473732042,473911562,477888802,481622050,483482458,470718988,474672556,483482460,50.8267737999995,45.82139179999649,45.26683540000522,47.647788599992055,50.574786099998164,50.34351489999972,44.35279669999727,44.937082999997074,43.970904300003895,44.73368260001007,44.586264800003846,44.04335320000246,,,,,,,,,,,,,1,1
7454,208,0.15458937198067632,0.3160919540229885,0.3160919540229885,55,174,55,0.5072463768115942,0.06280193236714976,0.10628301690440571,0.12560551157356173,3,207,2.07961696196333,3.6401673640167367,0.28502415458937197,6876,11616,6888,11922,11710,12004,8101,12529,11719,7453,12529,11719,68591736,70062584,68590008,69613560,70081912,69640120,72842728,74276968,76739368,70954888,71998600,76739368,259832628,261802788,259878276,261422484,261777908,261361988,276163920,278065072,293081352,268216558,269785230,293081354,22.27441740001086,22.877065100008622,22.717535800067708,22.569547399994917,25.17097159998957,25.155631199944764,23.124086599913426,24.543750299955718,23.217519900063053,22.036254700040445,22.176665000035428,22.683466400019825,6.889233326849838,7.303716653647522,6.901383341755718,7.874083356000483,9.090249989336977,9.584983345121145,7.332933348758767,7.736283315656086,7.712816644925623,7.376016680306445,7.681466677847007,7.569216676832487,1,3
7485,185,0.15217391304347827,0.30386740331491713,0.2983425414364641,55,181,54,0.5054347826086957,0.10869565217391304,0.15761120204874518,0.1521767534077694,3,184,2.146993909882533,3.7396694214876036,0.2826086956521739,6730,12270,6731,12312,12382,12423,7633,13516,11502,7723,13771,11503,68231200,68658208,68231680,68678464,68666848,68686528,74254888,74682280,83263192,75394552,75861112,83263864,256996449,257992001,256997033,258016625,257965969,257990105,282487097,283518641,321810957,287768679,288856543,321200023,21.418819300015457,22.04944690002594,21.724510699976236,21.864096999983303,23.340507499990053,24.406013200059533,22.553287300048396,22.607705200091004,24.138308299938217,22.465203700005077,23.761401700088754,24.648695799987763,,,,,,,,,,,,,1,1
7486,370,0.15176151761517614,0.18518518518518517,0.18518518518518517,55,297,55,0.47696476964769646,0.10298102981029811,0.17615380641678727,0.14092329080875327,3,369,2.0816284483941407,3.9078947368421053,0.21951219512195122,6946,15474,6938,14776,15630,14940,7385,15913,11285,8101,16525,11287,85051400,86465800,85050728,86214344,86489416,86241544,86749000,88163400,97214728,94351144,95626408,97210984,323151320,325448632,322974168,324945704,325155576,324834848,327628412,329925932,374417096,362902934,365046950,374681738,30.809923000007984,27.966881999993348,27.98538220000046,28.25905920000514,30.877775000000838,29.621568399990792,26.398090899994713,27.32978680000815,29.245343899994623,32.11628839999321,30.056143699999666,29.61157790001016,7.5813000003108755,8.137999999841364,7.757966666152546,8.189683333815386,9.918016667749422,9.683516667185662,7.7996000012111235,8.879383334715385,8.400349999040676,8.10401666725132,9.184083331395717,8.043566667765845,3,3
7489,195,0.08762886597938144,0.33125,0.34375,53,160,55,0.4845360824742268,0.13402061855670103,0.17010539378754833,0.2164969887433228,3,194,2.1727402422495223,3.389830508474576,0.25257731958762886,5928,10246,5931,10514,10340,10605,7073,11805,10661,6784,11578,10660,54564576,55307744,54566208,55459808,55326144,55475424,61952072,62764104,68409640,59213152,60151552,68409064,205975292,207168620,206104084,207473996,207178268,207354340,238488888,239794192,266063736,225123326,226559974,265969042,16.766477199998917,17.086657100000593,16.81261760000052,16.941912199999933,19.492894200000592,19.004323100001784,19.19220309999946,20.147979100001976,20.371529800002463,17.32608970000001,18.660846700000548,19.95754460000171,7.195349999771376,7.449400000041351,6.899833333591232,7.233433333264354,9.045483334072438,8.982066665945846,7.253933333534708,7.886033333610006,7.535700001123283,7.347399999465172,7.7725166665914,17.141916666635854,1,1
7491,190,0.13756613756613756,0.3179190751445087,0.3179190751445087,55,173,55,0.42857142857142855,0.10582010582010581,0.1746065027583095,0.16931460940441678,3,189,2.0937056685778757,3.760869565217391,0.24338624338624337,5908,11884,5911,11734,12004,11851,7183,13501,11287,6761,13001,11285,65188280,65978168,65191992,66346008,66001752,66361944,71835736,72696280,79778920,70059080,71285448,79782664,245989427,247401155,245993403,247753395,247556435,247900635,274321483,275839483,308305671,266297697,268173409,308097961,22.8084162999985,20.657836899998074,20.443150900002365,20.682958299999882,23.043068400002085,23.10537000000113,21.312664400000358,22.304737899998145,23.036806899999647,21.475373600002058,22.712340800000675,22.93311570000151,,,,,,,,,,,,,1,1
7495,188,0.12834224598930483,0.2789473684210526,0.2894736842105263,53,190,55,0.5240641711229946,0.0855614973262032,0.19786318459294058,0.12299655346115204,3,187,2.0874293225131177,3.8,0.23529411764705882,5748,11048,5744,10842,11155,10953,6761,12533,10869,6969,12533,10869,57231384,58208152,57231480,58170584,58227768,58190616,63854856,64896520,74033544,65078728,66098760,74033544,216555896,218082664,216555672,218023864,218152352,218094128,245416760,247057560,289649596,250587510,252185102,289649598,18.997432500000286,19.970464800000627,19.84202060000098,19.698111899999276,19.83482499999991,19.06523819999893,21.97256229999948,21.126207199999044,24.002313799999683,20.342628300000797,22.381774000001315,23.378537399999914,7.865683333269165,7.9909333335308474,6.964916666523398,7.356966666520748,11.396166666600038,10.390600000088549,7.393083332923804,7.753616666983969,8.227999999993093,7.161550000091665,8.44303333330269,7.894966667057209,3,1
7501,368,0.11171662125340599,0.1687116564417178,0.1687116564417178,55,326,55,0.47956403269754766,0.1008174386920981,0.14714135614995227,0.1389672154540384,3,367,2.0672078067777733,3.9950980392156867,0.23705722070844687,7894,20538,7894,20244,20774,20480,8425,21169,11719,8425,21169,11719,120874840,122890072,120879640,123476920,122939832,123514488,123991528,126020200,129833896,125787784,128474824,129833896,457161746,460482818,456969122,460852626,460464194,461012082,468010402,471355426,492410590,476048208,480062360,492410648,41.158945599992876,41.09538989998691,40.82933049999701,41.804043799987994,45.43219419999514,46.17654899999616,39.47456170000078,39.90040099999169,40.42914639999799,41.81245349999517,43.55041719999281,40.426373800000874,,,,,,,,,,,,,1,1
7502,384,0.1174934725848564,0.171875,0.171875,55,320,55,0.4464751958224543,0.10704960835509138,0.16449307391721532,0.12532874149289808,3,383,2.1017264233186204,3.9408866995073892,0.22715404699738903,7826,16392,7824,16252,16549,16411,8317,16903,11719,8425,16903,11719,96993400,99280120,96992152,99190104,99321080,99232664,99268168,101566408,103449928,100129576,102341416,103449928,366612459,369790507,366570267,369643979,369715083,369611683,374582859,377774555,391520863,378602089,381695033,391520857,34.80580659999396,32.04476569998951,32.72441589999653,31.5534786000062,34.601968200004194,34.73210690000269,29.968608199997107,30.904022200003965,29.843077500001527,34.01408490000176,30.683745100002852,30.813502400007565,,,,,,,,,,,,,3,3
7505,402,0.1546134663341646,0.18272425249169436,0.18272425249169436,55,301,55,0.44389027431421446,0.09476309226932668,0.16209687624286925,0.15212181493746782,3,401,2.0847724015366533,3.839285714285714,0.2743142144638404,3751,5330,3750,5142,5364,5177,4993,6673,9457,5146,6812,9458,23603304,23862184,23604616,23882952,23868968,23888008,28156168,28398856,37490824,29770960,30103376,37491400,88493262,88915518,88482618,88906998,88900550,88900274,108565810,108982314,148215854,115650892,116157092,148268376,6.608812999998918,7.674320999998599,7.362406300002476,7.557245599993621,6.8238959000009345,6.7877766999881715,8.660105599992676,8.858689999993658,11.062057000002824,8.2097070000018,8.881081600004109,10.475009799993131,,,,,,,,,,,,,3,1
7513,199,0.14646464646464646,0.3125,0.3125,55,176,55,0.46464646464646464,0.10101010101010101,0.14141686042333304,0.11616371806964955,3,198,2.1582469109583053,3.6514522821576763,0.2828282828282828,6680,12234,6677,11999,12337,12105,7561,13285,11719,7723,13285,11719,69386800,70305712,69385168,70172816,70320784,70190416,73721848,74672248,81824872,75161272,75975160,81824872,261241515,262735131,261157539,262494323,262635555,262480291,278879227,280422171,313518151,285337241,286725161,313518153,22.007332999957725,22.913070599897765,22.22471730003599,23.579211700009182,24.938635299913585,24.522880600066856,22.133347299997695,24.676845900015905,23.716361499973573,23.018330999999307,23.199655800010078,25.1075114000123,,,,,,,,,,,,,3,3
7516,395,0.13451776649746192,0.16516516516516516,0.16516516516516516,55,333,55,0.4517766497461929,0.09644670050761421,0.14974861377365603,0.13452022746477163,3,394,2.071163161567854,3.954869358669834,0.24873096446700507,7450,17902,7446,17406,18093,17601,8047,18577,11719,8263,18577,11719,103047104,105587264,103049504,105889440,105642112,105937312,105975832,108560920,113317672,108999832,111961624,113317672,390620980,394245732,390748036,394628900,394266300,394513596,401472140,405149980,433281236,416006790,420046710,433281182,34.27289770000789,36.00053389999084,35.611503399995854,35.35206630000903,37.57272909999301,38.327784499997506,33.153211400000146,33.55404360000102,35.191111699998146,34.22420779999811,34.96298179999576,34.74338830000488,,,,,,,,,,,,,3,1
7526,195,0.18556701030927836,0.3900709219858156,0.3900709219858156,55,141,55,0.422680412371134,0.08762886597938144,0.12371419178749214,0.15464139577678224,3,194,2.077338404934574,3.3894230769230766,0.25257731958762886,6248,7496,6252,7654,7523,7677,7561,8803,11287,7073,8477,11285,40762888,40889608,40764904,40971976,40893832,40974184,46985800,47105032,52215592,44307848,44527496,52219336,153106903,153364519,153109351,153463383,153408383,153504751,180628387,180877940,202384448,168171766,168538646,202695698,12.583526599999459,12.412583200000881,12.166114699999525,12.28570629999922,13.514639400000306,13.457672399999865,14.812629899999592,14.854150699999082,14.885629700000209,13.276595600000292,13.960057500000403,14.948847499999829,,,,,,,,,,,,,1,1
7528,396,0.1341772151898734,0.14473684210526316,0.14473684210526316,55,380,55,0.4379746835443038,0.09367088607594937,0.16202773180601623,0.17215446784762264,3,395,2.051378358416901,4.112554112554112,0.22278481012658227,6900,16102,6915,17433,16302,17618,7957,17577,11285,7453,18253,11287,94716072,96699624,94715976,96499240,96733672,96539464,102358152,104449800,107368456,98154472,99993064,107364712,359440148,362386324,359282332,362154860,362363252,362302636,391216812,394314604,411531248,372318962,375276146,411829418,35.95952709999983,32.67677249999542,34.60478259999945,33.29876799999329,36.44621380000899,34.84082529999432,32.65418709999358,35.28524199999811,34.04029910000099,30.264314700005343,33.598142999995616,33.837041400009184,,,,,,,,,,,,,1,3
7559,110,0.14678899082568808,0.4782608695652174,0.4782608695652174,55,115,55,0.4036697247706422,0.09174311926605505,0.15596584231943028,0.10092081668479112,3,109,2.010008369464206,3.7096774193548385,0.22018348623853212,4580,6660,4583,6555,6709,6601,6255,8693,11078,5981,8529,11077,31525760,31909632,31528288,31991584,31921344,32000064,39470352,39919792,51535272,39336232,39945256,51539592,118378982,118977406,118301103,118971503,118952358,119022518,153227218,153928482,205425458,153407264,154283296,205803244,9.262629900011234,9.227574500022456,9.604283099994063,9.31020080007147,10.212827899958938,10.16725099994801,11.578147200052626,12.621969499974512,14.84551030001603,12.3328844999196,12.779676600010134,14.823439599946141,,,,,,,,,,,,,1,1
7573,202,0.17412935323383086,0.30726256983240224,0.30726256983240224,55,179,55,0.46766169154228854,0.05970149253731343,0.12438040891134028,0.11940543606543719,3,201,1.9906506959691754,3.713692946058091,0.23880597014925373,6861,12296,6863,12293,12401,12396,7831,13393,11719,7723,13393,11719,70528488,70830792,70534248,71381800,70847368,71387368,75481384,75782056,82431400,75500824,76395928,82431400,265550588,266411188,265556508,266961996,266437788,266977380,286341108,287213492,315887888,286462850,287940850,315887826,22.61176809999961,22.61013869999806,22.989571300000534,22.440719300000637,25.156646200000978,24.9584786000014,22.86406999999963,25.06877860000168,24.261327000000165,22.947447499998816,23.486775600002147,23.79976270000043,,,,,,,,,,,,,1,1
7580,198,0.14720812182741116,0.2994350282485876,0.3107344632768362,53,177,55,0.4467005076142132,0.09644670050761421,0.17766685542050126,0.12690698109486798,3,197,2.1587733524382404,3.672199170124481,0.27918781725888325,4382,6592,4396,7484,6659,7537,5857,8401,9265,5185,8401,9265,32957592,33358872,32961112,33578072,33372696,33588056,40929544,41408776,46089736,36053512,36717064,46089736,123621294,124252174,123632302,124569550,124199238,124505430,159058222,159801902,180551402,136562788,137559948,180551468,10.76925940000001,9.642196299999341,9.684644900000421,9.810043399997085,9.849660399999266,9.698453300003166,13.032423000000563,12.795261300001584,12.992488500000036,10.046537300000637,10.41125920000195,13.645975999999791,5.74136666667376,6.1510999997456866,5.717883334606692,6.48406666732626,6.416416665767126,6.433416667277925,6.38236666721544,6.470116667211793,6.613033332541818,6.348866666788429,6.341233332932461,6.774133333237842,1,1
7581,397,0.11616161616161616,0.1636904761904762,0.1636904761904762,55,336,55,0.45707070707070707,0.09595959595959595,0.14394241970237062,0.14646698090522972,3,396,2.1037478584923752,3.9160839160839163,0.25757575757575757,8200,17009,8200,17009,17172,17172,8587,17389,11719,8587,17389,11719,101894712,104338680,101894712,104338680,104383864,104383864,103671112,106111048,106179304,103671112,106111048,106179304,387174773,390544333,387174725,390544333,390906565,390906565,390618133,393982981,401094493,390756519,394121367,401094351,40.837998899995,39.85274930000014,38.18647280000732,38.111963699993794,41.44049109998741,41.08690919999208,35.30753140000161,35.7326585999981,33.746088200001395,37.03991209999367,36.53964529999939,35.29278200000408,,,,,,,,,,,,,1,1
7585,382,0.15223097112860892,0.18900343642611683,0.18900343642611683,55,291,55,0.47244094488188976,0.10236220472440945,0.12598651562502064,0.13386089227704961,3,381,2.0408816372725673,3.8594164456233417,0.2099737532808399,2046,2160,2054,2308,2171,2311,3363,3486,6930,3109,3571,6931,7341768,7371528,7342984,7387464,7373288,7387560,10910456,10914392,17009944,10444072,10517992,17010520,27178050,27217690,27173098,27243898,27214002,27243474,42628158,42643894,67821610,40752358,40874286,67850836,1.8887274000007892,1.937668800004758,1.921411299990723,1.8962725000019418,1.910628199999337,1.9411419999960344,2.937128899997333,2.944439400002011,4.506080400009523,2.7305511999875307,2.84466610000527,4.358542600006331,,,,,,,,,,,,,1,1
7586,202,0.12437810945273632,0.2857142857142857,0.291005291005291,54,189,55,0.4427860696517413,0.12437810945273632,0.11940513241257686,0.15423100186970584,3,201,2.1008394395219865,3.69140625,0.208955223880597,6604,12118,6601,12250,12228,12363,7561,13663,11503,7580,13410,11502,67661552,68784112,67658128,68475152,68799344,68497232,74880904,76073224,82210648,72721280,73528576,82209976,256415516,258118844,256457972,257860204,258136540,257843932,286988268,288822556,317566680,276092426,277503930,317460210,26.902580099995248,28.18954399996437,27.267556800041348,27.249983199988492,28.950688599958085,29.135434900061227,28.387077199993655,28.857122599962167,37.26008729997557,24.233111700043082,26.226268799975514,27.374410600052215,,,,,,,,,,,,,3,3
7588,363,0.12154696132596685,0.1870748299319728,0.1870748299319728,55,294,55,0.425414364640884,0.08839779005524862,0.1519357473943228,0.16022312434747796,3,362,2.0273631357876747,3.8888888888888893,0.212707182320442,7383,14538,7391,15186,14684,15324,8371,15823,11719,7939,15823,11719,85976584,87435016,85981192,87810504,87469320,87837960,92918200,94400824,97011400,88954168,90806584,97011400,324409941,326608413,324453925,327094877,326710221,327148173,354375613,356629277,372457293,336021735,338695239,372457231,29.357643800001824,30.991686200010008,31.6898288000084,30.488019900003565,34.48182319999614,33.7738110999926,31.546222200006014,34.47859510000853,31.87158899998758,30.159820900007617,30.576526799995918,30.904057699997793,,,,,,,,,,,,,1,1
7589,371,0.12702702702702703,0.17684887459807075,0.17684887459807075,55,311,55,0.42702702702702705,0.10540540540540541,0.15135347369013707,0.14054336555528682,3,370,2.1410110198198042,3.849009900990099,0.2594594594594595,5552,7822,5545,7603,7864,7652,6351,8801,10251,6835,8977,10252,39245800,39384616,39246376,39516424,39390024,39519528,43349320,43504520,51355720,45502312,45778120,51356296,147811728,148181840,147708656,148190072,148053472,148162016,164975120,165380320,199422332,174810454,175306286,199497254,11.14140100000077,11.702023499994539,11.566822900000261,11.408114300007583,11.461687799994252,11.577417099993909,12.727493099999265,13.054210400005104,14.177241999990656,13.211655100007192,12.99181540000427,13.775951599993277,,,,,,,,,,,,,3,1
7590,390,0.11311053984575835,0.1697530864197531,0.1697530864197531,55,324,55,0.4601542416452442,0.13110539845758354,0.16452648148663668,0.13882001101429595,3,389,2.1680691784659625,3.884892086330935,0.2493573264781491,7834,19966,7836,20068,20194,20294,8425,20629,11719,8317,20629,11719,119854600,122396488,119855752,122455240,122445480,122503080,122920168,125503528,126521320,122296360,124941928,126521320,452701636,456504100,452702948,456573316,456772620,456840564,463924336,467775664,478211488,461306790,465231558,478211434,46.76848080000491,42.49349660000007,44.24291339999763,43.110149699998146,57.56851740000275,53.20329219999985,49.855214900002466,41.77393899999879,41.83331570000155,42.48336549999658,40.44326469999942,42.5704534999968,,,,,,,,,,,,,1,1
7594,109,0.1388888888888889,0.45871559633027525,0.48623853211009177,50,109,53,0.4537037037037037,0.12962962962962962,0.16666866516202894,0.1851873260586419,3,108,2.1147450024218837,3.609271523178808,0.24074074074074073,3613,5197,3598,4443,5221,4482,5045,7073,9413,5041,6121,9406,20159448,20460504,20156312,20268088,20463256,20275480,26450632,26835016,36571912,26779120,26902960,36567880,75057721,75521066,75060434,75256857,75543562,75278833,102920305,103513937,146811501,105055646,105288487,146743359,5.533907199976966,5.744473100057803,5.6760004999814555,5.671004800009541,6.41068189998623,6.487182499957271,8.117544700042345,8.038334400043823,10.310358199989423,7.8050127000315115,8.16862399992533,10.60497449990362,,,,,,,,,,,,,3,3
7607,113,0.14285714285714285,0.4296875,0.3671875,55,128,47,0.4732142857142857,0.11607142857142858,0.17857362339938326,0.15178778242469498,3,112,2.202599896128456,3.975155279503105,0.3125,4516,6941,4529,7922,7013,7981,5659,8373,9615,5721,9465,9621,35152072,35646664,35154696,35832264,35662312,35844424,41392792,41952152,49589256,40981096,41794792,49592712,132507612,133249492,132515956,133541628,133243412,133525620,159515460,160352148,195203420,158199934,159398246,195212238,11.713953500031494,11.852778500062414,12.56626720004715,11.617365199956112,11.592328400001861,12.278665299993008,14.158771899994463,14.234401900088415,14.897853700094856,13.50808820000384,14.223447100026533,16.140348899993114,,,,,,,,,,,,,1,1
7624,214,0.1596244131455399,0.28061224489795916,0.28061224489795916,55,196,55,0.431924882629108,0.07981220657276995,0.1361531221412752,0.1643214184613767,3,213,1.9620274172105718,3.9043824701195216,0.22535211267605634,5258,7042,5258,7086,7078,7122,6301,8101,10051,6301,8101,10051,35920872,36160808,35920872,36186600,36165960,36191304,40437320,40672520,46389320,40186120,40443720,46389320,134432685,134858941,134506813,134962437,134957213,134986365,154311329,154734497,179219181,152710235,153154843,179219183,10.218304000001808,10.49147520000406,10.697456000001694,10.510608999997203,11.76943929999834,11.978540600000997,12.584006099998078,12.571653999999398,12.937264100000903,11.414321899996139,11.746540799998911,12.64465160000691,,,,,,,,,,,,,1,1
7628,110,0.12844036697247707,0.4358974358974359,0.452991452991453,51,117,53,0.3853211009174312,0.12844036697247707,0.17431334409555163,0.1284423509565686,3,109,2.1703128286271327,3.6792452830188678,0.25688073394495414,2474,3452,2461,2853,3466,2880,3808,5077,8132,4043,4645,8128,10715624,10904296,10711880,10732488,10905032,10737736,15351848,15598504,25120328,16983800,17015448,25118024,39921755,40211964,39949988,40010884,40234755,40004892,60286747,60665252,102133499,68084436,68179517,102185724,2.8426474999869242,2.8719590000109747,2.8839238999644294,2.9343433000613004,3.2477914000628516,3.0691537000238895,4.639005500008352,4.652348099974915,6.817896099993959,4.728457099990919,5.069978600018658,6.997666300041601,4.154783324338496,4.243166670979311,4.279850012001892,4.560133325867355,4.486999998334795,4.98184998286888,5.186083338533838,4.962416656780988,5.4402333140994115,4.822266676152746,5.002250021789223,5.677166647122552,3,3
7633,186,0.1783783783783784,0.3503184713375796,0.3503184713375796,55,157,55,0.4648648648648649,0.05405405405405406,0.10811110001334266,0.16756948659423035,3,185,1.9869742706376357,3.504464285714286,0.24864864864864866,7291,11138,7299,11546,11214,11614,8263,11935,11719,7831,11935,11719,67131640,67946968,67127608,67680344,67956472,67694968,71084056,71873752,73683400,68554264,69067480,73683400,251894833,253112025,251964417,252954169,253096585,252872505,268299165,269472637,277917569,256996863,257932159,277917571,20.843983299913816,21.01453919999767,21.16887730010785,21.19332080008462,23.69444809993729,23.40263920009602,20.98928620002698,21.976692299940623,21.029844800010324,20.25978149997536,20.833896200056188,20.90568969992455,,,,,,,,,,,,,1,3
7637,375,0.1443850267379679,0.1661631419939577,0.1661631419939577,55,331,55,0.45989304812834225,0.09358288770053476,0.10962801765311848,0.1417134553194046,3,374,2.118139138182116,4.016990291262136,0.2620320855614973,8178,19552,8180,19648,19767,19861,8641,20143,11719,8533,20143,11719,116438152,119004616,116439304,119059912,119053512,119107656,119566120,122144296,122765512,118976008,121616392,122765512,440872199,444617927,440873511,444683207,444785567,444849487,453501643,457272587,467344779,450335593,454179977,467344581,39.135754100003396,39.564426800003275,39.26100430000224,39.63030540000182,43.84002679999685,43.8221435000014,38.19683429998986,38.391997300001094,39.5716562000016,39.53453520000039,38.616635600003065,37.686760700002196,,,,,,,,,,,,,1,1
7644,405,0.18564356435643564,0.18456375838926176,0.18456375838926176,55,298,55,0.452970297029703,0.09653465346534654,0.1782207854206231,0.178220032838791,3,404,2.0522636654987343,3.910761154855643,0.23267326732673269,7044,13196,7055,14200,13332,14325,7957,14457,11285,7669,15013,11287,76852728,78015736,76850616,77903640,78035704,77928472,83634408,84925672,88588552,80712904,81791176,88584808,290831263,292638671,290880487,292676655,292633423,292627639,319092079,321064031,340503147,306001517,307843677,340737373,24.2860723999911,24.400083500004257,24.105584999997518,24.19953140000871,26.752316700003576,27.066860000006272,24.654154700008803,27.213004299992463,26.031136899997364,23.576856200001203,26.329586100007873,26.05161510000471,7.405433333284843,7.948483330740904,7.620733333169483,7.969166666346913,9.46644999930868,10.19553333511188,7.871083333157003,8.399583333812188,7.945850001609264,7.570483331316305,8.40904999980315,8.02658333365495,1,3
7647,197,0.1683673469387755,0.2872340425531915,0.2925531914893617,54,188,55,0.3877551020408163,0.10204081632653061,0.15306327422624644,0.15816507301036725,3,196,2.0728509488549993,3.7154150197628457,0.23469387755102042,5506,8786,5511,9099,8862,9170,6682,10303,10864,6679,10707,10866,46009048,46682072,46011448,46846648,46699608,46860696,52508488,53224936,62009176,52685160,53614568,62005528,173594170,174611082,173539698,174749778,174611978,174804266,201706834,202802746,243074258,203151860,204502124,243237860,14.385235900001135,14.625895799999853,14.414392300001055,14.650899200001732,15.826837799999339,16.592069999998785,16.47974630000317,18.089073200000712,19.617905499999324,17.717972800001007,18.14004510000086,21.545254299999215,,,,,,,,,,,,,1,1
7663,401,0.16,0.1636904761904762,0.1636904761904762,55,336,55,0.495,0.0875,0.1625021194719011,0.16500162267766427,3,400,2.0841836593920338,4.009546539379475,0.2525,3417,4880,3418,4885,4917,4921,4693,6349,9247,5051,6901,9251,20132184,20359992,20132536,20360152,20365848,20365720,25574680,25830808,36275016,27763320,28056120,36277320,75780647,76157839,75748067,76127703,76124891,76126815,99913031,100338535,146236807,109774577,110257635,146140625,5.674644699989585,6.293453699996462,5.676313999996637,5.773546900003566,5.76996859999781,5.894281100001535,7.99246839999978,7.906747199987876,10.47102630000154,8.022608700004639,8.683734899997944,10.482922399998643,,,,,,,,,,,,,1,1
7674,405,0.1485148514851485,0.15027322404371585,0.15027322404371585,55,366,55,0.43316831683168316,0.08415841584158416,0.1633685863441972,0.1485171382330441,3,404,2.08438665495289,4.048672566371681,0.25742574257425743,6355,15442,6347,15330,15604,15500,7183,16363,11719,7615,16363,11719,89174904,91258584,89168120,90388760,91279992,90428024,93463384,95583640,100044040,94180504,95336536,100044040,338116898,341141898,338261074,340409290,341099866,340236010,355467646,358538942,383118266,358225608,360284776,383118268,32.63867539999774,32.9594569999972,32.74320400000579,32.87318460000097,30.434537799999816,30.561514799999713,31.97295199999644,32.61655939999764,32.31042969999544,32.73620099999971,31.891005799996492,32.09191049999936,,,,,,,,,,,,,3,3
7682,361,0.11944444444444445,0.18092105263157895,0.18092105263157895,55,304,55,0.41388888888888886,0.09166666666666666,0.16111375879457532,0.14722495550328554,3,360,2.0645103720168354,3.8676844783715016,0.2361111111111111,5357,9699,5352,9219,9784,9309,6373,11233,11503,6520,11025,11502,51804304,52388816,51805936,52547760,52405328,52560368,56610328,57291160,67992232,58456648,59331784,67991560,195028115,196061843,195029179,196170931,196176411,196282051,215245591,216429631,263832691,224000969,225342577,263738157,15.384563500003424,17.211171900009504,17.053529299999354,17.19865820000996,16.057191700005205,15.940095800004201,17.93525719999161,18.14768059999915,20.26911619999737,17.802614199987147,18.549604600004386,20.076538299996173,,,,,,,,,,,,,3,1
7685,206,0.13170731707317074,0.3235294117647059,0.3235294117647059,55,170,55,0.47804878048780486,0.12195121951219512,0.18048983297833218,0.1756120871400415,3,205,2.1468725875857273,3.711790393013101,0.2731707317073171,2658,2508,2669,2896,2511,2888,3421,3133,6229,3613,3742,6236,9932664,9899832,9933336,9918712,9898776,9917048,11982664,11922760,15612616,12402408,12357000,15612616,36906151,36858535,36928038,36936391,36861151,36918918,45687043,45598051,60600750,47525203,47493307,60659560,2.557267199998023,2.6524817000026815,2.8304865999962203,2.665140999997675,2.6075479999999516,2.733447200000228,3.3458029000030365,3.3867516000027535,4.159251500001119,3.2910810000030324,3.644981599994935,4.111173099998268,4.340033334301552,5.644349998571367,4.243116666960607,4.320933333171221,5.189083331060829,4.511366667429684,6.07674999870748,4.5904499978253925,4.9801666670343065,4.777233333394785,4.567100000713253,4.852266665693605,2,5
7687,394,0.1450381679389313,0.16272189349112426,0.16272189349112426,55,338,55,0.4707379134860051,0.10941475826972011,0.16030730418540992,0.13486286694759803,3,393,2.122917169551001,3.9578454332552693,0.2544529262086514,8186,21066,8186,20732,21304,20970,8587,21439,11719,8587,21439,11719,124935808,126890752,124940704,127753696,126944032,127789600,126751576,128690392,131256904,128788024,131665144,131256904,472547811,475845363,472552723,476673571,476192835,477003347,477349723,480628219,495964499,486588949,490805557,495964557,43.010559299989836,44.360952000002726,43.315918899999815,43.37507310000365,47.79613460000837,47.27809010000783,41.98726150000584,42.01124590000836,40.85757389999344,43.76394900000014,42.61654870001075,42.37770120000641,,,,,,,,,,,,,1,1
7695,403,0.1044776119402985,0.16176470588235295,0.16176470588235295,55,340,55,0.44029850746268656,0.08706467661691543,0.13433073210154675,0.1492559160401266,3,402,2.0754260237869646,3.97196261682243,0.26616915422885573,7368,18658,7377,19373,18886,19592,8371,20197,11719,7885,20197,11719,109544680,112213864,109540744,111549544,112252168,111601960,117690376,120520840,122882152,113331496,115399912,122882152,416828353,420668193,416825369,420078297,420589601,420012873,450677641,454734553,473240737,430744203,434089611,473240803,38.91817830000946,39.779234900008305,39.175142699998105,39.06382559999474,45.96452309998858,43.30183899999247,39.26129609999771,40.288721899996744,40.77112050000869,38.580062900000485,41.75014650000958,41.62916810000024,,,,,,,,,,,,,1,3
7706,107,0.2169811320754717,0.4727272727272727,0.44545454545454544,52,110,49,0.5377358490566038,0.1509433962264151,0.1509445732182665,0.2358526745415732,3,106,1.994541892409229,3.846153846153846,0.16037735849056603,2816,3214,2833,3818,3244,3831,4183,4716,8078,4166,5636,8086,12517376,12688384,12517888,12702432,12694208,12708160,17825352,18060200,26430432,17929424,18214800,26435040,46824369,47036568,46851113,47138736,47053153,47128601,70266924,70555477,106779364,70565122,71002497,106665798,3.4170359999407083,3.4959248000523075,3.640768300043419,3.658451099996455,3.6481639000121504,3.6964150000130758,5.202020699973218,5.498222999973223,7.934651699964888,5.4414475000230595,5.904095199890435,8.990808499976993,,,,,,,,,,,,,1,1
7711,361,0.13333333333333333,0.18518518518518517,0.18518518518518517,55,297,55,0.4583333333333333,0.10555555555555556,0.16666914728314927,0.15277991931846677,3,360,2.143099926506685,3.9078947368421053,0.2611111111111111,6846,17120,6842,17068,17306,17258,7615,17875,11719,7831,17875,11719,100641248,102731360,100641504,102682592,102768736,102721184,104005048,106089016,109188616,104333368,106351672,109188616,382449449,385604673,382317481,385430609,385387161,385338841,393317369,396464921,415831749,394752407,397823639,415831815,38.30012470000656,37.47747859999072,38.27085859999352,39.18911459999799,41.06532910000533,39.848095499997726,38.7655395000038,37.26228570000967,37.308073699998204,38.73736710000958,38.69530580000719,35.75908889999846,,,,,,,,,,,,,3,1
7713,367,0.12021857923497267,0.17405063291139242,0.17405063291139242,55,316,55,0.43169398907103823,0.07923497267759563,0.14481114014051855,0.13934666251183533,3,366,2.0558397007357123,3.969849246231156,0.2540983606557377,7936,19600,7925,18938,19805,19154,8155,19819,11719,8749,19819,11719,114993656,117141560,114992216,117462488,117186904,117502264,115798648,117946552,121412488,119884936,122333512,121412488,434765971,438120979,435035579,438656675,438181883,438433763,434880499,438235699,460112207,453822185,457427321,460112409,38.67778610000096,38.83817629999976,41.708564799999294,39.15377859999717,42.570289400006004,42.61322199999995,36.84229210000194,36.98119520000182,36.698247100001026,38.89747580000403,40.75086030000239,37.22927959999652,,,,,,,,,,,,,3,3
7715,368,0.10626702997275204,0.17857142857142858,0.17857142857142858,55,308,55,0.46866485013623976,0.09809264305177112,0.1553156181779114,0.14986610972786915,3,367,2.0636525390138516,3.8987341772151898,0.23160762942779292,8194,20258,8188,19940,20476,20164,8425,20521,11719,8749,20521,11719,120577032,123608520,120573576,123425352,123661544,123481832,121641448,124691368,125354920,123580264,126443560,125354920,457248871,461543319,457244743,461327079,461764055,461551815,459072039,463388103,474271615,467838249,471934185,474271617,46.65509050000401,42.83162929999526,43.266291000007186,50.44360090000555,53.221295099996496,51.82221619998745,45.34630949998973,44.632523899999796,41.03619699999399,46.595888700001524,46.935394500003895,45.52608019999752,8.762633333390113,10.060466665891,9.039516665022044,10.16048333258368,13.212983333990755,19.454266667404834,9.677033335416732,9.918466668750625,10.61078333198869,13.407466668771423,10.37690000036188,8.869700000407951,3,3
7722,111,0.14545454545454545,0.5360824742268041,0.5670103092783505,52,97,55,0.4727272727272727,0.06363636363636363,0.07272882632572543,0.12727441849314014,3,110,2.0593876756905862,3.5661764705882355,0.2818181818181818,5099,6219,5095,5996,6235,6016,6481,7561,11071,6325,7141,11068,31486224,31723344,31485616,31626160,31725808,31630192,36896872,37114600,44183848,36147280,36272944,44186920,118007219,118363075,118006203,118242699,118370083,118251691,141112527,141444935,172322375,138492605,138705557,172149529,9.912287199986167,10.745060999994166,10.233098699944094,10.402086600079201,9.608376299962401,9.525721400044858,11.805012899916619,11.297963800025173,12.924112200038508,11.683969600009732,11.95197689998895,13.340463800006546,,,,,,,,,,,,,3,3
7726,394,0.13486005089058525,0.17080745341614906,0.17080745341614906,55,322,55,0.4910941475826972,0.1297709923664122,0.11959534103960823,0.10941664417423592,3,393,2.0858900206102,4.045226130653266,0.21882951653944022,8335,18035,8332,17882,18213,18063,8587,18361,11719,8749,18361,11719,107434832,110059600,107433104,109971472,110106896,110020496,109007608,111654904,112104616,109943320,112497304,112104616,408505615,412145759,408503527,412041719,412359031,412256975,411980719,415651135,424549483,416195181,419755501,424549485,37.77415589999873,36.3861065999954,36.25145920000068,36.50457240000105,40.384122199997364,39.30925800000114,36.32815380000102,35.02115110000159,34.38913930000126,39.95686730000307,34.10231139999814,33.89716829999816,,,,,,,,,,,,,3,3
7737,383,0.1806282722513089,0.1636904761904762,0.1636904761904762,55,336,55,0.39790575916230364,0.09162303664921466,0.17277744560409825,0.1518347169039771,3,382,2.0869594283072477,4.0,0.23036649214659685,8278,19379,8276,19275,19586,19484,8587,19873,11719,8695,19873,11719,115167352,117889336,115161208,117049720,117924664,117100792,117786280,120544168,121622440,118416136,120323848,121622440,436470384,440355912,436389808,439429800,440124672,439289760,444345232,448285936,462516028,448076534,451154342,462516086,40.1450984999974,40.47109350000392,42.54737020000175,39.37442279999959,42.907952100009425,42.79428659999394,36.81150100000377,37.65599040000234,39.03856899999664,45.42084960000648,40.26787769999646,39.543963799995254,8.930216667067725,10.574583335255738,8.435133330446357,9.381699999115275,11.390949997197216,11.532833334058523,8.97968333447352,9.831066665356047,11.204249999233676,9.328016664464181,9.912583334274435,8.743283331568819,3,3
7738,222,0.13574660633484162,0.2722772277227723,0.2722772277227723,55,202,55,0.4298642533936652,0.11312217194570136,0.19004789338662073,0.11312550503330734,3,221,2.13843716410159,3.854961832061069,0.26244343891402716,6031,9054,6022,8536,9108,8599,7129,10531,11719,7615,10531,11719,45491480,46108888,45490136,45963224,46119640,45976216,52360744,53062312,64772104,55542424,56123032,64772104,170688553,171621329,170721649,171454785,171762785,171564825,201598085,202654485,255691777,215741303,216623839,255691779,12.88423040008638,13.519876900012605,13.390390600077808,13.249450900009833,14.74223269999493,15.03270760003943,15.153421199996956,15.667552500031888,19.554889800027013,22.23467839998193,22.681424600072205,23.002049900009297,,,,,,,,,,,,,3,3
7742,378,0.16180371352785147,0.1697530864197531,0.1697530864197531,55,324,55,0.44297082228116713,0.07692307692307693,0.16711055560949054,0.10079812601057996,3,377,2.058249915302481,4.00990099009901,0.259946949602122,6699,12384,6699,12165,12489,12270,7437,12897,11285,7723,13393,11287,69393896,70216040,69393608,70081544,70228936,70096456,71581640,72357064,79018888,75673624,76370008,79015144,263281773,264692405,263281485,264535069,264857917,264702549,270440709,271781157,302908665,290225371,291508555,303116523,20.490757299994584,21.239006399991922,20.78129080000508,21.02138200000627,22.142042099992977,22.11169799999334,20.366843700001482,20.702054900000803,22.46955930000695,22.160252000001492,23.623469700003625,23.141678500003763,,,,,,,,,,,,,1,3
7747,371,0.12702702702702703,0.18835616438356165,0.18835616438356165,55,292,55,0.4594594594594595,0.07297297297297298,0.15946166652154076,0.14865073103243737,3,370,2.118453694248318,3.81201044386423,0.3027027027027027,6933,16410,6928,16852,16584,17031,7669,17335,11719,7939,17335,11719,98264920,100602424,98255544,99422136,100621496,99466200,102917704,105297160,106155976,100260472,101290360,106155976,372750540,376075236,372857588,375047444,376036148,374923116,390041004,393427300,402982880,377994530,379992770,402982890,37.113600399999996,37.56025779999618,37.234727400005795,37.46006189999753,37.686440499994205,37.76992099999916,36.51318280000123,37.45460439998715,35.85942700000305,35.75627139999415,35.78889709999203,35.781450599999516,,,,,,,,,,,,,3,3
7780,402,0.1172069825436409,0.14705882352941177,0.14705882352941177,55,374,55,0.4463840399002494,0.13466334164588528,0.18454072905293298,0.14464055519595168,3,401,2.0924625275579,4.100877192982456,0.2144638403990025,8119,18799,8124,19232,19009,19437,8695,19765,11719,8425,19765,11719,112410832,114137616,112413712,114388816,114174704,114421232,117761656,119512120,121202536,115105720,117108472,121202536,423808455,426639207,423903695,427029583,426717839,427009591,445823755,448719067,460906331,433788569,436966297,460906341,40.53230199999962,40.73958909999783,40.20820519999688,41.04786730000342,39.772591699998884,41.15856840000197,40.239809700004116,40.32735050000338,39.16030209999735,39.57601589999831,38.59652490000008,38.29110209999635,,,,,,,,,,,,,1,1
7781,108,0.17757009345794392,0.4774774774774775,0.4954954954954955,53,111,55,0.4766355140186916,0.09345794392523364,0.15888051907140238,0.19626341142613335,3,107,2.121478777512034,3.7,0.2523364485981308,4454,5296,4454,5280,5311,5295,6033,6813,10037,5569,6289,10033,24816472,25064056,24820152,25252984,25073816,25258040,31178888,31441800,37310728,28869640,29338120,37308424,93105684,93441683,93140803,93663411,93434827,93620203,121812487,122156615,147402171,110447089,110994329,147191389,7.820191700011492,8.814482799964026,8.346148799988441,8.191653599962592,8.994401199975982,8.499217599979602,10.165503000025637,10.123660899931565,12.051858699996956,9.857101200032048,10.028070300002582,12.623276199912652,,,,,,,,,,,,,1,1
7790,406,0.15308641975308643,0.18272425249169436,0.18272425249169436,55,301,55,0.4567901234567901,0.08888888888888889,0.14321197000228697,0.14074272058766196,3,405,2.061058654059155,3.9192708333333335,0.22469135802469137,4075,4962,4075,4876,4978,4892,5342,6126,9850,5451,6251,9851,22959256,23207032,22958808,23150904,23211064,23155704,27419744,27654944,35328344,28464920,28666520,35328920,85757792,86098572,85798808,86074168,86187784,86121436,105225664,105544000,138703848,109850306,110135106,138756530,6.2675187999993796,7.204102499992587,7.149122099988745,7.177061700000195,6.767106500003138,6.795556700002635,8.088174399992567,8.117396600006032,9.734685399991577,7.857339800000773,8.109397000007448,9.598067700004322,,,,,,,,,,,,,1,3
7799,205,0.18137254901960784,0.31976744186046513,0.31976744186046513,55,172,55,0.45098039215686275,0.09803921568627451,0.12255136092426255,0.09804237802745774,3,204,2.1120273843083104,3.6752136752136755,0.24509803921568626,6862,11538,6865,11644,11630,11733,7885,12691,11719,7723,12691,11719,65864992,66164128,65871136,66628448,66178624,66633280,71475016,71735944,78115720,70815352,71598136,78115720,248086565,248868727,247983759,249240871,248834807,249303919,271277199,272034687,300311219,269096093,270398333,300311221,20.883323399999426,21.790794799999276,22.40448330000072,25.182569599999624,24.12619040000027,24.9766585999987,23.702327000000878,23.734162700000525,23.368500000000495,21.925675700000284,23.696763900001315,25.443982400000095,,,,,,,,,,,,,1,1
7801,213,0.15566037735849056,0.3125,0.3125,55,176,55,0.45754716981132076,0.08018867924528301,0.1462288094895347,0.22641727503362763,3,212,2.005392120655925,3.5627530364372473,0.22169811320754718,4955,6454,4965,7113,6501,7150,5677,7305,9373,6308,8799,9382,31929256,32105800,31934824,32481832,32116744,32485864,35613064,35790472,44244808,38953920,39533952,44245864,119449624,119779944,119440608,120208440,119789240,120225568,135998564,136343212,174018624,151247590,152084094,173844106,9.39658419999978,9.020473500000662,9.204042199999094,8.907968299999993,9.958922900001198,10.039697900001556,10.933746400000018,10.617412999999942,12.319609899999705,11.476509199999782,12.031737499999508,14.28287470000032,,,,,,,,,,,,,1,1
7802,401,0.145,0.1903114186851211,0.1903114186851211,55,289,55,0.43,0.0875,0.1350021966616623,0.14250265278387814,3,400,2.0639318296392486,3.8533333333333335,0.2375,8388,17685,8392,17857,17860,18028,8803,18037,11719,8587,18037,11719,107130712,109572376,107133016,109671448,109619224,109715992,108908680,111314056,110191720,107840776,110370568,110191720,407067868,410483764,407070540,410600724,410642820,410757068,411488416,414861376,415688352,406696870,410217046,415688354,36.77592639999784,37.97671020000416,39.60268690000521,36.96745479999663,39.42874260000099,39.910805899999104,34.71284200000082,34.52953990000242,33.29703690000315,34.65329980000388,34.622930199999246,33.37118360000022,,,,,,,,,,,,,1,1
7815,213,0.14622641509433962,0.275,0.275,55,200,55,0.41509433962264153,0.08962264150943396,0.16509680850826697,0.12264319137287906,3,212,2.1130233755629773,3.7037037037037037,0.25471698113207547,6668,13196,6674,13652,13333,13783,7885,14959,11719,7561,14959,11719,74382920,75144712,74386088,75398248,75164648,75413192,83507080,84314056,91692616,80710312,81786856,91692616,280670105,282102457,280812089,282544633,282116273,282412657,320840925,322375405,356539997,308388371,310229195,356540063,23.860950300004333,24.04241880006157,24.835757300024852,24.595233400003053,24.658207400003448,24.275471299886703,28.70307050005067,25.7339225000469,28.142097900039516,24.44411270006094,26.08639489999041,28.276172899990343,,,,,,,,,,,,,1,1
7816,213,0.13679245283018868,0.2849462365591398,0.2956989247311828,53,186,55,0.4009433962264151,0.10377358490566038,0.11792664236788866,0.13679470327893659,3,212,2.1327731027484704,3.590733590733591,0.2783018867924528,6648,13501,6637,12733,13620,12863,7345,14365,11287,7645,13833,11285,74144856,75327480,74146200,75491640,75354040,75514168,77553688,78770200,84451432,79196104,80577224,84455176,281016913,282910153,280878409,282863305,282806817,282891849,294511573,296455989,323842185,301703527,303733623,323607259,24.053024200002255,24.426182800001698,24.277816699999676,24.50305819999994,26.43770040000163,27.500629300000583,23.335603799998353,24.874438999999256,25.249467800000275,24.696417799998017,26.853596000000834,25.752408600001218,,,,,,,,,,,,,3,1
7826,371,0.14324324324324325,0.19927536231884058,0.19927536231884058,55,276,55,0.43783783783783786,0.08378378378378379,0.16216437130965092,0.17027239453022344,3,370,2.046413607749775,3.8121546961325965,0.23243243243243245,7429,13668,7426,13676,13786,13797,8101,14635,11719,8263,14635,11719,78604200,80058088,78597576,79329864,80071208,79357832,83681608,85191880,89779720,83659576,84368056,89779720,296441008,298539288,296369400,297745976,298480952,297767816,318077624,320263136,344120392,317792770,319158378,344120394,25.074950800000806,25.08636580000166,25.322188199992524,25.543858099990757,28.261590299996897,27.544318100000964,25.151399099995615,26.35227550000127,26.54037089999474,25.469913900000392,25.760080400010338,27.336337200002163,,,,,,,,,,,,,3,3
7833,206,0.13658536585365855,0.3142857142857143,0.3142857142857143,55,175,55,0.43414634146341463,0.07317073170731707,0.14634460713373634,0.1609780146547298,3,205,2.069441695622288,3.54251012145749,0.25365853658536586,6412,11158,6422,12092,11265,12189,7777,13015,11719,7237,13015,11719,65027448,65571736,65026488,65544440,65580856,65555704,74413480,75021736,80308552,68660968,69153448,80308552,244466525,245497565,244507517,245609197,245558325,245629589,284188853,285335013,309092997,259303543,260391039,309092679,21.314353300025687,20.79702419997193,21.124661799985915,21.277600200031884,20.924756800057366,21.084788199979812,22.88064659992233,24.26551409997046,23.888206899981014,20.370579999987967,22.927242700010538,23.353997400030494,,,,,,,,,,,,,1,3
7842,212,0.17061611374407584,0.3142857142857143,0.3142857142857143,55,175,55,0.41232227488151657,0.12322274881516587,0.16114027926398186,0.1374432355092653,3,211,2.076886933071426,3.691983122362869,0.1943127962085308,6873,10562,6859,9612,10615,9679,7453,11071,11719,8209,11071,11719,57153008,57448912,57158000,57821040,57462096,57826128,59180296,59455048,68364616,65041672,65753608,68364616,214814999,215490991,214820343,215770207,215428631,215697567,222217427,222864931,263622475,249612913,250623017,263622413,21.013401799998974,19.671340699998836,18.967674499999703,19.665226599998277,20.60071180000159,21.314444999999978,20.960469399997237,20.665939999998955,24.58679950000078,24.37988849999965,23.331225199999608,20.357590499999787,8.341133333184796,7.312416666536592,10.989199999433671,7.6497333332857425,9.5424333333843,10.384249999939735,9.091149999828,7.629016667124233,7.345833332995729,7.801666666030845,7.922866666679814,7.446916667201246,3,1
7854,187,0.11827956989247312,0.3055555555555556,0.3055555555555556,55,180,55,0.478494623655914,0.08602150537634409,0.2204320941105365,0.13978710169753722,3,186,2.122528954313085,3.7037037037037037,0.26881720430107525,5334,9885,5321,8889,9962,8979,6481,11341,11719,7183,11341,11719,49337816,49887416,49339160,50101848,49903768,50112664,54607576,55191640,69880936,60720808,61603816,69880936,185085727,186108839,185098055,186233415,186076303,186183735,208047327,209137023,275472855,237123825,238440681,275472793,15.411834700033069,15.673624100047164,15.497465499909595,15.239868400036357,15.438352500088513,15.992608300060965,17.43569790001493,17.870089899981394,20.817689400049858,19.739379899925552,19.965838400064968,21.504653799929656,,,,,,,,,,,,,3,1
7855,394,0.16030534351145037,0.1661631419939577,0.1661631419939577,55,331,55,0.4223918575063613,0.07633587786259542,0.12213971711275744,0.14504051808346036,3,393,2.038155435738632,3.9404761904761907,0.23155216284987276,6788,13004,6800,13807,13136,13927,7801,14041,11285,7453,14581,11287,76109016,77664216,76107192,77257176,77685944,77287448,81135912,82710056,85892872,79332232,80505544,85889128,288201055,290398975,288097519,289974647,290356591,290041511,308896875,311116387,329035595,300871297,302784497,329270525,27.136842099993373,25.104710700004944,24.56407870000112,25.14978580000752,27.484687200005283,27.472088999988046,24.51838150000549,27.14632800000254,26.39611889999651,24.209779999990133,26.93743560000439,26.236443300003884,,,,,,,,,,,,,1,3
7876,395,0.15228426395939088,0.19230769230769232,0.19230769230769232,55,286,55,0.4746192893401015,0.09390862944162437,0.15482433382208993,0.16497665756443505,3,394,2.1116448960548624,3.803191489361702,0.2639593908629442,7952,14016,7949,13772,14125,13884,8371,14419,11719,8533,14419,11719,82479352,83620408,82482520,83973080,83648152,83994040,84310168,85442008,88473352,85810504,87308680,88473352,311493615,313269791,311496535,313597199,313555391,313876159,317198819,318964163,335039011,324970065,327084953,335039077,25.448453599994536,26.209951799995906,26.14731149999716,26.173388199997135,28.957511099994008,28.8485204000026,24.74750550000317,27.580380699997477,26.297071299995878,25.58957129999908,28.52716589999909,26.703294599996298,7.57303333375603,8.034266666072654,7.794933332964622,8.282900000873875,9.539266667464593,10.53193333549037,7.7539999995982125,8.158066665297763,7.956983332405798,7.747783334101163,8.595883333327947,7.8627999998085825,3,1
7878,197,0.14795918367346939,0.2849740932642487,0.27461139896373055,55,193,53,0.40816326530612246,0.07653061224489796,0.1326554977912361,0.17857385997788752,3,196,2.0441104664244825,3.86,0.23469387755102042,6769,10783,6761,10595,10855,10675,7281,11441,11285,7993,11881,11287,59720824,60068184,59720248,60110136,60075736,60117208,62598120,62965864,70392712,66177400,66585208,70388968,224824844,225586156,224859548,225645740,225698796,225721932,236284020,237081204,270408948,252439990,253249590,270593318,17.308171500000753,18.47477070000241,17.7085522999987,18.082542199997988,20.12218660000144,20.012352400000964,17.611608800001704,19.31151260000115,19.740916599999764,20.323594100002083,20.86951279999994,19.864941600000748,,,,,,,,,,,,,3,3
7881,368,0.1362397820163488,0.18211920529801323,0.18211920529801323,55,302,55,0.47956403269754766,0.08174386920980926,0.11444372548252263,0.1471411469735063,3,367,2.1379772025565877,3.9119170984455955,0.29155313351498635,8435,21295,8428,21022,21526,21260,8533,21385,11719,8911,21385,11719,127877064,131202024,127877352,131213160,131263784,131274728,128090344,131415016,130487080,129770824,133105864,130487080,485270091,489936251,485269667,489918995,490016467,489999747,482010263,486675015,491207487,489435829,494071909,491207489,46.38434469999629,46.609192399992025,46.28481670000474,46.701416100011556,51.280987999998615,51.16254210000625,43.91546790000575,44.10854859999381,43.05698459999985,44.549892100010766,44.85393190001196,42.84483799998998,,,,,,,,,,,,,3,1
7892,223,0.15315315315315314,0.27638190954773867,0.27638190954773867,55,199,55,0.5045045045045045,0.10810810810810811,0.12162404671009328,0.16666970899756495,3,222,2.1249292390978654,3.783269961977186,0.24324324324324326,6256,10328,6259,10432,10414,10515,7561,12043,11071,6988,11374,11068,55580400,56135792,55581840,56185072,56148496,56196592,63948712,64570792,69895192,59799856,60447760,69898264,209409308,210389996,209288388,210328876,210374748,210434004,246003320,247093384,271951348,227127002,228234306,271672254,16.992302800001198,17.291048099999898,17.42526749999888,17.92589329999828,21.424296700002742,19.11383240000214,19.071252400000958,20.318346099997143,20.14316250000047,16.934090400001878,19.65613999999914,22.320026000001235,6.756033333658706,7.315899999715232,6.913416666672371,9.345466666369854,8.909366666557617,8.484450000347957,7.262733332633313,7.553550000011455,7.393816666687296,6.934033333891421,7.700899999690591,8.691266666573938,1,1
7896,182,0.14917127071823205,0.36666666666666664,0.36,55,150,54,0.4530386740331492,0.10497237569060773,0.16574790438338702,0.12154909137132171,3,181,2.0699073321637735,3.5377358490566038,0.20994475138121546,6287,9889,6275,9217,9945,9285,6997,10601,11502,7777,10801,11503,52493384,53114856,52489352,52797800,53120648,52809608,55355088,55980912,65060872,60513880,60826648,65061544,198104514,199100226,197990002,198601922,198983810,198602978,209503734,210503990,251435862,233370212,233994980,251520160,15.724238900002092,18.387990600000194,16.3136663999976,16.282803800000693,17.94837959999859,18.043683600000804,17.26895549999972,17.22570640000049,18.700702499998442,17.866611600002216,19.573172100001102,18.936293400001887,,,,,,,,,,,,,3,3
7903,379,0.14814814814814814,0.171875,0.171875,55,320,55,0.49206349206349204,0.1164021164021164,0.13227745488892118,0.18783276650448522,3,378,2.1404151003709933,4.0,0.2619047619047619,3852,4673,3866,5476,4710,5499,5617,6721,9265,4945,6721,9265,21006560,21337376,21004384,21237280,21342464,21246688,29935240,30386824,36892168,25555720,25799944,36892168,79027460,79447460,79012900,79411668,79437092,79420140,119000824,119570232,148154384,98704078,99132382,148154410,5.766034200001741,5.896566799994616,6.03930340000079,6.0040755000009085,6.03045099999872,6.079608600004576,9.635765700004413,8.712027000001399,10.627362400002312,6.783629400000791,7.605773099996441,10.35115450000012,,,,,,,,,,,,,1,3
7915,378,0.11405835543766578,0.16923076923076924,0.16923076923076924,55,325,55,0.493368700265252,0.11405835543766578,0.13528116510388014,0.15384864466714449,3,377,2.1360990506060955,3.934624697336562,0.26790450928381965,7974,19986,7980,20601,20222,20831,8641,21061,11719,8317,21061,11719,119984120,122691512,119982872,122314328,122735128,122366200,125963608,128764696,128947432,122196136,124551400,128947432,453240554,457199458,453437266,457072858,457386498,457077154,477904374,481999502,489981374,461672876,465345068,489981320,45.67563899999368,43.81699609999487,44.1403857999976,45.820747899997514,49.002994299997226,54.829341099990415,53.29853749999893,51.33092580000812,46.06703530000232,44.99451090001094,42.94461299999966,42.0373716000031,,,,,,,,,,,,,1,3
7922,221,0.14545454545454545,0.2676767676767677,0.2777777777777778,53,198,55,0.43636363636363634,0.11818181818181818,0.15000244793587958,0.1318206321871416,3,220,2.0920605826719227,3.8076923076923075,0.22727272727272727,5622,9681,5620,9394,9763,9478,6631,10915,10252,6601,10701,10251,48973480,49762280,48972232,49592456,49776072,49609032,54442408,55287784,62168296,54996120,55685720,62167720,184656413,185864677,184687165,185697965,185794485,185598189,208090857,209379169,241636293,210983091,212097163,242086751,14.724906800081953,15.164599500014447,15.049249599920586,15.12409719999414,15.210199299966916,14.976743699982762,17.54404730000533,17.621893899980932,18.08481919998303,15.937086599995382,16.577865700004622,17.43841289996635,,,,,,,,,,,,,3,3
7928,396,0.1518987341772152,0.17857142857142858,0.17857142857142858,55,308,55,0.4582278481012658,0.10379746835443038,0.1645590693931555,0.15443279494861542,3,395,2.1073456180322587,3.9588688946015425,0.2582278481012658,8284,17238,8286,17536,17408,17704,8695,17767,11719,8587,17767,11719,103970816,106504256,103967072,105938720,106540448,105986336,106800952,109372216,108395464,104988280,106942648,108395464,394702976,398176416,394831360,397761936,398103056,397575504,404203532,407727116,410698308,396001418,398907706,410698254,34.45440220000455,34.59595189999527,34.36287469999661,34.953768000006676,37.63962339999853,38.03091139999742,33.39165060000232,34.37892350000038,33.782069499997306,34.905389500003366,32.828418600001896,31.777996999997413,,,,,,,,,,,,,1,3
7929,202,0.13930348258706468,0.3142857142857143,0.3142857142857143,55,175,55,0.39303482587064675,0.09950248756218906,0.15920552130399354,0.1592065805444188,3,201,2.135952036647855,3.6008230452674894,0.2885572139303483,6651,11152,6651,10987,11239,11074,7723,12421,11287,7437,11961,11285,60949560,61717464,60945720,61487416,61728152,61502552,67254376,68071720,73399144,65717288,66273064,73402888,229713603,230950715,229830547,230823187,231032051,230788651,257303147,258610171,283509355,250184517,251210845,283950653,18.711498400080018,19.480960999964736,19.265726400073618,18.945271200034767,19.413135200040415,19.180484000011347,21.914531799964607,20.862133200047538,21.542726299958304,19.800400100066327,20.087318199919537,21.139461099985056,,,,,,,,,,,,,1,3
7932,395,0.14720812182741116,0.1636904761904762,0.1636904761904762,55,336,55,0.4593908629441624,0.12944162436548223,0.1446724332169379,0.12690601321374573,3,394,2.181578804490019,3.9529411764705884,0.2639593908629442,8278,20188,8274,19546,20405,19767,8533,20467,11719,8749,20467,11719,118207304,119456456,118214792,120675016,119503720,120698056,119517736,120761896,125331592,123446344,125998600,125331592,446214816,448695264,446104848,449740912,448668648,449800920,449627084,452105276,474979460,468142226,471916946,474979662,44.163948600005824,39.86552730000403,39.50091609999072,40.41929059999529,44.323782499996014,44.04077690000122,37.89640070000314,38.31230109999888,37.53717609999876,40.468005499991705,40.132306799991056,39.41572600000654,,,,,,,,,,,,,3,1
7936,388,0.10335917312661498,0.1757188498402556,0.1757188498402556,55,313,55,0.42377260981912146,0.10852713178294573,0.1757128236349672,0.15245681454232612,3,387,2.1188287482695425,3.9923469387755097,0.25064599483204136,8266,18310,8254,17338,18484,17524,8317,18361,11719,8965,18361,11719,105669352,107136424,105676552,108222792,107185512,108249960,105678184,107145256,112104616,111627688,114278440,112104616,399492463,402000479,399740479,403237887,402058887,403027663,397445007,399953295,425873275,425168773,428803141,425873285,37.50278289999551,37.443471300000965,38.17333409999992,36.465100900000834,39.21301089999906,39.52853400000458,33.25238320000062,33.89592930000072,33.757721299996774,36.080838900001254,39.773583200003486,36.162164599998505,8.595400001164913,10.066966665666163,9.48933333226402,9.704783333290834,11.626083332278844,11.955399998745028,8.860999999645477,9.489716667303583,8.683416666220486,8.847966666508,12.116499999441052,8.98231666603048,3,1
7949,402,0.14214463840399003,0.18333333333333332,0.18333333333333332,55,300,55,0.4688279301745636,0.11221945137157108,0.17705958538997613,0.13965332784290493,3,401,2.150640040949416,3.896103896103896,0.2593516209476309,8109,15133,8120,15952,15278,16086,8857,16093,11719,8263,16093,11719,92259976,93751560,92256520,92978248,93764904,93006312,97769128,99284584,98807656,92730280,93450856,98807656,348239267,350463891,348353899,349882091,350461179,349782667,371397787,373668619,374608979,347186933,348713813,374608653,29.282569399998465,29.329779200001212,29.29742139999871,29.649373100000957,32.2569313999993,32.36559229999693,29.030175300002156,30.3748024000015,29.07655430000159,27.903278599995247,27.928440700001374,27.911845800001174,,,,,,,,,,,,,1,3
7953,386,0.12987012987012986,0.16717325227963525,0.16717325227963525,55,329,55,0.4727272727272727,0.11948051948051948,0.1480541875700817,0.13506666306321594,3,385,2.126513254622759,3.963855421686747,0.24935064935064935,7794,17140,7804,17884,17328,18062,8641,18253,11719,8101,18253,11719,103085608,105504232,103081960,104901544,105538152,104947848,109077160,111577576,111498088,104529928,106361608,111498088,390947593,394341833,390637225,393496297,394077001,393558809,415807621,419311429,425055045,393736187,396614843,425054991,34.52772540001024,33.848598700002185,33.75744719999784,33.98604709999927,37.33739040000364,37.506032499994035,33.553899899998214,34.86278180000954,33.49271380000573,32.266815099996165,32.42398549999052,32.79333169999882,,,,,,,,,,,,,1,3
7954,214,0.15492957746478872,0.2864583333333333,0.2864583333333333,55,192,55,0.43661971830985913,0.12206572769953052,0.13145728466678147,0.13145778417049475,3,213,2.1679120658033777,3.75,0.2535211267605634,7003,13626,7001,13398,13751,13525,7831,14689,11719,7939,14689,11719,77021224,78471400,77019976,78327592,78496168,78354568,81868504,83325208,89989672,83256952,84594424,89989672,291539477,293677885,291491733,293463293,293481413,293315925,310846229,313015653,346545605,317312127,319350367,346545607,24.833747900000162,24.567356100000325,24.14131129999805,24.568439300001046,27.012109600000258,27.056619999999384,24.12113639999734,27.065106999998534,26.492716599997948,24.92211429999952,25.82769299999927,25.948314299999765,,,,,,,,,,,,,3,3
7957,399,0.1457286432160804,0.17350157728706625,0.17350157728706625,55,317,55,0.4472361809045226,0.0829145728643216,0.16080618706875804,0.16583142845584875,3,398,1.997759755448154,3.9724310776942358,0.20603015075376885,6676,15216,6680,15458,15376,15614,7669,16093,11719,7453,16093,11719,90806648,92866424,90803480,92226840,92892280,92264248,94577512,96597544,98714344,93076744,94472968,98714344,343505819,346460243,343803787,346145483,346441947,345838091,357613799,360516367,374441363,350408145,352708449,374441301,33.68223609999404,33.19691149999562,32.81355110000004,33.663692300004186,30.9619040999969,30.688395500008482,30.62390150000283,32.373236399987945,31.95926660000987,31.621888199995738,31.855387300005532,31.419593200000236,7.991950003391442,8.42470000255465,7.836133333815572,8.74764999753097,9.802733332132144,9.682099999433072,8.408333332530066,8.466766664544897,9.090683335671201,8.155783335193215,8.454383336356841,8.177299998351373,1,3
7961,112,0.12612612612612611,0.43902439024390244,0.43089430894308944,54,123,53,0.4864864864864865,0.0990990990990991,0.17117297926263228,0.1621647950425442,3,111,2.102204220653541,3.773006134969325,0.23423423423423423,4711,7211,4700,6818,7256,6874,5825,8737,10869,6397,8737,10869,34591848,35153896,34588296,34997224,35163240,35010024,40343368,41008968,51860744,42668808,43154696,51860744,129794591,130619663,129796279,130426111,130637687,130442727,155243163,156214747,204696095,165492797,166222557,204696097,11.23027960001491,11.47384729993064,11.079929900006391,11.616035599960014,10.447290699928999,10.391924299998209,12.892832399928011,12.841027199989185,15.270861800061539,13.176299800048582,12.434216700028628,14.689948899904266,,,,,,,,,,,,,3,3
7975,400,0.12280701754385964,0.15406162464985995,0.15406162464985995,55,357,55,0.47619047619047616,0.09523809523809523,0.1528852076332708,0.12782133216409475,3,399,2.0695760036251305,3.975501113585746,0.2606516290726817,7726,16980,7728,17054,17153,17225,8371,17605,11719,8263,17605,11719,101456368,103555888,101457520,103598320,103595920,103637392,104485432,106595320,108045544,104029240,106190968,108045544,382884377,385946985,382885609,385997113,385779673,385828361,393700849,396771873,409823233,391603483,394737579,409823235,40.77696599999763,37.38251320000563,35.72109059999639,35.609745600006136,37.97502639999584,40.676552800003265,34.4462496000051,34.509323900005256,38.99354419999872,36.62711869999475,35.857858499999566,36.08086619999813,,,,,,,,,,,,,1,1
7985,388,0.12403100775193798,0.1661631419939577,0.1661631419939577,55,331,55,0.4418604651162791,0.12403100775193798,0.16796084469032668,0.15762485021205488,3,387,2.1162539850001263,3.9498806682577565,0.22997416020671835,7646,17421,7643,17463,17608,17653,8209,18469,11719,8371,18469,11719,101167832,103792280,101156312,102440600,103817240,102491864,106586680,109354936,112897768,106323592,107671432,112897768,383150709,386795677,383197325,385494973,386808821,385483477,405954245,409793229,433434513,404043987,406433891,433434515,41.40260760000092,39.57889679999789,40.79764050000085,37.069916600004944,40.624336600005336,39.756232199993974,37.15597300000081,40.3795814000041,39.462504800001625,37.219468700001016,36.07729610000388,36.41552740000043,,,,,,,,,,,,,3,3
7998,186,0.15135135135135136,0.3374233128834356,0.3374233128834356,55,163,55,0.518918918918919,0.05405405405405406,0.15135367892405674,0.15675916937431572,3,185,1.9579819834769372,3.638392857142857,0.22702702702702704,6416,9548,6413,9290,9601,9346,7262,10230,11078,7281,10037,11077,53242824,53519304,53241096,53369736,53520936,53374056,55938512,56167472,60641096,56401800,56486664,60645416,200441252,201038676,200439164,200862212,201015932,200842596,210909028,211441924,230277476,213015494,213382302,230198110,18.581016799998906,19.885498499999812,18.637921800000186,17.275497599999653,17.502937100001873,18.81855160000123,19.951357900001312,18.99401779999971,21.017738100003044,18.31111679999958,18.772004800001014,18.232470800001465,,,,,,,,,,,,,3,3
8001,395,0.13959390862944163,0.16272189349112426,0.16272189349112426,55,338,55,0.44416243654822335,0.10406091370558376,0.15482502850245325,0.14213459692637762,3,394,2.101162885183757,4.023809523809524,0.2512690355329949,8030,18412,8033,18568,18611,18764,8587,19171,11719,8425,19171,11719,109243608,111237720,109245336,111327576,111277080,111365208,113271448,115303576,117120136,112318888,114444328,117120136,414340190,417415806,414342134,417521886,417824598,417928574,429151578,432286250,445061462,425190796,428435596,445061464,35.75849750000634,35.845522500007064,35.43347309999808,35.754575999992085,38.51749980000022,38.3840887999977,34.41003189999901,38.366396299999906,36.4354655000061,36.17697309999494,34.619904400009545,36.38462430000072,8.622549998108298,9.247183334082365,8.461050000429774,9.285583330589967,11.661266665517664,11.534433331689797,8.5695333352002,9.442599999601953,8.941050002855869,8.666383332941527,9.291500001078626,8.60491666389862,1,1
8004,198,0.1319796954314721,0.3142857142857143,0.3142857142857143,55,175,55,0.4365482233502538,0.09137055837563451,0.1725910981516661,0.10152526503797564,3,197,2.117395412906756,3.615702479338843,0.26903553299492383,7076,12272,7074,12160,12369,12259,7885,13231,11719,7993,13231,11719,70209352,70389256,70213288,70885736,70401800,70889000,74754760,74931016,81521608,75446824,76124200,81521608,264128018,264840578,264213618,265408994,264899706,265376346,282824894,283549598,311262410,285676160,286892272,311262476,24.637255300069228,23.245415700017475,22.598723499919288,22.74954649992287,25.566336099989712,24.811664099921472,22.85125629999675,24.543601999990642,24.364428900065832,23.53866000007838,24.74197909992654,24.30811189999804,,,,,,,,,,,,,3,1
8007,108,0.1308411214953271,0.47115384615384615,0.5192307692307693,49,104,54,0.42990654205607476,0.12149532710280374,0.21495557394940581,0.21495585527192695,3,107,2.13294512129069,3.537414965986395,0.24299065420560748,4153,5164,4157,5357,5191,5380,5176,6211,8326,5107,6349,8327,23463768,23684984,23463512,23688408,23689720,23693464,27492280,27719800,32715880,27098936,27316792,32716456,88213280,88539241,88212657,88563472,88475296,88497897,105646553,105982872,127351256,103418058,103765466,127403714,6.581912099965848,6.968715799972415,6.926022900035605,6.936450799927115,7.807484799996018,7.862387000001036,8.575753299985081,9.016316000022925,8.777675700024702,7.793171799974516,7.903600000077859,9.159210399957374,,,,,,,,,,,,,1,3
8009,365,0.10989010989010989,0.1870748299319728,0.1870748299319728,55,294,55,0.4368131868131868,0.11538461538461539,0.17857371229399507,0.148354143144788,3,364,2.09160385726234,3.89920424403183,0.22252747252747251,6422,16770,6430,17122,16964,17308,7507,17551,11719,7075,17551,11719,101829152,103962272,101826240,103466112,103991872,103504736,104953720,107039416,107835592,102774712,104373112,107835592,384683176,387894072,384798040,387541048,387867592,387412008,395343016,398474920,406448072,385431818,388110954,406448074,39.406145700006164,38.91227980000258,38.471876099996734,38.93043789999501,36.47145860000455,36.46959269999934,37.54335180000635,38.15889669999888,36.26223999999638,36.54717019999953,37.437500699998054,36.12160560000484,,,,,,,,,,,,,1,3
8010,371,0.16756756756756758,0.17080745341614906,0.17080745341614906,55,322,55,0.43243243243243246,0.07837837837837838,0.14594827640826838,0.14594856476272783,3,370,2.1248409552078575,3.926829268292683,0.2945945945945946,7016,19140,6999,16592,19349,16818,7507,19711,10423,7489,17521,10417,98452648,101237032,98451496,101124328,101295400,101176744,100995736,103826200,106801384,103551496,106353160,106802440,373753255,377798935,373986191,377661415,377827103,377446503,382584099,386684163,408015883,393749025,397598529,408037949,35.352592399998684,35.58622440000181,35.96722010000667,34.94782390000182,37.531380700005684,37.46827700000722,31.890507599993725,33.08774699999776,33.63856190000661,33.713561800002935,36.238499600003706,34.55369679999421,,,,,,,,,,,,,3,3
8019,205,0.13725490196078433,0.2972972972972973,0.2972972972972973,55,185,55,0.49019607843137253,0.12254901960784313,0.18627669772831723,0.11764880293048918,3,204,2.105454653339882,3.6561264822134385,0.23039215686274508,6370,11983,6365,11780,12093,11895,7399,13609,11287,7385,13105,11285,64694680,65222520,64692280,65125912,65230648,65136760,72458680,73044472,80812264,70987176,71409832,80816008,243202197,244311053,243158269,244151541,244247725,244132909,276854001,278082945,312860637,269802027,270816099,312652783,19.345051799995417,20.05425919999834,19.726191499998095,20.116639200001373,23.23199790000217,22.14550660000532,21.251635699998587,21.52573459999985,22.727635800001735,20.376400300003297,20.85082020000118,23.549715100001777,,,,,,,,,,,,,3,3
8025,197,0.1377551020408163,0.2972972972972973,0.2972972972972973,55,185,55,0.413265306122449,0.10204081632653061,0.13265533845667365,0.15306342810829532,3,196,2.119788715005369,3.7,0.28061224489795916,7014,10980,7016,11114,11056,11188,7939,11935,11719,7831,11935,11719,63518928,64350192,63520080,64434384,64367152,64449904,68002168,68840248,73216840,67183096,68098936,73216840,239683942,240924440,239685366,241022568,241001464,241098008,258957204,260207604,280204972,254605650,255945042,280205038,19.2494297000012,19.807827199998428,19.68049990000145,19.87229590000061,21.88895179999963,21.66672539999854,21.894230500001868,21.18442800000048,21.317493099995772,19.350238900005934,20.240905999999086,20.460612700000638,,,,,,,,,,,,,1,1
8043,106,0.1523809523809524,0.5,0.4811320754716981,53,106,51,0.47619047619047616,0.06666666666666667,0.13333568126628442,0.14285890385508537,3,105,2.0582296592057157,3.557046979865772,0.2571428571428571,4726,6423,4732,6874,6467,6912,5901,7801,10451,5825,8113,10453,33898344,34072680,33902024,34338056,34081544,34341896,39219720,39411720,46538120,38120680,38581608,46539272,127330517,127678509,127321941,127980837,127746965,128055517,150419021,150805837,180601245,145152671,145851735,180734191,10.92994840000756,10.950901699950919,11.240968300029635,11.068526499904692,10.032238300074823,10.040811500046402,12.143827000050806,12.539026399957947,13.765528900083154,11.496506599942222,12.24144329992123,13.513724699965678,,,,,,,,,,,,,1,1
8055,111,0.14545454545454545,0.4666666666666667,0.5238095238095238,49,105,55,0.4636363636363636,0.11818181818181818,0.15454713766336103,0.20909300941804593,3,110,2.0921175192455053,3.5,0.24545454545454545,4259,5916,4240,4956,5934,4993,5305,7192,9844,5905,6769,9841,24553352,24656296,24553320,24652008,24658600,24653960,28926088,29025640,39687496,32498056,32608648,39685768,91924448,92196376,91993849,92166360,92230696,92130080,110642068,110933653,156946996,126711282,126910290,157108926,6.7394760000752285,7.1763843999942765,7.371476900065318,6.990627599996515,7.786451500025578,7.732470599934459,9.022135699982755,8.589476700057276,10.91622799995821,9.524707300006412,10.343759499955922,11.43417049990967,5.355483347860475,5.598333334395041,5.44754999767368,5.8054166729561985,6.140216661151499,20.026150004317362,5.847783351782709,6.020699996345987,6.476799996259312,6.118833339617898,6.917616643477231,6.358900029833118,3,3
8072,107,0.1320754716981132,0.48672566371681414,0.46017699115044247,55,113,52,0.4339622641509434,0.14150943396226415,0.16981335863348027,0.13207751238621981,3,106,2.076233499892658,3.923611111111111,0.20754716981132076,4572,6366,4569,6158,6403,6198,5866,7906,11068,6373,8371,11071,30022088,30483400,30016680,30158984,30486696,30169416,35840464,36372496,48923800,39210664,39388648,48920728,112389584,113038160,112419208,112723152,113088728,112746864,137636632,138381496,194431916,153603118,153985366,194626534,8.48451009998098,8.69363820005674,8.983148299972527,8.751637000008486,9.80967009998858,10.114940200001001,10.964704199926928,10.768184999935329,13.717873899964616,11.923654400045052,12.509254000033252,14.154067599913105,,,,,,,,,,,,,3,3
8102,223,0.17567567567567569,0.2956989247311828,0.2956989247311828,55,186,55,0.45045045045045046,0.13513513513513514,0.1261284177606875,0.1621647249731059,3,222,2.1440930312500748,3.765182186234818,0.22522522522522523,6458,8514,6461,8407,8554,8444,7437,9361,11077,7421,9541,11078,45511432,45978952,45508744,45770568,45984296,45779624,49606024,50076936,56478344,51200312,51483544,56474024,170890926,171573118,170808630,171271878,171523958,171306254,188455526,189127494,218042758,195604920,196107664,218112616,13.565174800001842,13.724549200000183,13.911083099999814,14.117060699998547,14.433441599998332,15.428726500002085,15.334248400002252,14.456722200000513,15.39331669999956,14.503205699998944,16.354975500002183,15.731054600000789,,,,,,,,,,,,,1,3
8106,361,0.14444444444444443,0.1916376306620209,0.1916376306620209,55,287,55,0.4527777777777778,0.09444444444444444,0.13611413993445845,0.15278004515372837,3,360,2.063353754976104,3.920765027322404,0.2361111111111111,7103,15198,7097,14356,15344,14508,7831,16039,11287,7853,15445,11285,84077800,85071656,84079240,85345288,85096616,85364168,88083256,89102776,94942120,89789544,91087464,94945864,316167054,318001782,316124046,318138134,318037686,318215606,333122494,334994686,362371170,340151100,342231804,362106484,27.107873899993137,27.747749900008785,27.335476200008998,27.56003619999683,30.578599500004202,30.622925000003306,27.102270100003807,29.001296200003708,28.13167479999538,27.095690700007253,29.963930900004925,29.115376200003084,7.837866665795445,8.099833333593171,7.530400000784236,9.465449998970143,9.874633333917396,9.989833333141481,7.57178333393919,8.092683334931888,7.846883330785204,7.747183333170445,8.283383334249569,7.846650000525794,3,1
8109,192,0.17277486910994763,0.3313253012048193,0.3313253012048193,55,166,55,0.45549738219895286,0.1256544502617801,0.1465994357606835,0.16754136325216107,3,191,2.144039496338078,3.6725663716814156,0.2670157068062827,7548,11330,7545,11231,11398,11302,8155,11989,11719,8317,11989,11719,65454824,66394600,65453096,66338056,66411144,66355848,68705896,69666664,73520104,69312424,70205800,73520104,246754254,248084638,246752166,248017910,247976942,247911726,260503354,261860298,280370426,263031648,264304352,280370428,19.668063700002676,20.36675980000291,20.168701299997338,20.39480370000092,22.58071409999684,22.773650199997064,20.086451000002853,22.145019700001285,21.3418859999947,20.178093000002264,20.42295049999666,20.73989640000218,,,,,,,,,,,,,3,3
8127,114,0.09734513274336283,0.41353383458646614,0.39849624060150374,55,133,53,0.40707964601769914,0.07964601769911504,0.15044519656741645,0.14159510312478296,3,113,1.9338601010350813,4.208860759493671,0.19469026548672566,4777,7978,4776,7796,8048,7867,6033,9725,11285,6319,10099,11287,40000040,40169128,40003048,40369576,40177992,40373000,46286344,46464392,60216520,49188568,49667224,60212776,149919385,150415161,149978217,150658057,150404521,150583681,177379545,177935569,237259885,190904991,191775935,237423391,12.928546899929643,13.558430000091903,13.81437009992078,13.36539689998608,12.40749690006487,12.137158400029875,14.65242090006359,14.649254400050268,17.900349500006996,15.262525100028142,15.361287100007758,17.202206199988723,,,,,,,,,,,,,3,1
8152,377,0.11436170212765957,0.18092105263157895,0.18092105263157895,55,304,55,0.47074468085106386,0.09574468085106383,0.13564111981379917,0.18351284993014874,3,376,2.0699487032965926,4.031830238726791,0.22872340425531915,8152,19936,8149,19804,20151,20022,8479,20251,11719,8641,20251,11719,120087688,122429128,120085960,122353096,122470632,122396328,121463032,123797560,124398472,122280808,124522024,124398472,452584528,456153280,452582440,456063664,456565880,456478160,457048480,460609120,468379420,460434422,463884902,468379614,41.19276360000367,41.62566930000321,41.37251110000216,41.36320419999538,45.440581199996814,45.09129309999844,38.91536060000362,39.46658880000177,38.16566630000307,39.34917999999743,39.47013960000186,38.40801669999928,,,,,,,,,,,,,3,3
8154,198,0.116751269035533,0.3160919540229885,0.3160919540229885,55,174,55,0.45685279187817257,0.09137055837563451,0.18274369193028261,0.1725908633768275,3,197,2.1113213805256654,3.580246913580247,0.2639593908629442,7124,10639,7118,10507,10702,10576,7831,11557,11719,8155,11557,11719,59793304,60587000,59789176,60232248,60595512,60247704,64288264,65122888,70907368,65106472,65566120,70907368,225291799,226447535,225286855,226079055,226291111,225930199,244621619,245840419,273170723,247574561,248384809,273170725,18.40231840009801,19.070523100090213,18.450740600004792,18.55922349996399,20.781332000042312,20.61144939996302,19.58095690002665,20.73918939998839,20.72992469999008,19.069599500042386,21.313880499918014,21.04162490007002,,,,,,,,,,,,,3,3
8163,213,0.12264150943396226,0.2849740932642487,0.2849740932642487,55,193,55,0.5377358490566038,0.08018867924528301,0.17924774798041843,0.16981407501603002,3,212,2.0381011802863926,3.725868725868726,0.24528301886792453,6576,12642,6565,11902,12750,12021,7345,13771,11719,7939,13771,11719,68107408,68794640,68106160,68846032,68808880,68859280,73118344,73833736,84834184,77672056,78441016,84834184,256676895,257993023,256682215,257979647,258025295,258002231,276934119,278315895,328456611,298403517,299781661,328456613,23.30943550000302,23.93839680000019,22.052147300000797,22.22081479999906,23.144659499997942,22.95170119999966,22.49714540000059,22.52520160000131,26.352228200001264,26.323917800000345,25.49360499999966,25.6561892000027,,,,,,,,,,,,,3,3
8167,199,0.13131313131313133,0.2849740932642487,0.2849740932642487,55,193,55,0.40404040404040403,0.0707070707070707,0.12626480523172315,0.18182051340188604,3,198,2.0682097852358594,3.74031007751938,0.2828282828282828,6818,14312,6815,14207,14451,14349,7615,15283,11719,7777,15283,11719,83332200,84456552,83332872,84480072,84477864,84500712,87142792,88257352,93978760,87796840,88947688,93978760,314059795,315953587,314060107,315966123,316031083,316043323,329350699,331252843,356867511,332064913,333986225,356867513,28.261622300000454,29.00231359999816,29.198294599998917,27.83578430000125,30.700890700001764,33.27987690000009,28.51626899999974,27.68760839999959,27.875713900000846,26.471202900000208,27.37533180000173,27.62339439999778,,,,,,,,,,,,,3,1
8180,365,0.14835164835164835,0.1746031746031746,0.1746031746031746,55,315,55,0.4532967032967033,0.11263736263736264,0.14560692954442597,0.15110151952831075,3,364,2.109240989247804,4.080310880829016,0.2445054945054945,7300,13078,7304,13400,13196,13514,8209,14365,11503,7845,14099,11502,75308488,76420360,75305992,76063688,76435528,76085896,82087528,83286760,86537992,78622936,79426840,86537320,283998373,285712021,284088405,285472229,285867429,285546589,312491169,314331377,331881665,296991599,298438055,331761659,21.293408600002294,22.30359500000486,22.215952799997467,22.10646939999424,24.588933700004418,23.701303499998176,23.601893899998686,25.20966749999934,24.652513299995917,24.49423509999906,24.30855910000537,26.59627680000267,,,,,,,,,,,,,1,3
8198,202,0.19900497512437812,0.3125,0.3125,55,176,55,0.43283582089552236,0.0845771144278607,0.1442817382153068,0.13433111255376864,3,201,2.125817234287292,3.6514522821576763,0.26865671641791045,3646,4536,3637,4180,4547,4200,4753,5713,9073,5077,5594,9072,18817272,18989432,18817080,19012376,18993880,19016536,22808968,23008648,30691720,24237480,24446536,30691144,70772521,71038793,70782225,71034121,71042081,71026697,88342933,88643381,122080325,94497425,94760379,122033495,5.3660175000550225,5.989232199965045,5.992299499921501,6.070928599918261,6.382387200021185,6.048592900042422,7.049384399899282,6.651622400037013,8.645487599889748,7.386445099953562,7.282961699995212,8.810978899942711,,,,,,,,,,,,,3,3
8203,373,0.12903225806451613,0.18032786885245902,0.18032786885245902,55,305,55,0.45698924731182794,0.08333333333333333,0.13172295217537472,0.153228658411066,3,372,2.063370496953201,3.961038961038961,0.23655913978494625,8106,19624,8106,19624,19837,19837,8533,20035,11719,8533,20035,11719,117914984,120718376,117914984,120718376,120770120,120770120,119824456,122618632,122532232,119824456,122618632,122532232,447075881,451080841,447075769,451080841,451149169,451149169,451797593,455791769,463014933,451538559,455532639,463014887,44.53360050001356,40.62651360000018,40.385679299986805,40.3228650999954,44.62506619999476,44.95781180000631,38.896573799996986,38.67617729998892,37.35097910001059,42.66477639999357,39.76598749999539,37.98021699998935,,,,,,,,,,,,,1,1
8214,209,0.13942307692307693,0.275,0.275,55,200,55,0.4375,0.13942307692307693,0.12019453091488685,0.17307899614500527,3,208,2.17220999154359,3.952569169960474,0.25961538461538464,7260,13119,7260,13291,13232,13404,8047,14149,11719,8047,14149,11719,76149528,77775032,76148568,77453752,77800216,77484952,81245128,82929928,86677096,80194504,81554440,86677096,288290583,290530751,288243335,290180255,290375463,290077639,308973047,311297951,332767327,303953441,305952497,332767329,23.51937049999833,24.062450500001432,23.674834199999168,23.846467700001085,26.099598000000697,25.539074200001778,23.988890000000538,26.295539199993073,25.523608900002728,23.46774330000335,26.0996826000046,25.676129599996784,,,,,,,,,,,,,1,3
8230,216,0.15348837209302327,0.2644230769230769,0.2644230769230769,55,208,55,0.39069767441860465,0.08837209302325581,0.1581419000109701,0.13488608827208018,3,215,2.0982540511248358,3.8095238095238093,0.27906976744186046,5996,10538,5993,10216,10626,10307,7237,12151,11287,7125,11701,11285,55338912,55833824,55336992,55640224,55839872,55649792,62955976,63472648,72298408,62532392,62846888,72302152,208458498,209418754,208456154,209191666,209326658,209103402,240865310,241886062,280702842,238459280,239242704,280518476,16.27736989999903,16.796746200001508,16.48760940000284,16.599246000001585,18.53713659999994,18.25213470000017,19.349198899999465,19.8027454999974,20.25254750000022,17.838501199999882,19.546274399999675,20.46727060000194,,,,,,,,,,,,,3,3
8253,218,0.15668202764976957,0.30386740331491713,0.30386740331491713,55,181,55,0.4976958525345622,0.07834101382488479,0.16129294361743202,0.11981829061722254,3,217,2.0723499785041035,3.709016393442623,0.25806451612903225,6863,12079,6864,11989,12172,12081,7777,12745,11503,7580,12509,11502,70249712,71363824,70254992,71941360,71395024,71960944,73180120,74237656,76601128,72357064,74010664,76600456,265638923,267299995,265644147,267868299,267361555,267918123,276691743,278270543,291215271,272923189,275093885,291108577,22.96155810006894,25.41200300003402,25.528423700015992,24.94721670006402,25.647336299996823,25.681066500023007,24.893355699954554,24.700562000041828,24.766578699927777,24.10351589997299,24.323055600048974,24.38981690001674,,,,,,,,,,,,,1,1
8261,217,0.16666666666666666,0.28061224489795916,0.28061224489795916,55,196,55,0.5046296296296297,0.09259259259259259,0.19444658201731121,0.10648439887962821,3,216,1.9984592751260777,3.813229571984436,0.20833333333333334,5575,8656,5571,8425,8716,8489,6529,9793,10864,6997,10177,10866,44163392,44608768,44165216,44746592,44621568,44755968,48693280,49171456,59025064,52003368,52681768,59021416,166230423,166991759,166164455,167042743,166941487,167055255,185596863,186410079,230292359,200883377,201892593,230455897,12.92311149998568,13.606663899961859,13.193387900013477,13.81584399996791,15.11089070001617,14.653237799997441,15.303174100001343,14.966903200023808,16.352273699943908,16.01520220004022,16.187700199894607,16.456613400019705,,,,,,,,,,,,,3,1
8262,385,0.16145833333333334,0.17350157728706625,0.17350157728706625,55,317,55,0.4270833333333333,0.11458333333333333,0.14323121457528032,0.138023358227656,3,384,2.1751074021514247,3.942786069651741,0.2838541666666667,8131,20274,8130,20220,20502,20449,8533,20899,11719,8587,20899,11719,120674568,122436072,120673992,122404872,122468168,122437640,123964744,125734216,128317576,124298680,126031864,128317576,455013543,458025831,455012679,457989015,458031647,457995551,467651035,470694667,485438103,469200101,472201829,485437833,46.53204140000162,43.56254389999958,43.555301699991105,44.236786599998595,50.05136899999343,48.30737300000328,46.9097061999928,43.045322599995416,44.51485649999813,43.77127409999957,40.66381549999642,41.77275840000948,,,,,,,,,,,,,3,3
8270,377,0.14361702127659576,0.18211920529801323,0.18211920529801323,55,302,55,0.4654255319148936,0.09574468085106383,0.13298110068934235,0.16489664091483414,3,376,2.089569968555123,3.932291666666667,0.2393617021276596,8153,19413,8152,19370,19620,19578,8533,19765,11719,8587,19765,11719,116793064,119432296,116792488,119407528,119480296,119456104,118397992,121021096,121015912,118664968,121256968,121015912,441768798,445577838,441768134,445548534,445843270,445814710,444812438,448602422,455868410,447202500,450955764,455868412,42.371354300004896,42.591448899998795,41.229461700000684,42.57454999999027,46.268341200004215,46.38153980000061,40.65067380000255,39.77399029998924,38.724303599999985,39.98111449999851,40.37413369999558,38.30592119999346,,,,,,,,,,,,,3,3
8286,222,0.15384615384615385,0.2663316582914573,0.27638190954773867,53,199,55,0.38009049773755654,0.10407239819004525,0.16742325187302554,0.1312238833723733,3,221,2.164562300225373,3.768939393939394,0.28054298642533937,6792,12630,6793,12626,12746,12741,7777,13987,11287,7437,13469,11285,70801232,71664080,70806416,72156880,71690768,72173648,77044360,77949832,82407208,74216168,75603944,82410952,268013764,269481476,268111420,270067956,269610292,270093156,294544400,296093536,316312940,281399506,283414098,316808958,22.408817700001237,22.443996200003312,22.187417900000582,22.73669210000662,24.534666699997615,24.599056899998686,22.908556900001713,22.949944599997252,23.917338500003098,21.971684399999504,22.797528899995086,23.624962800000503,,,,,,,,,,,,,1,1
8289,399,0.13819095477386933,0.18272425249169436,0.18272425249169436,55,301,55,0.42462311557788945,0.09547738693467336,0.15326838510581314,0.16834368411716,3,398,2.0788871655366656,3.909090909090909,0.25125628140703515,3746,6807,3720,4964,6843,5026,4889,8113,8581,4921,6397,8570,25202392,25679064,25198680,25409112,25685304,25418584,29407560,29900104,38031240,31783392,32039232,38024904,94834650,95628530,94829282,95166618,95588338,95131658,113042434,113869922,150625910,124330600,124737392,150630144,7.382026300008874,8.564564000000246,7.8484475999866845,8.215396900006454,8.26764479999838,8.091557699997793,9.72522089999984,9.753458699997282,11.812812100004521,9.87940510000044,10.452081600000383,11.716758799986565,,,,,,,,,,,,,3,3
8305,218,0.17050691244239632,0.35947712418300654,0.35947712418300654,55,153,55,0.47465437788018433,0.09216589861751152,0.1612923838260416,0.1428597636246187,3,217,2.078025137300724,3.3260869565217392,0.23963133640552994,4992,6535,4999,6778,6575,6811,6351,8001,10251,6121,8161,10252,32353224,32576072,32354248,32616616,32581704,32620776,38574520,38782520,46622920,37921264,38208496,46623496,121092403,121472123,121068002,121513274,121418210,121482690,149279114,149655098,183507374,146242608,146739768,183573848,8.97886290000315,9.425850499996159,9.095859699998982,9.318828600000415,10.353676699996868,10.373639799996454,11.136266799992882,11.731131799999275,12.838898100002552,11.104057799995644,11.014993700002378,12.886051500005124,,,,,,,,,,,,,1,1
8309,187,0.0913978494623656,0.2956989247311828,0.2956989247311828,55,186,55,0.510752688172043,0.0967741935483871,0.15591621471028175,0.15591679055303817,3,186,2.0283446222345076,3.795918367346939,0.22043010752688172,4974,8932,4981,9262,9028,9351,6573,11290,11078,6085,11077,11077,46231392,46804832,46232960,46911712,46820224,46924960,55905016,56607160,67079112,52882024,53682408,67083432,173570377,174555529,173488049,174613529,174494633,174633761,215987745,217180521,263960649,202817947,204139067,263870595,13.499940800000331,14.195727899998019,13.896782199997688,13.881308199997875,14.05490689999715,14.328736000003119,17.507625900005223,16.92556070000137,19.0695498999994,16.489885299997695,16.45272059999843,19.067269200000737,6.5117833340385305,6.473700000545553,6.329100000584731,6.723466667608591,7.2955166663935715,7.362066667459051,6.710249999741791,7.862433333987913,7.160816665418679,6.591083331538054,7.0352666662074625,7.193566667410778,1,1
8329,199,0.13636363636363635,0.29411764705882354,0.29411764705882354,55,187,55,0.46464646464646464,0.1111111111111111,0.19192152559954787,0.16161887702235783,3,198,2.1248456038956633,3.8319672131147544,0.24242424242424243,6793,12988,6789,12731,13103,12850,7615,14041,11719,7831,14041,11719,73441960,74153320,73444840,74609704,74176072,74623912,77859976,78627208,86070568,79436344,80664952,86070568,277356997,278707341,277400261,279178725,278873077,279295101,295831049,297261529,331563329,302818983,304688951,331563331,23.252266399998916,23.244301499995345,23.110788600002707,23.355028999998467,26.025189600004524,25.834900999994716,23.168154599996342,23.74984370000311,25.64813879999565,24.35854069999914,24.96406200000638,25.09719220000261,,,,,,,,,,,,,3,1
8332,401,0.13,0.1774193548387097,0.1774193548387097,55,310,55,0.4225,0.105,0.15500234597711823,0.1575023479061201,3,400,2.1302807587572263,3.914141414141414,0.275,7716,15690,7709,15319,15836,15472,8155,16417,11719,8533,16417,11719,89932072,90859624,89932936,91309448,90885896,91327400,93723880,94693288,100627240,96008296,97426984,100627240,340393265,342141233,340276361,342445945,341995681,342403505,353837345,355657169,384482853,365603783,367843975,384482967,28.354252099990845,29.522156299994094,29.433773799988558,29.516974400001345,32.218075999990106,32.35046040000452,28.286572900004103,31.306710500008194,29.47743410000112,31.607401500004926,30.506986200009123,29.976430700000492,7.7728000008695135,8.372466669243295,7.973333335636805,8.443500002613291,10.370749999613812,9.932783332866771,8.096333331195638,8.558616665444182,8.085249998354508,8.205216666586542,9.032283334818203,8.350383332678271,3,1
8338,401,0.145,0.1746031746031746,0.1746031746031746,55,315,55,0.4275,0.0775,0.15500223331910093,0.1475027670734562,3,400,2.0722772917148773,3.99746192893401,0.2625,7808,19511,7804,19561,19728,19782,8263,20197,11719,8479,20197,11719,115898408,118895336,115891208,118132424,118936424,118189064,119343208,122401768,123442024,119055496,121274248,123442024,439380907,443598643,439065467,442520963,443343931,442597963,451489415,455792855,468925999,450196045,453624637,468926001,46.17616289999569,41.52088499999081,42.70393249999324,41.42130500001076,45.63915059999272,45.25958389999869,39.61587759999384,39.66489039998851,39.878526300002704,39.59618209999462,40.66827419999754,40.247182999999495,10.085850000905339,11.831083334982395,8.64036666219666,9.722733334153114,12.128183334425557,11.708516668780552,9.074466669214113,10.162349998912154,10.627900000448184,10.555466668544492,9.46036666330959,9.00990000081947,3,3
8344,390,0.16195372750642673,0.1864406779661017,0.1864406779661017,55,295,55,0.43958868894601544,0.11568123393316196,0.1054009114198176,0.15424429305774043,3,389,2.1615040262718033,3.821243523316062,0.2699228791773779,8480,18338,8476,18292,18520,18478,8641,18685,11719,8857,18685,11719,109717480,112281640,109714792,111780328,112320040,111828808,111524008,114141928,114110824,111832456,113906056,114110824,416368763,419962619,416365547,419456523,419961131,419465587,420965911,424632599,430918979,422188793,425288993,430919029,38.10617670000647,38.91810169999371,38.072450599996955,38.527337400009856,44.245114200006356,43.37592720000248,44.45818670000881,37.72401200000604,38.64766940000118,39.89116009999998,40.16641649999656,37.40905539999949,,,,,,,,,,,,,3,3
8345,185,0.17391304347826086,0.36666666666666664,0.36666666666666664,55,150,55,0.44021739130434784,0.09782608695652174,0.14130660802702946,0.11413202963835235,3,184,2.0669074984123417,3.5377358490566038,0.21739130434782608,6648,10620,6653,11090,10703,11168,7777,11989,11719,7507,11989,11719,61669712,62575056,61663088,61946480,62580816,61964784,68207368,69195784,73893352,65309080,65620120,73893352,232003476,233322372,231913548,232653204,233410556,232839556,260883844,262310820,284207172,246663798,247435782,284207238,19.244294599979185,19.28539680002723,19.247307799989358,19.65742509998381,21.210597099969164,21.346009299973957,22.2596690999344,21.473472899990156,22.366610200027935,19.17829830001574,21.30053919996135,21.600663700024597,6.998983347633232,7.369966673043867,6.8960833208014565,7.428066688589752,9.441416671810051,8.800833350202689,7.468050015935054,8.074883332786461,7.52799998736009,8.515183328806112,7.9972666571848094,7.466900007178386,1,3
8349,205,0.12254901960784313,0.2879581151832461,0.2879581151832461,55,191,55,0.43137254901960786,0.08333333333333333,0.12745332170743495,0.17157081712502986,3,204,2.0252269506415863,3.6872586872586877,0.2549019607843137,6282,12553,6281,12465,12676,12589,7453,14149,11719,7507,14149,11719,68508792,69539480,68508216,69488472,69559544,69509432,76109944,77241784,86583784,76646920,77730376,86583784,258738189,260422933,258705317,260329621,260502333,260442677,292240425,294070377,337855221,294677859,296453211,337855223,25.01868320000358,22.45344599999953,22.357729799929075,22.499400899978355,25.255694100051187,24.84111020003911,23.527786000049673,24.179864400066435,26.076653400086798,24.049453699961305,24.88333859993145,25.628974899998866,,,,,,,,,,,,,3,3
8364,218,0.1336405529953917,0.27638190954773867,0.27638190954773867,55,199,55,0.3824884792626728,0.10599078341013825,0.1797255643660606,0.13364296555325972,3,217,2.107662593634628,3.768939393939394,0.25806451612903225,6494,12300,6484,11108,12399,11217,7345,13231,11287,7593,12741,11285,63833992,65116168,63836488,65296008,65147272,65319112,67790056,69037672,77959336,72243912,73861320,77963080,241322869,243215109,241267173,243213253,243113501,243161381,257863789,259729725,302486269,278585711,280744175,302278567,20.567217700001493,20.3678304999994,20.536766699999134,19.889611500000683,22.19632129999991,21.657033100000262,19.592916599998716,21.873936300000423,25.55293789999996,22.90606789999947,23.56099649999851,22.88995050000085,,,,,,,,,,,,,3,1
8375,375,0.10695187165775401,0.17080745341614906,0.17080745341614906,55,322,55,0.42513368983957217,0.13636363636363635,0.13101879789874973,0.16845121764874255,3,374,2.155080019593985,4.055415617128463,0.24598930481283424,7588,16447,7596,17045,16626,17216,8479,17713,11719,8047,17713,11719,97250360,98918648,97250072,98540888,98943416,98573336,104107432,105859624,108372136,100457032,101794504,108372136,368241615,370820583,368242031,370505015,370704863,370396143,396619575,399321575,415685919,379843081,382175289,415685921,31.541180799998983,32.55245859999559,31.97279089999938,32.60776049999549,35.834919799999625,35.71511019999889,32.71464189999824,36.131091299997934,33.35730979999789,30.425940100001753,31.0450165000002,33.87212169999839,,,,,,,,,,,,,1,3
8377,218,0.14285714285714285,0.28061224489795916,0.28061224489795916,55,196,55,0.43317972350230416,0.11981566820276497,0.10138553525600154,0.13825132778935856,3,217,2.132102491988172,3.813229571984436,0.25806451612903225,6889,12745,6882,12068,12852,12182,7669,13825,11287,7749,13313,11285,68692264,69642120,68696776,69951816,69668232,69969960,73738696,74718472,81531112,74990344,76348168,81534856,259684407,261240615,259606287,261396319,261153599,261384887,280690303,282307615,314579987,286088141,288020261,315076005,21.87837980000768,22.302248499938287,22.376213899930008,21.911115500028245,24.343335899990052,24.14040350005962,23.043020999990404,24.998513599974103,24.939727100078017,22.578763099969365,23.885499800089747,25.34997740003746,,,,,,,,,,,,,3,1
8382,111,0.09090909090909091,0.424,0.44,53,125,55,0.5,0.12727272727272726,0.11818378305443647,0.10909383686852049,3,110,2.06817527527792,3.90625,0.2636363636363636,4852,7280,4859,7805,7339,7857,6345,9049,10661,5866,8875,10660,38629440,38950336,38629344,38980000,38956544,38986592,46192744,46535528,52773448,42258304,42574912,52772872,145178533,145751477,145269037,145921597,145760301,145841509,178062437,178685957,205476321,160434611,161059763,205401339,11.946715799975209,12.782830000040121,12.573559000040404,12.780214000027627,12.056803699932061,11.877647599903867,14.72732529998757,15.035428099916317,15.664598700008355,13.332428299938329,13.266696200007573,15.45878449990414,,,,,,,,,,,,,1,3
8392,380,0.10817941952506596,0.16666666666666666,0.16666666666666666,55,330,55,0.39313984168865435,0.07651715039577836,0.14775997501955243,0.19789125524537446,3,379,2.0659585104862277,3.9759036144578315,0.2638522427440633,5607,7903,5608,8135,7951,8182,7021,9559,11719,6967,9559,11719,42300840,42568744,42301896,42714504,42576328,42719944,49973080,50266840,58940104,48560008,48969544,58940104,159435863,159939367,159294831,159967751,159838791,160006815,192716639,193271215,230915291,186713453,187389933,230915293,12.158420899999328,13.650903200003086,13.906777800002601,14.144928399997298,13.986733399986406,14.036038400008692,15.832596100008232,15.91853579999588,17.35120750000351,15.2160356999957,15.699488700003712,17.27161199999682,,,,,,,,,,,,,1,1
8397,367,0.15027322404371585,0.1751592356687898,0.1751592356687898,55,314,55,0.39617486338797814,0.10109289617486339,0.16120474805986723,0.16120478942547542,3,366,2.1375596819264184,4.056847545219638,0.25956284153005466,7652,16460,7655,16901,16631,17069,8371,17443,11719,8209,17443,11719,98324616,100264968,98316552,99104136,100279464,99141288,103626184,105632392,107135752,100917544,101700328,107135752,371717462,374575142,371841518,373579598,374615550,373518702,391980158,394931198,407055546,380294980,382027348,407055556,32.20216139999684,32.20657310000388,32.03133310000703,32.32421429999522,35.377492300001904,35.631531999999424,31.673977400001604,32.80164940000395,31.792375999997603,30.984075300002587,31.084015800006455,31.076644300002954,,,,,,,,,,,,,1,3
8398,370,0.14092140921409213,0.17080745341614906,0.17080745341614906,55,322,55,0.43902439024390244,0.08401084010840108,0.14092358042735878,0.11382380644866545,3,369,2.059958931587277,4.035087719298246,0.22493224932249323,7154,20408,7139,18384,20639,18630,7615,20899,11287,8113,20125,11285,110413400,112352792,110418008,112943064,112404664,112978552,112446328,114362680,123291688,120206216,122903560,123295432,418118516,421434164,418058028,421756308,421095684,421462340,423569360,426865184,471970852,458832378,462782442,471634926,41.896498800007976,42.83550679999462,41.11226159999205,40.345658999998705,44.5628735999926,43.88132640000549,39.125829800002975,39.12044820000301,39.9930422000034,50.363365400000475,50.30016980000073,43.09221630000684,,,,,,,,,,,,,3,1
8399,402,0.13466334164588528,0.16566265060240964,0.16566265060240964,55,332,55,0.41895261845386533,0.08728179551122195,0.16209702948433466,0.14713485261072357,3,401,2.07507391894219,3.971291866028708,0.2518703241895262,7558,19066,7554,18684,19276,18898,8101,19657,11719,8317,19657,11719,111200680,113674600,111207208,114354088,113734120,114399496,113688328,116140360,119849512,116028904,119242984,119849512,422446725,426113141,422320821,426632613,425875077,426505357,430233065,433882697,456553073,440376759,444777911,456553131,37.81760049999866,38.151432300001034,37.99344830001064,38.60995700000785,42.301135899993824,40.47292619998916,36.52045470000303,36.627788900004816,36.15277149999747,39.885367999988375,40.900760700009414,38.46440050000092,,,,,,,,,,,,,3,1
8405,379,0.1164021164021164,0.16224188790560473,0.16224188790560473,55,339,55,0.47354497354497355,0.10317460317460317,0.17195979225826227,0.1243404237597826,3,378,2.1556313425445723,3.9976415094339623,0.2830687830687831,454,632,448,512,637,523,681,901,1461,721,811,1459,900568,938776,899608,921368,940472,923768,1197416,1245416,1922536,1327976,1358504,1921832,3411726,3468686,3410222,3438734,3469014,3440262,4669790,4740958,7477302,5189678,5230376,7479462,0.2489917999919271,0.24775729999237228,0.26179200000478886,0.2464484999945853,0.25961749999260064,0.25184040000021923,0.3208061000041198,0.43648070000926964,0.5822311000083573,0.4191833999939263,0.4378214000025764,0.5329475000035018,,,,,,,,,,,,,3,3
8414,399,0.13819095477386933,0.18092105263157895,0.18092105263157895,55,304,55,0.46984924623115576,0.10301507537688442,0.12814317958490296,0.14321821067720913,3,398,2.0670770428747587,3.9074550128534704,0.20854271356783918,7722,17018,7719,16623,17192,16800,8263,17821,11719,8425,17821,11719,97384072,98583880,97387048,98886632,98613480,98909832,101571592,102824392,109071976,104002888,105601288,109071976,369592123,371751435,369594803,372013107,371581659,371837299,384682267,386921803,418620171,395738157,398306445,418620173,32.9987822999974,33.1828960999992,33.081380700008594,33.58817010000348,35.774444399998174,35.628468599999906,31.53489759999502,34.94824620000145,34.09712569999101,34.428354499992565,36.36899100001028,34.56097730000329,,,,,,,,,,,,,3,1
8415,212,0.16113744075829384,0.3179190751445087,0.3179190751445087,55,173,55,0.46919431279620855,0.10426540284360189,0.1611394846383747,0.1279642763591738,3,211,2.0661479582834965,3.46,0.23696682464454977,6832,10580,6838,10812,10659,10885,7993,11935,11719,7669,11935,11719,59084088,59792760,59083512,59764920,59806392,59779320,65994664,66772264,73030216,64564744,65300872,73030216,223094885,224190805,223167717,224261269,224158365,224155357,253343369,254528377,283671401,246871983,248050743,283671403,18.23802750010509,18.65463829995133,18.47601390001364,18.294222499942407,20.259281200007536,20.954695700085722,19.270733299897984,22.112736299983226,22.002396000083536,19.000695999944583,19.567173600080423,21.312279399950057,,,,,,,,,,,,,1,3
8417,397,0.14898989898989898,0.17027863777089783,0.17027863777089783,55,323,55,0.45202020202020204,0.07323232323232323,0.14141628139821644,0.1464666728014973,3,396,2.0757388763669353,3.9486552567237165,0.2601010101010101,8106,20164,8106,20164,20387,20387,8533,20575,11719,8533,20575,11719,121600808,124125992,121600808,124125992,124172584,124172584,123510280,126026248,126218056,123510280,126026248,126218056,460459865,464243257,460459817,464243257,464332945,464332945,465052025,468824777,475576677,465311151,469083711,475576679,43.76538340000843,43.8398443999904,42.665022600005614,42.710882200000924,46.988883500001975,47.855695200007176,42.91724039999826,43.62718069998664,40.17160869999498,41.739000600005966,41.329704800009495,41.325005400009104,,,,,,,,,,,,,1,1
8424,215,0.1308411214953271,0.26066350710900477,0.26066350710900477,55,211,55,0.4485981308411215,0.12149532710280374,0.14953486894901458,0.12149720279082099,3,214,2.1491078958063774,3.8503649635036497,0.26635514018691586,4393,5260,4389,5326,5277,5347,5929,7021,11285,6373,7291,11287,24056560,24394672,24054992,24328816,24400784,24337072,31506696,31936008,43323592,32335816,32665864,43319848,90339467,90770395,90278491,90648675,90796315,90738955,123703399,124248199,174490275,126532185,126957417,174603797,7.690054000006057,6.9231165000237525,7.2241949000163,6.941687699989416,7.994291599956341,7.686490599997342,10.056443899986334,9.21592220000457,12.471154400031082,9.469539000070654,9.81682449998334,12.181523000006564,,,,,,,,,,,,,3,3
8426,205,0.13725490196078433,0.3235294117647059,0.3235294117647059,55,170,55,0.47058823529411764,0.08823529411764706,0.1617668984690681,0.12255120987538248,3,204,2.096540548688447,3.5416666666666665,0.2549019607843137,6061,10258,6061,10147,10339,10228,7291,11665,11719,7291,11665,11719,56401656,57373880,56399192,57228056,57390424,57247640,62312296,63369832,71793832,62989240,63882616,71793832,211593330,213004410,211514802,212769122,212962946,212807466,238036346,239551018,278551742,240629560,241978464,278551744,17.170072799999616,17.54581379999945,17.366195400001743,17.627307299997483,18.25569700000051,17.867671600000904,20.014326500000607,20.130807900000946,20.97300499999983,18.410183799998777,19.899731500001508,22.169641200001934,,,,,,,,,,,,,1,3
8428,224,0.10762331838565023,0.24553571428571427,0.24553571428571427,55,224,55,0.4439461883408072,0.09865470852017937,0.1210783787610452,0.15246851088671273,3,223,1.954111470813624,3.9298245614035086,0.19282511210762332,6746,14280,6747,14453,14426,14598,7777,15607,11719,7723,15607,11719,81313792,83218496,81313696,82907456,83249504,82944416,88092760,90088600,95331784,87043864,88718296,95331784,307321503,310010287,307286135,309685543,309838479,309553103,336838163,339648963,367562339,331918305,334416865,367562341,26.44625559999986,26.45500489999904,26.681360500000665,26.604713400000037,30.3841381000002,29.55863379999937,27.736805500000628,29.330165600000328,29.735955000000104,28.008655000001454,28.727924700000585,29.71169320000081,,,,,,,,,,,,,1,3
8432,369,0.1331521739130435,0.18272425249169436,0.18272425249169436,55,301,55,0.44565217391304346,0.10054347826086957,0.12228507847707394,0.146741517606247,3,368,2.09068576836638,3.9295039164490864,0.2608695652173913,5788,11692,5786,10780,11805,10895,7129,13339,9775,6031,11116,9766,58755032,59927768,58754776,59771000,59950520,59792568,66134632,67299304,68363320,59713720,60737560,68362360,221312390,223099286,221215238,222748726,223044158,222790478,253444838,255255542,262297254,223987064,225537824,261993824,17.809861000001547,18.29789869999513,18.302407099996344,18.32044809999934,18.89518809999572,18.48781049999525,21.75067890000355,21.652714700001525,19.54243809999025,17.215209499991033,18.80266919999849,19.02836959999695,7.200516668187144,7.710783332489275,7.029683331590301,7.657633330381941,10.010166666082418,9.249199999127692,7.521066666716554,7.766549999359995,7.44733333218998,7.499599996663164,7.459816668415442,7.3684333328856155,3,3
8444,385,0.1484375,0.18151815181518152,0.18151815181518152,55,303,55,0.4192708333333333,0.109375,0.164065259437848,0.15625208795063372,3,384,2.099997888083968,3.9659685863874343,0.234375,86,86,88,102,88,102,134,134,260,154,172,262,60048,60048,60496,63632,60496,63632,89264,89264,152880,97648,101680,152944,353529,353481,354137,358729,354137,358729,462585,462585,684293,491941,497845,683797,0.06033329998899717,0.05761270000948571,0.056986100011272356,0.05759830000170041,0.05973720000474714,0.06025500000396278,0.06239289999939501,0.062351200002012774,0.07185860000026878,0.06379960000049323,0.06433100000140257,0.07182759999705013,,,,,,,,,,,,,1,1
8450,361,0.1361111111111111,0.1903114186851211,0.1903114186851211,55,289,55,0.44166666666666665,0.07222222222222222,0.1388908181785761,0.17222457568277605,3,360,2.092565090061273,3.8026315789473686,0.28055555555555556,7850,17468,7857,17962,17655,18142,8587,18307,11719,8209,18307,11719,105480376,107643064,105479512,107225368,107675320,107265496,109956280,112123192,112267912,106915432,108657256,112267912,398497847,401666207,398225279,401016295,401433063,401069383,417006907,420190171,425521483,401987833,404774105,425521477,34.95907090000401,35.37305809999816,34.91945139999734,35.7125223999974,38.46087289999559,38.83817600000475,34.32314749999932,37.88994290000119,35.22259810000105,33.43876029999956,34.11426009999559,33.63001449999865,8.153616666580396,11.336249999051992,8.092533332577052,9.0284166666,10.68906666720674,11.448549999234578,8.240066666379184,8.970766666607233,8.3519333335668,8.315233335451921,8.98833333364261,8.33378333360694,1,3
8459,380,0.12401055408970976,0.18151815181518152,0.18151815181518152,55,303,55,0.43535620052770446,0.10290237467018469,0.15039825369296766,0.1899754893277971,3,379,2.114998721709954,3.8647959183673466,0.25857519788918204,5532,9363,5534,9272,9445,9352,6913,11233,11503,6679,11025,11502,49714584,50041112,49713208,49898936,50045496,49905976,57164584,57544744,68175400,56644048,56876400,68174728,186629799,187351695,186600039,187170871,187375583,187226007,218371791,219198351,265782195,216668509,217349261,265687469,14.833976599999005,15.064712600011262,15.262242700002389,16.067475200004992,16.96168469999975,16.823437900005956,16.43940270000894,16.413073899995652,19.672884800005704,17.788010400006897,17.851731100003235,19.26704880000034,,,,,,,,,,,,,1,3
8462,384,0.12010443864229765,0.15669515669515668,0.15669515669515668,55,351,55,0.4255874673629243,0.08616187989556136,0.16449347029770808,0.13838345148325862,3,383,2.0928520073781303,4.100467289719626,0.2506527415143603,7332,17820,7319,17025,18004,17222,7723,18361,11719,8425,18361,11719,101892520,104142568,101894056,104519976,104192904,104562408,103743688,106035016,112104616,108615784,111333928,112104616,387360348,390705868,387360500,391000532,390820988,391108892,391441728,394844112,428244628,414681194,418437338,428244670,33.61401349998778,34.107372500002384,33.714475600005244,34.19268730000476,37.4529188000015,37.51807920000283,32.34919120000268,32.30181860001176,32.96831260000181,35.13442109999596,34.59719430000405,33.85149210000236,8.033133332598178,8.646333335491363,8.234333331832508,8.893683332037957,10.857483335712459,10.296466665749904,8.249616665125359,8.759633332374506,8.352733331169778,8.402266665749872,9.67123333005778,8.75278333114693,3,1
8464,114,0.07964601769911504,0.4576271186440678,0.4491525423728814,54,118,53,0.3893805309734513,0.12389380530973451,0.17699386965302108,0.08849788988338766,3,113,2.0388481064505393,3.664596273291925,0.17699115044247787,4949,6813,4943,6693,6847,6733,6137,8217,11077,6573,8375,11078,33896744,34365288,33896040,34359496,34374728,34369608,39491816,40017640,49643464,40989968,41490288,49639144,127497101,128161245,127475757,128122571,128207053,128189693,151957733,152701333,195203777,158353859,159042899,195265355,9.650127200060524,10.916045199963264,11.330713500035927,11.146412599948235,10.06118959991727,9.964243300026283,12.53350570006296,12.494515700032935,14.528691099956632,13.03050999995321,12.06741699995473,13.939112000050955,5.742333324936529,5.954133327274273,5.730250016010056,5.997383326757699,6.688183348160237,7.114033350565781,6.141133334798117,6.641849991865456,6.842216670823594,6.51098331824566,6.479799999700238,6.788483316389223,3,3
8470,108,0.16822429906542055,0.42857142857142855,0.44537815126050423,51,119,53,0.48598130841121495,0.14018691588785046,0.1308438522462672,0.13084328183295013,3,107,2.150897273566326,4.219858156028369,0.2616822429906542,4192,4792,4193,4762,4803,4772,5764,6274,10252,5601,6151,10251,21754280,21813608,21752904,21751464,21812872,21751848,27847744,27867328,36158296,27445320,27408520,36157720,81181608,81302488,81165153,81225200,81276688,81214576,108101989,108174460,143426072,106510950,106532910,143373458,5.92714819998946,6.179653599974699,6.774108099984005,7.182909200084396,7.055417299969122,6.90028479998,8.420866800006479,8.105332199949771,10.825054900022224,7.7053212999599054,7.841921400045976,9.81336030003149,,,,,,,,,,,,,1,4
8480,225,0.16964285714285715,0.2849740932642487,0.2849740932642487,55,193,55,0.4375,0.08928571428571429,0.1607166936488024,0.12946634988267242,3,224,2.100832755978016,3.8293650793650795,0.26785714285714285,2020,2370,2027,2506,2386,2515,3079,3421,5967,2887,3511,5968,8098104,8179832,8098008,8165144,8182104,8167800,10969048,11069976,15455176,10642120,10730728,15455656,29917175,30035927,29923461,30039415,30041655,30039999,42410533,42546903,61221503,41357015,41509511,61250631,2.1013770999998087,2.1503836999982013,2.104008400001476,2.10792869999932,2.1334562999982154,2.1554697999999917,3.0673443999985466,3.1002273999984027,4.091758999999001,2.8677645999996457,3.0861599999989267,4.047188399999868,,,,,,,,,,,,,1,3
8481,376,0.17333333333333334,0.1916376306620209,0.1916376306620209,55,287,55,0.5013333333333333,0.09066666666666667,0.14400205525569618,0.15733615946955978,3,375,2.1117271886072415,3.7664041994750654,0.2693333333333333,7857,14844,7858,14748,14975,14878,8425,15445,11719,8371,15445,11719,87380856,88561080,87386328,89113496,88594264,89135704,90266152,91465384,94701928,90850648,92642584,94701928,330234450,332140874,330239866,332683418,332179538,332711098,340312786,342241858,359369026,343286588,345813932,359368964,27.565020699999877,28.547258000005968,28.153677700000117,28.17105569999694,31.322846299997764,30.921346299997822,26.9659759999995,27.373782999995456,27.99826590000157,29.0386800999986,27.914298299998336,27.73935569999594,,,,,,,,,,,,,1,1
8487,205,0.1323529411764706,0.270935960591133,0.270935960591133,55,203,55,0.43137254901960786,0.10294117647058823,0.13235498184803873,0.16176689468557015,3,204,2.044190448277312,3.8446969696969697,0.23039215686274508,7194,13512,7199,13582,13634,13699,8155,14473,11719,7885,14473,11719,78318728,79825160,78317480,79694888,79851272,79723592,82968376,84518392,88589992,82535944,83945992,88589992,295624828,297786365,295514693,297552029,297620333,297498261,314766893,316972125,339583121,312969859,315061091,339583123,25.383495899999616,25.978825099999085,27.287967899999785,26.337555999998585,28.772500000000946,28.48515959999895,25.197053899999446,28.080762499999764,26.798909600000115,25.397021299999324,27.621412200000123,25.903637699999308,7.525849999789595,8.668166666211619,8.189450000221163,8.087249999941074,10.626916666600058,9.98553333314097,8.138900000024782,8.7583333333896,8.40774999990875,8.021250000031918,8.262433332978011,8.225816666405688,1,3
8488,371,0.13513513513513514,0.17857142857142858,0.17857142857142858,55,308,55,0.44324324324324327,0.0945945945945946,0.13513746608136776,0.1486506089190575,3,370,2.1049217029184737,3.9588688946015425,0.24054054054054055,4543,5788,4555,6600,5830,6630,6397,7957,10661,5662,7804,10660,29288872,29518216,29291816,29742632,29527720,29748648,39089960,39402792,46387432,33628288,34112992,46386856,109778548,110138924,109702628,110364876,110111196,110413468,153689288,154165888,184585888,128913350,129619630,184519482,8.044681300001685,8.27434369999537,9.080451800000446,9.27610629999981,9.362482100004854,9.241980799997691,12.274073799999314,12.269999999996799,13.27676110000175,9.042069899995113,10.347864900002605,12.951262499998847,6.7668999993960215,5.531416665083573,5.337316667767785,5.661166667171831,6.397466665172639,6.181616668375985,6.142800000816351,6.238083334513552,6.407416666964612,6.570833333777652,5.972800001472933,6.292166667359804,1,1
8492,212,0.11848341232227488,0.26066350710900477,0.26066350710900477,55,211,55,0.4218009478672986,0.10900473933649289,0.16113977558840226,0.1564006535104648,3,211,2.0899713168845166,3.8503649635036497,0.26540284360189575,7071,14010,7072,14326,14146,14461,7993,15283,11719,7939,15283,11719,80681048,81974040,80686136,82581624,82009880,82606904,87443464,88808584,93512200,85524088,87459448,93512200,304842128,306860336,304844984,307493736,306697240,307324720,335015400,337142248,360535772,326151934,328850174,360535774,26.17532420000134,27.197369900000922,26.016233599999396,26.38507849999951,29.216372999999294,29.221225499997672,26.96905120000156,27.323269799999252,27.830846900000324,27.155456000000413,29.096909900003084,28.87378190000163,10.62495000041963,8.241533333299836,7.992333332367707,8.027550000406336,9.916716666339198,10.574599999623993,7.761116666491337,8.172683333517247,7.949966666880451,8.040350000252753,8.26171666570493,8.188733333251244,1,1
8498,207,0.1407766990291262,0.2619047619047619,0.2619047619047619,55,210,55,0.470873786407767,0.0970873786407767,0.13107013304998139,0.11650672939818497,3,206,2.071633224424052,3.9473684210526314,0.25728155339805825,7132,12254,7130,12180,12348,12276,7885,13069,11719,7993,13069,11719,70905352,71893640,70904392,71867720,71911368,71886216,74481736,75480520,80145256,74937928,75895240,80145256,268287108,269804324,268193668,269686452,269644132,269615828,282319728,283854144,305987608,284131246,285620974,305987730,22.45087599999897,22.63139610000144,22.381989800000156,22.277361699998437,24.84252899999774,24.978474700001243,22.32771479999792,23.083674800000153,23.710954300000594,22.26299079999808,24.41187749999881,23.358252099998936,,,,,,,,,,,,,3,3
8504,207,0.16990291262135923,0.2864583333333333,0.2760416666666667,55,192,53,0.4368932038834951,0.10194174757281553,0.15534286453497134,0.1456333848136902,3,206,2.223338848785345,3.67816091954023,0.33495145631067963,6892,12872,6882,12456,12977,12571,7281,13261,11285,8101,13771,11287,72561080,72812344,72559256,72705944,72814744,72710776,73865480,74116744,81871816,79289032,79418632,81868072,273138181,274002373,273089189,273805749,274057533,273910901,276486137,277350105,311623381,301554387,302263779,311127367,23.180169100000057,23.40326140000252,22.70635889999903,23.445693699999538,27.561733999998978,26.228048499997385,22.23397240000122,24.256139100001747,25.881989400000748,24.582847999998194,27.852562500000204,24.962425800000346,,,,,,,,,,,,,3,3
8509,198,0.1218274111675127,0.3160919540229885,0.3160919540229885,55,174,55,0.467005076142132,0.1218274111675127,0.1675148797717872,0.14721023319123624,3,197,2.1260317561991307,3.5655737704918034,0.233502538071066,7057,11886,7045,11302,11967,11395,7615,12637,11719,8263,12637,11719,66111144,66429992,66113256,66638344,66440424,66644808,69437272,69786328,77812456,73031512,73594840,77812456,248294685,249108533,248263245,249230677,249145309,249294973,262379637,263243749,298923217,278104867,279122707,298923219,20.183681100003014,20.449256899999455,20.689193700000033,20.638423700002022,21.996790100001817,21.88424649999797,20.051966700000776,21.216721200002212,22.118136199998844,21.856860900003085,23.57178389999899,22.234473399999843,,,,,,,,,,,,,3,1
8537,188,0.1443850267379679,0.27979274611398963,0.27461139896373055,54,193,53,0.45989304812834225,0.11229946524064172,0.11230152441104027,0.17112546591934832,3,187,2.128704831084259,3.725868725868726,0.24598930481283424,6576,12273,6585,13089,12398,13205,7593,13625,11077,7262,13887,11078,70425592,71477464,70426072,71496568,71498328,71518200,77043304,78168168,81921736,73623976,74729768,81917416,265891933,267538869,266098053,267842389,267526653,267627605,294751417,296506169,315362129,279040303,280832655,314759675,22.21427080000285,22.837564599933103,22.66245229996275,22.595760100055486,25.20743940002285,25.483092300011776,23.67440399993211,25.472589100012556,23.93302290001884,21.86253130005207,23.553177500027232,23.680649199988693,,,,,,,,,,,,,1,1
8538,209,0.14423076923076922,0.24774774774774774,0.24774774774774774,55,222,55,0.46634615384615385,0.10096153846153846,0.17788683773743777,0.21154075610012604,3,208,2.122206011249648,3.8275862068965516,0.2644230769230769,5723,11556,5728,11988,11684,12111,6701,12851,10451,6709,13365,10453,61978744,62955448,61981464,63200792,62980280,63221272,67796520,68820520,75762120,67972840,69264104,75763272,234488229,236069741,234462621,236335165,236073485,236360917,259361329,261022881,293284625,260180167,262165935,293497443,20.171256800000265,20.17686319999848,20.240572599999723,21.58098400000017,21.968041100000846,20.03038910000032,22.18280760000198,22.298820500000147,22.482587599999533,20.395489700000326,21.484993699999904,22.29279730000053,,,,,,,,,,,,,1,1
8541,370,0.14905149051490515,0.18835616438356165,0.18835616438356165,55,292,55,0.43360433604336046,0.1111111111111111,0.12737381757176444,0.16802409920856598,3,369,2.104456386363451,3.9037433155080214,0.23848238482384823,8536,18674,8537,18480,18862,18667,8803,18901,11719,8749,18901,11719,111781848,113706840,111782616,114195480,113752440,114231000,112863640,114781720,115603816,114031336,116493736,115603816,423119503,426104271,423120327,426572735,426161607,426619887,424628071,427601815,435425935,429984257,433507937,435425937,38.6775032000005,38.63710570000694,39.215855999995256,38.98966150000342,41.756503099997644,42.600282700004755,36.961408400005894,37.000024600012694,35.97301699999662,37.42125159999705,37.578360400002566,35.83116719999816,,,,,,,,,,,,,1,1
8544,374,0.1260053619302949,0.17973856209150327,0.17973856209150327,55,306,55,0.45576407506702415,0.10187667560321716,0.14745506645434964,0.17962644526974644,3,373,2.0775699623211104,3.923076923076923,0.21983914209115282,8443,19616,8444,19668,19824,19875,8749,19927,11719,8695,19927,11719,118131832,121239352,118132408,121269304,121297528,121326904,119613640,122724040,121365832,119296120,122437624,121365832,448266678,452543454,448267230,452578814,452717550,452751958,451850942,456131246,459333186,450526556,454843580,459333188,44.6104861000058,40.65849839999282,40.39396419998957,40.91619950000313,45.43994749999547,44.84745380000095,38.407043599989265,39.04501089999394,37.08048889999918,38.40586970000004,38.56433079999988,37.06260000000475,,,,,,,,,,,,,1,1
8545,376,0.16,0.18900343642611683,0.18900343642611683,55,291,55,0.49066666666666664,0.112,0.14400201583281158,0.11466917252168059,3,375,2.137191599329806,3.900804289544236,0.2693333333333333,8248,17668,8247,17615,17842,17790,8587,18037,11719,8641,18037,11719,105841096,108210184,105840520,108179656,108253800,108223848,107540968,109927336,110285032,107864104,110219368,110285032,400027220,403382164,400026284,403346124,403432804,403397444,406185564,409561164,416723536,407378786,410717730,416723538,35.65421969999443,35.34651940000185,34.82463149999967,35.57464430000982,39.28208409999206,39.42965540000296,33.48294980000355,33.99517460000061,32.663408499996876,36.72449320000305,34.432477800000925,33.31224879999354,,,,,,,,,,,,,3,3
8576,371,0.16486486486486487,0.1870748299319728,0.1870748299319728,55,294,55,0.4540540540540541,0.11081081081081082,0.14054332592058927,0.1405435287475435,3,370,2.144511381061733,3.8082901554404143,0.2594594594594595,8647,18630,8644,18456,18812,18641,8749,18739,11719,8911,18739,11719,112726840,114754456,112729816,114927448,114795352,114964984,113066248,115093192,114973960,114140632,116349016,114973960,425427129,428494497,425429745,428649457,428747089,428898937,423932469,427000005,430902329,428555599,431787535,430902331,37.45266249999986,37.33998760000395,36.89777799999865,37.479947200001334,41.13826759999938,41.533866099998704,35.10388199999579,35.50203260000126,33.972873899998376,35.37136200000532,35.5446929000027,33.90641109999706,,,,,,,,,,,,,3,1
8582,383,0.14659685863874344,0.1762820512820513,0.1762820512820513,55,312,55,0.450261780104712,0.09162303664921466,0.1178029475347212,0.13874599221101547,3,382,2.086263932641609,3.9393939393939394,0.24345549738219896,7378,14648,7382,14692,14790,14830,8263,15715,11287,7749,15133,11285,84416320,85096192,84423520,85883808,85124672,85896800,90051448,90753016,92920360,86458216,87939176,92924104,319191446,320616278,319067430,321288774,320521174,321301686,342526626,343992114,353826606,325756500,328005876,354382720,26.589767000012216,27.318472399987513,27.049505999995745,27.449652700001025,29.79243739999947,30.070340399994166,26.963322999989032,27.930082000006223,27.397790799994254,26.022479999999632,26.457380799998646,28.914431199998944,,,,,,,,,,,,,1,1
8584,398,0.15113350125944586,0.1746031746031746,0.1746031746031746,55,315,55,0.4659949622166247,0.10579345088161209,0.12594671763470325,0.13602263059394354,3,397,2.143783569513992,3.908188585607941,0.26700251889168763,7652,17069,7649,16473,17241,16648,8209,17659,11287,8061,17005,11285,97866616,99102136,97874584,100114264,99146008,100137496,100638040,101892568,104062504,100417096,102698440,104066248,370913047,373122575,371127119,374289007,373133199,374066759,380168355,382400307,393911215,378928469,382144501,394537201,31.98513919999823,34.4866861999908,35.016728200003854,35.80372110000462,37.05115830000432,35.63679439999396,30.81647890000022,32.55660300000454,31.801401700009592,31.20991220000724,30.757688499987125,31.12849699999788,,,,,,,,,,,,,3,1
8588,382,0.12335958005249344,0.1757188498402556,0.1757188498402556,55,313,55,0.44881889763779526,0.12073490813648294,0.13123589950452347,0.1627318412523834,3,381,2.1718711430176167,4.002557544757033,0.2782152230971129,7564,15271,7559,14981,15414,15129,8101,16093,11719,8371,16093,11719,87621528,89256408,87618648,88919128,89281432,88950808,91610104,93320824,98621032,93393832,94745128,98621032,332027545,334468817,332082705,334147777,334522785,334157729,346528405,349075029,377743997,354764947,356912035,377743999,26.768836499992176,27.84846130000369,27.51860330000636,27.7466940000013,28.736454300000332,30.46729119999509,26.74167099999613,29.067320000001928,28.149041900003795,29.799874399992405,27.821640599999228,29.042293200007407,,,,,,,,,,,,,3,3
8591,373,0.1586021505376344,0.1687116564417178,0.1687116564417178,55,326,55,0.43010752688172044,0.07258064516129033,0.1451633233678407,0.12365798453514974,3,372,1.9707873637094324,4.0954773869346734,0.20967741935483872,4921,6720,4902,5964,6738,6001,5825,7749,10869,6813,7749,10869,31628440,31848216,31625240,31720856,31848792,31725144,35362184,35585160,46171528,39875368,39905320,46171528,118491614,118895886,118506910,118711150,118912350,118713006,134627866,135048346,180790030,154180820,154306316,180790152,8.974869700003183,10.304338100002497,10.234796999997343,10.468222800001968,10.244225200003712,10.359749600000214,10.802680599997984,10.987481699994532,13.251747400005115,11.184390099995653,12.444421199994395,13.146984199993312,,,,,,,,,,,,,3,3
8596,185,0.14130434782608695,0.3089887640449438,0.3089887640449438,55,178,55,0.5,0.09782608695652174,0.11413277856215996,0.1576112852983541,3,184,2.147244072184773,3.7394957983193278,0.2826086956521739,4906,6724,4905,6634,6759,6670,6293,8165,10453,6101,7851,10451,33044840,33438952,33044264,33386920,33445704,33394440,39381160,39772200,46809672,38367720,38705320,46808520,123882050,124463042,123820586,124342578,124502778,124443474,151888878,152472462,183574838,147069156,147588300,183441960,9.639732799958438,10.907016600016505,10.698070199927315,9.51956559997052,10.6688844000455,10.849046500050463,12.194735299912281,13.322933100047521,13.579675399931148,12.34997530002147,12.951103099971078,13.801237300038338,,,,,,,,,,,,,3,3
8612,376,0.12,0.18900343642611683,0.18900343642611683,55,291,55,0.4613333333333333,0.10133333333333333,0.1280023796670139,0.1626686837617308,3,375,2.115843917415896,3.911290322580645,0.256,8389,18196,8389,18261,18379,18444,8695,18577,11719,8695,18577,11719,109314104,111979032,109314200,112028312,112029400,112078072,111219880,113906920,113317672,110822008,113541880,113317672,414376413,418063749,414428781,418172941,417989597,418045605,420718701,424436061,428748517,418667591,422418871,428748519,35.75073159999738,36.80176849999407,36.527512799999386,36.86898900000233,40.06057839999994,40.335700999996334,34.99751830000605,35.3843504999968,33.678997099996195,34.810044299993024,35.283287900005234,33.9604324000029,,,,,,,,,,,,,1,1
8614,206,0.12682926829268293,0.27638190954773867,0.27638190954773867,55,199,55,0.4,0.0975609756097561,0.1853678846538703,0.13658762276286213,3,205,2.078338027751952,3.6988847583643123,0.25365853658536586,3242,4894,3236,4480,4928,4520,4465,6385,8881,4555,6119,8879,19967328,20171232,19966944,20200896,20177088,20206080,24609928,24858760,33819400,25751320,26020696,33818248,74598089,74974857,74573321,74935369,74985345,74971273,94960049,95409641,133961353,100243251,100674803,133856315,5.791319999960251,6.553270800039172,6.367629599990323,6.409037199919112,6.119978200062178,5.913446000078693,7.749666400020942,7.635231399908662,9.573237099917606,7.145495200064033,8.014409800060093,9.798126099980436,5.179283325560391,5.32533333171159,4.986083329034348,5.293066710388909,5.636183312162757,5.54438333104675,5.659716669470072,5.901116664366175,6.159133336041123,5.660733324475586,5.67013331844161,6.168449996039271,3,3
8616,220,0.1643835616438356,0.2511415525114155,0.2511415525114155,55,219,55,0.4840182648401826,0.091324200913242,0.11872420306891611,0.10045880468702581,3,219,2.050191588820372,3.8421052631578947,0.2648401826484018,7050,13899,7058,14649,14039,14781,8155,15283,11719,7723,15283,11719,82285976,83566424,82286744,83899512,83595832,83923384,89695048,90984136,93792136,85094248,86682280,93792136,310394019,312379227,310399731,312800379,312310651,312717675,341683607,343706583,357871083,321695801,324068857,357871021,27.77314590000242,26.80411440000171,29.573598400002084,27.679829299999255,31.311894800001028,33.0065689999974,30.110525600000983,32.886464800001704,32.42210320000231,26.87565629999881,30.11265889999777,30.728433500000392,,,,,,,,,,,,,1,1
8618,222,0.11312217194570136,0.2864583333333333,0.2864583333333333,55,192,55,0.4796380090497738,0.09049773755656108,0.16742345362973327,0.1493235676226994,3,221,2.132040598834564,3.7065637065637067,0.29411764705882354,6268,13440,6262,13126,13576,13268,6969,14353,11285,7561,14905,11287,73969768,75529896,73963912,74789832,75547016,74820488,77329928,78924040,88004488,82211944,83136424,88000744,278932235,281241019,279004747,280544011,281348731,280588635,292626463,294991327,339114335,314615965,316303773,339348769,24.069489200017415,24.100160699919797,24.343961999984458,24.500922700040974,27.06214659998659,26.833717099973,24.578513300046325,24.01047799992375,25.919692000024952,26.476162499981,27.1454465999268,26.100100600044243,,,,,,,,,,,,,3,3
8622,216,0.15813953488372093,0.2894736842105263,0.2894736842105263,55,190,55,0.4046511627906977,0.07441860465116279,0.10697981626401808,0.16744500267059478,3,215,2.060381021972179,3.7109375,0.26046511627906976,5298,7704,5312,8592,7770,8644,6469,9017,10634,6373,9937,10639,42351304,42589768,42357000,43040008,42603080,43044936,47859016,48100488,55578280,47291656,48010504,55576552,159552895,160040447,159545215,160571071,160044911,160579583,183525387,184030635,215762199,180186133,181277429,215665313,12.394025400000828,12.700173700002779,13.412976300001901,13.728708099999494,12.82328889999917,12.860977899999853,13.842695499999536,14.856855699999869,15.598142299997562,14.319875500001217,14.804551100001845,16.128764500001125,,,,,,,,,,,,,1,1
8627,369,0.14402173913043478,0.1870748299319728,0.1870748299319728,55,294,55,0.44565217391304346,0.09510869565217392,0.17119815759930213,0.1250023437770205,3,368,2.1273408174419917,3.89920424403183,0.2826086956521739,8540,16640,8537,16330,16787,16480,8695,16795,11719,8857,16795,11719,99131368,101249896,99129448,101045384,101286024,101084616,99741208,101859736,102750088,101632936,103583848,102750088,375376870,378345406,375308606,378041382,378023502,377789526,374898866,377867474,387320906,383834696,386617752,387320900,32.017053000003216,32.19291410000005,31.622434899996733,32.02932470000087,35.39884610000445,35.09766049999598,29.902753999995184,30.218863999994937,29.627089000001433,33.29213599999639,30.93131970000104,30.739628499999526,,,,,,,,,,,,,3,3
8633,383,0.14397905759162305,0.16417910447761194,0.16417910447761194,55,335,55,0.5026178010471204,0.07068062827225131,0.14136339552854116,0.12042094674631856,3,382,1.9965980005721573,3.9504716981132075,0.22251308900523561,7530,20387,7532,20545,20632,20788,8263,21385,11719,8155,21385,11719,120274264,122731416,120275416,122643160,122776248,122689848,125413672,127934824,130767016,124451176,126872104,130767016,456341921,460126553,456650945,460374825,460149249,460083297,475962049,479838289,497772377,471577307,475376987,497772379,42.29314000000886,43.206545500012,42.53383239998948,43.33702929998981,46.772261599995545,46.87526179999986,41.374331800005166,45.962509900011355,43.52950160000182,40.68937020000885,41.594013000009,43.2895739999949,8.733533332512403,9.786816665534085,9.024883331827974,9.557833332413187,11.453849998360965,11.992700000215942,9.131833331290787,9.654683335005151,9.107600002607796,9.14110000060949,9.537933331254559,9.025833334211105,1,1
8646,406,0.1382716049382716,0.16417910447761194,0.16417910447761194,55,335,55,0.4123456790123457,0.0962962962962963,0.14568114553198772,0.1580268603111445,3,405,2.067702760102672,4.045893719806763,0.23703703703703705,5149,6763,5148,6675,6792,6705,6589,8209,11719,6643,8209,11719,34949008,35333776,34953040,35607088,35347696,35615536,40914904,41371096,50518696,41465704,42217384,50518696,131446420,132002084,131518044,132335508,132080028,132340068,157580072,158207896,198925492,160344874,161264090,198925430,10.288370200003556,11.252895699995861,11.415929199996754,11.31963469999755,10.38063030000194,10.649323300000106,12.692809500003932,12.837399699994421,14.682716499999515,12.878680299996631,13.128619100003561,14.921573899999203,5.5209000007986715,5.720066666981438,5.542866666170691,5.890600001293933,6.471850001010655,6.554133331519552,6.167649998436294,6.283950001185683,6.815083333397827,6.324550001105915,6.36671666628293,6.740883333501794,3,1
8665,208,0.16908212560386474,0.29444444444444445,0.3055555555555556,53,180,55,0.4396135265700483,0.10628019323671498,0.1932389469128912,0.21739360798433746,3,207,2.0955989080878803,3.673469387755102,0.27053140096618356,5644,10360,5638,9670,10450,9766,6657,11649,10869,6969,11649,10869,51681304,52707864,51675544,52226584,52720152,52247832,57053256,58158152,68906760,61105096,61744072,68906760,194696043,196216987,194592907,195565067,196138507,195593955,217732767,219360791,269817695,236657437,237784733,269817633,15.471633399953134,15.84334159991704,15.963243899983354,16.187826599925756,17.75114119995851,17.5398445999017,18.055553499958478,18.15017609996721,20.537928999983706,19.949096599943005,18.643679900094867,19.860478599905036,,,,,,,,,,,,,3,3
8690,188,0.1443850267379679,0.3055555555555556,0.3055555555555556,55,180,55,0.44919786096256686,0.10160427807486631,0.16043092517859556,0.17647281058386646,3,187,2.115204906995435,3.7815126050420167,0.25133689839572193,6568,10780,6570,11376,10867,11461,7243,11578,11068,7561,12259,11071,62413992,62976456,62413416,62904872,62985064,62916136,65996152,66570616,71308312,66221032,66685864,71305240,234777835,235774443,234813977,235801963,235844323,235837555,249420163,250441499,271883559,249582121,250532345,271548961,19.089997199946083,20.485362900071777,19.499945200048387,20.092922599986196,19.97665029997006,19.808121100068092,21.50036900001578,21.717536599957384,21.07099699997343,20.32666210003663,21.911900599952787,20.43923050002195,,,,,,,,,,,,,1,3
8692,398,0.1309823677581864,0.17027863777089783,0.17027863777089783,55,323,55,0.44836272040302266,0.10327455919395466,0.17380574089533624,0.16373036452569067,3,397,2.1109380574111056,3.9583333333333335,0.2518891687657431,8074,19268,8074,19724,19483,19939,8533,20143,11719,8533,20143,11719,115501384,118266184,115496680,117769576,118307848,117822568,120386056,123247624,123138760,117612616,119862472,123138760,437777188,441710068,437613268,441091620,441605788,441164668,457431184,461503936,467999560,442894478,446345630,467999554,39.10119940000004,43.147102599999926,42.95670389999577,47.40276929999527,47.7431138000029,48.64581349999935,56.7025708000001,49.28766380000161,40.38069369999721,61.94245120000414,50.68787929999962,45.61329900000419,,,,,,,,,,,,,1,3
8699,112,0.17117117117117117,0.4690265486725664,0.45132743362831856,53,113,51,0.4954954954954955,0.16216216216216217,0.0900931353806644,0.16216438211425133,3,111,2.0211636334550165,3.923611111111111,0.1891891891891892,5192,6688,5202,7300,6730,7332,6551,8151,10451,6293,8477,10453,34719376,34977104,34722896,35277776,34988368,35283600,41560920,41852120,48430920,39608296,40194024,48432072,130191595,130604443,130241099,131014819,130689803,131048411,160394187,160851307,190253407,151811921,152625337,190386361,10.611500300001353,10.802365899900906,10.7192095000064,11.351440700003877,12.547231100033969,12.290851400000975,13.866961700026877,14.320693499990739,15.868130700080656,14.291722299996763,12.853571000043303,15.375487499986775,,,,,,,,,,,,,1,1
8708,369,0.12228260869565218,0.18835616438356165,0.18835616438356165,55,292,55,0.41847826086956524,0.10054347826086957,0.14945836601280305,0.11413261383764305,3,368,2.1090944400212694,3.832020997375328,0.24728260869565216,7623,16278,7620,16264,16443,16432,7905,16641,11285,8371,17281,11287,93973352,95047400,93971624,95040680,95067944,95061608,95687176,96775432,101842312,99450040,100559416,101838568,355017407,356988631,355015239,356980455,357168031,357160551,361300619,363294603,387072019,377891641,379924841,387336061,32.70165249999991,36.029610800003866,33.02375909999682,33.42788290000317,37.3056304999991,42.528862400002254,32.16918650000298,32.14278429999831,31.085232199999155,35.42572690000088,35.444286599995394,43.194362599999295,,,,,,,,,,,,,3,3
8718,367,0.16939890710382513,0.19230769230769232,0.19230769230769232,55,286,55,0.43169398907103823,0.10382513661202186,0.16120437187615966,0.15847217523851662,3,366,2.0608695329868167,3.9722222222222223,0.23770491803278687,280,288,278,260,286,260,581,581,1221,466,436,1216,338624,345536,338048,337472,345472,337984,626696,636936,1064456,519232,518272,1063912,1325203,1333347,1324371,1322371,1333875,1323683,2474291,2484979,4089563,2038491,2034859,4088179,0.11726160000398522,0.11836800000310177,0.11612410000088857,0.1158168999972986,0.11678350000147475,0.11697779999667546,0.1791663000039989,0.18801610000082292,0.2554272999987006,0.15458249999937834,0.15352859999984503,0.2509938000002876,,,,,,,,,,,,,4,4
8719,105,0.14423076923076922,0.4818181818181818,0.4636363636363636,53,110,51,0.49038461538461536,0.125,0.14423328359799387,0.1923099098046525,3,104,2.224117827588381,3.594771241830065,0.3076923076923077,4885,6040,4881,5901,6062,5927,6001,7301,10451,6449,7593,10453,28515744,28826624,28513920,28760384,28831680,28767360,33676120,34024920,43501320,35853064,36115976,43502472,106540559,106973111,106597471,106950495,106980671,106901391,129099959,129585535,171397683,138907701,139290317,171516037,8.860288200085051,9.19630920002237,9.591881399974227,9.572914400021546,10.737154199974611,10.380508199916221,10.06549329997506,10.269206399912946,12.807631599949673,11.045110999955796,17.63204960001167,12.81632629991509,,,,,,,,,,,,,3,3
8730,395,0.11421319796954314,0.16566265060240964,0.16566265060240964,55,332,55,0.4720812182741117,0.1065989847715736,0.1700530297986851,0.15482456211726356,3,394,2.1144018495209145,3.980815347721822,0.24619289340101522,7578,18017,7572,17480,18209,17678,8101,18793,11719,8425,18793,11719,102483416,104149880,102484664,104524856,104189624,104556440,106511944,108217480,114717352,109794712,111940888,114717352,388508040,391257360,388707672,391785832,391415952,391731288,404986528,407801344,442007372,420895062,424126854,442007374,33.38433049999003,33.53068359999452,33.56046179999248,33.64390249999997,37.04912969999714,37.367440600006375,32.78708930000721,32.97138899999845,35.09141729999101,37.06459609999729,37.582626799994614,34.71280219999608,,,,,,,,,,,,,3,1
8734,110,0.11926605504587157,0.45454545454545453,0.45454545454545453,55,121,55,0.43119266055045874,0.09174311926605505,0.1467919487211375,0.1376172173811003,3,109,2.0931787417963315,3.78125,0.26605504587155965,5637,8232,5633,8034,8278,8084,6859,9559,11719,7075,9559,11719,43664792,44032664,43662648,43921752,44037240,43928856,49341496,49725112,58940104,50567512,50814616,58940104,164252138,164888146,164299642,164804450,164923330,164793170,188956850,189619690,229600186,194049540,194551044,229600132,14.703113200026564,14.500601000036113,14.624645499978215,14.788953999988735,13.244764600065537,13.591087599983439,15.987056299927644,15.775876000057906,17.469352000043727,15.432971199974418,16.622694000019692,18.39530229999218,6.186383310705423,6.495300001309563,6.172749989976485,6.57536667616417,7.393233322848877,7.472349990469714,6.72288336014996,6.97904999833554,7.228216660829882,6.899766662778954,7.466733319840084,7.235033340596904,3,3
8740,371,0.13243243243243244,0.1751592356687898,0.1751592356687898,55,314,55,0.4756756756756757,0.11081081081081082,0.20000195897473777,0.14865118498611893,3,370,2.117330065980514,3.954659949622166,0.25405405405405407,8059,20587,8056,20452,20816,20684,8425,20953,11719,8587,20953,11719,123476936,126309128,123475208,126231368,126359848,126283816,125076712,127908904,128340904,125911336,128650216,128340904,467336248,471471208,467334304,471379408,471792592,471702832,471036780,475171788,483857828,474755098,478779890,483858054,48.68074250000063,44.97368870000355,44.568491799989715,46.227244999987306,48.380070300001535,49.74886220000917,41.32165579999855,44.50408939999761,41.366934300007415,45.20135669999581,43.94821560000128,41.404802699995344,9.12715000110135,9.761416663726171,9.296966668140763,9.842166664990751,11.665399998795086,11.84224999936608,9.34028333237317,10.267566666395092,9.265433332378356,9.306999997837314,10.694833334127907,10.300483333897622,3,3
8744,222,0.167420814479638,0.28061224489795916,0.28061224489795916,55,196,55,0.4434389140271493,0.09954751131221719,0.1086000666165581,0.19909800940121597,3,221,2.023632784438999,3.754789272030651,0.2171945701357466,6546,8253,6552,8507,8290,8538,7831,9505,11071,7090,8977,11068,45886232,46084312,45885848,46112472,46088472,46116120,52232008,52429000,55287976,47841784,48053944,55291048,172089048,172462208,172075032,172504976,172450088,172505512,199687544,200056232,212632924,180313294,180721758,212413030,15.1239162000129,13.550886900047772,13.472012999933213,13.504745300044306,14.931632899912074,14.965247599990107,15.596440499997698,16.223666699952446,15.612109599984251,13.522130699944682,13.608394199982285,15.564943399978802,6.436283350922167,7.338866669063767,6.647849998747309,6.826066683667402,8.814916654955596,7.9750166429827605,7.201233335460226,7.26464999994884,6.935016659554094,7.0957499944294495,9.881883316362897,7.78808332203577,1,3
8764,109,0.12962962962962962,0.46226415094339623,0.49056603773584906,49,106,52,0.5,0.07407407407407407,0.12963191454764456,0.14815042866393924,3,108,2.0440963552673472,3.557046979865772,0.3055555555555556,4177,6450,4178,6676,6504,6729,5440,8037,9458,5281,7873,9457,31074768,31593936,31072400,31527248,31603216,31539536,37253456,37855568,44133448,35260936,35706376,44132872,116457123,117214171,116525531,117238307,117246091,117203315,143840015,144713695,173067179,134598769,135311857,173000709,9.128091300022788,10.35229489998892,10.355999000021257,10.158463700092398,9.423938799998723,9.335959400050342,12.325513100018725,11.995541899930686,12.403462699963711,10.473036400042474,11.444748600013554,13.031074200058356,5.572033328159402,5.796516663394868,5.317916666778426,5.6591999988692505,6.380049996854116,6.254933328212549,5.837083328515291,6.333999995452662,6.839349982328713,5.960949987638742,6.020500014225642,6.634333326170842,1,3
8771,198,0.14720812182741116,0.3160919540229885,0.3160919540229885,55,174,55,0.39086294416243655,0.09137055837563451,0.17766747596144183,0.13705841516414044,3,197,2.0150776728455884,3.766233766233766,0.233502538071066,6512,10968,6498,10228,11041,10315,7237,11935,11287,7697,11493,11285,58327464,59022216,58330504,59216392,59040456,59229928,62575816,63306760,70501288,64631944,65580424,70505032,220302260,221458596,220391732,221669348,221471756,221588988,238044300,239262236,272054560,246955698,248302818,271870258,20.98049589999937,18.67968850000034,18.641564100000323,19.262493000000177,20.90660460000072,20.448194200000216,19.350852600000508,20.591681900001277,20.77565500000128,19.19794120000006,21.197205099999337,20.499616299999616,6.926416666525863,7.766183333236161,6.750750000113233,8.015783333272944,8.395066666404697,9.179233333270531,7.435749999785912,7.7884499996798695,7.252333332871785,7.07698333311176,8.431566666634657,7.338216666539665,3,1
8774,110,0.05504587155963303,0.4330708661417323,0.4251968503937008,55,127,54,0.4036697247706422,0.09174311926605505,0.09174636041600291,0.14679125205553864,3,109,1.8924053404962777,3.8253012048192767,0.1559633027522936,4747,6896,4764,8112,6961,8160,6626,9170,11502,5833,9343,11503,38358448,38807504,38362960,39103376,38821904,39113072,49046816,49560704,56749624,42492136,43269736,56750296,143808164,144480668,143794420,144882556,144463532,144878524,191661228,192439628,223458156,161686598,162828702,223532902,13.02241759991739,12.788801799993962,12.43506809999235,12.983942999970168,11.74237540003378,11.598860800033435,15.515282400068827,15.621674500056542,16.582236000103876,12.944492900045589,13.43760290008504,16.953235899913125,,,,,,,,,,,,,1,1
8790,384,0.1409921671018277,0.1757188498402556,0.1757188498402556,55,313,55,0.4516971279373368,0.0783289817232376,0.1697148079181445,0.16971516399401151,3,383,2.069471798783626,4.023136246786633,0.26109660574412535,7303,13690,7314,14958,13834,15091,8425,15607,11719,7831,15607,11719,80549944,81769720,80551768,81925656,81795512,81951032,91445512,92815816,95611720,83710552,85103320,95611720,304566708,306442796,304469980,306634732,306245676,306533460,352552018,354661442,370046446,316506708,318704404,370046448,23.843519100002595,24.35386930000095,24.26544030000514,24.52191949999542,27.072693699999945,27.374781000005896,26.524332799992408,29.53452180000022,27.784615399999893,23.71590079998714,24.852885200001765,26.739446699997643,7.925516666243007,8.705566666321829,8.001483334131382,8.524966663874997,10.291799999928722,10.586483333706079,8.306049998888435,9.00421666544086,9.152750002006846,7.9512666682906765,8.68218333440988,8.247883333145486,1,1
8795,395,0.1598984771573604,0.1909722222222222,0.1909722222222222,55,288,55,0.4543147208121827,0.07868020304568528,0.1243684856867569,0.1599009382694506,3,394,2.035538458316529,3.9024390243902443,0.2436548223350254,8144,16608,8145,16576,16765,16732,8587,17011,11719,8533,17011,11719,99721144,101520568,99721624,101490104,101553432,101523000,101673112,103449496,104523016,101860168,103634824,104523016,376962514,379640898,376963050,379607106,379885994,379852130,382020482,384671858,393443118,383225040,385880160,393443114,35.355679500004044,34.41750930000853,35.406713599993964,35.95929279999109,40.77965850000328,37.0627661000035,34.339152599990484,36.57346420000249,36.41237209999235,35.89439499999571,38.36205650000193,39.07989700000326,,,,,,,,,,,,,1,1
8823,368,0.1444141689373297,0.16224188790560473,0.16224188790560473,55,339,55,0.48501362397820164,0.09264305177111716,0.15531553534856854,0.13896746507449945,3,367,2.0749320959582,4.00709219858156,0.24795640326975477,7382,18296,7384,19064,18517,19283,7601,18551,10851,8101,20035,10855,106296520,108886984,106292968,108523624,108929608,108575848,107294920,109906120,112937320,111219016,113520712,112934920,403372227,407094307,403111491,406555715,407152747,406879475,405380811,409127355,430349651,423854709,427396389,429986509,42.11186269999598,37.73988429999736,37.53671889999532,37.19671409999137,41.76722099998733,41.058162600005744,35.982743900007335,36.28090389999852,37.47631399999955,38.921180199991795,37.68740219999745,38.042816400004085,,,,,,,,,,,,,1,3
8832,213,0.15566037735849056,0.28205128205128205,0.28205128205128205,55,195,55,0.46226415094339623,0.10377358490566038,0.1509462213462201,0.1367939140818978,3,212,2.0591808868169696,3.721374045801527,0.22169811320754718,6798,12510,6796,12493,12619,12604,7669,13663,11719,7777,13663,11719,71633560,72621720,71632696,72623608,72640792,72643096,76595512,77647864,83947720,76702216,77732104,83947720,270028372,271606116,270068212,271648028,271552460,271553476,291210868,292882116,321449080,291429770,293068602,321449082,22.353580700000748,22.973984699998255,22.250233499999013,22.656844299999648,24.83813680000094,24.851402500000404,22.743805400001293,24.882146899999498,24.57177949999823,22.632845199997973,25.13890850000098,24.402119200000016,7.347300000522713,7.944433333250345,7.143633333422865,7.836983333618264,8.963766666662801,8.674366666430918,7.874816666420277,7.820266666385578,7.850466667150613,7.5301333332996965,8.381749999898602,7.628800000020419,3,3
8833,401,0.1475,0.16272189349112426,0.16272189349112426,55,338,55,0.475,0.095,0.1650020050321473,0.14000215747510084,3,400,2.1002881044877566,3.9858490566037736,0.255,7933,16027,7936,16232,16184,16386,8533,16849,11719,8371,16849,11719,94823640,96929496,94820376,96264536,96957016,96304600,99205960,101369416,103146664,97945384,99431464,103146664,358015362,360968386,357966122,360277514,360819946,360187962,376192770,379226530,392753898,371131348,373503748,392753900,29.57715129999997,30.58748480000213,29.86117060000106,30.527029400000174,33.30046130000119,33.632179899999755,29.501989199998206,31.439331399997172,30.125041299994336,32.06367339999997,30.60203470000124,30.859454099998402,,,,,,,,,,,,,1,3
8835,203,0.1188118811881188,0.29891304347826086,0.29891304347826086,55,184,55,0.46534653465346537,0.0891089108910891,0.1930718183699571,0.14356656750032476,3,202,2.106644521861594,3.6363636363636362,0.26732673267326734,7035,11821,7038,12196,11917,12289,7993,13015,11719,7831,13015,11719,68628136,69516968,68625064,69239016,69527944,69255880,74612200,75522856,79841992,72322600,72915304,79841992,259638385,261028049,259442937,260588457,260882113,260644625,284403985,285839937,306016165,273434559,274561471,306016367,21.51354969991371,21.829963500029407,21.58103680005297,22.24892300006468,24.094386400072835,24.7830457999371,22.097131000016816,24.1577324999962,23.308034099987708,21.096369500039145,22.321542499936186,23.120777099975385,,,,,,,,,,,,,1,3
8837,193,0.20833333333333334,0.31976744186046513,0.31976744186046513,55,172,55,0.4583333333333333,0.125,0.18229399225310772,0.15104391371642123,3,192,2.1423502278541298,3.739130434782609,0.2604166666666667,1630,1723,1622,1524,1716,1525,2601,2641,6121,2775,2509,6119,5026688,5022752,5025600,5009920,5021632,5009824,7060584,7056744,11717544,7581576,7539016,11716584,18455907,18462299,18449523,18423651,18460451,18428075,27285734,27285959,46247307,29535671,29465503,46206916,1.2696174000157043,1.2776643999386579,1.2766201000194997,1.2850964000681415,1.2925426999572664,1.3029333000304177,1.820469200029038,1.816195800085552,3.211629100027494,2.1126592999789864,2.038031299947761,3.0272067000623792,,,,,,,,,,,,,4,6
8839,401,0.1425,0.17295597484276728,0.17295597484276728,55,318,55,0.4325,0.1,0.1125022319931304,0.17750223257171455,3,400,2.085644945184608,3.965087281795511,0.2425,7825,19108,7832,19634,19331,19850,8587,20251,11719,8209,20251,11719,113880080,115713840,113884208,116035568,115754416,116070352,120165304,122043640,124118536,116937832,119128936,124118536,430160101,433160157,430164973,433536381,433245925,433615893,456584509,459668877,474011277,441060431,444496607,474011215,41.02907879999839,41.445496000000276,42.750881600004504,43.050868499994976,43.387969699993846,42.30249519999779,40.003707900003064,44.36611660000926,42.27915360000043,39.78967689999263,40.070406800005,42.17698790000577,8.648166665807366,9.58833333424991,9.030616662736671,9.501633331334839,14.218383332869658,11.962216665172795,8.920916666587194,9.911100001772866,8.829399996708768,8.905516668164637,9.625816664386852,8.858116666184893,1,1
8845,202,0.13930348258706468,0.3216374269005848,0.3216374269005848,55,171,55,0.43283582089552236,0.09950248756218906,0.13930502497771782,0.15920597442022677,3,201,1.986936040733805,3.5924369747899156,0.1890547263681592,5756,8772,5751,8732,8831,8796,6451,9651,10451,6969,10037,10453,46100472,46630136,46100376,46697080,46642456,46708600,49468920,50044920,57042120,51698504,52339144,57043272,173513526,174354822,173512862,174417670,174490366,174552870,188158382,189065262,220360074,197746956,198704804,220034268,13.527831099927425,13.90859729994554,13.73864280001726,13.80899600009434,14.011312399990857,14.443943400052376,14.275074299890548,15.044127599918284,16.083544499939308,15.007768399897031,15.235284200054593,15.678940099896863,,,,,,,,,,,,,3,3
8850,213,0.1320754716981132,0.29411764705882354,0.29411764705882354,55,187,55,0.4481132075471698,0.08018867924528301,0.1745305534469772,0.1603793224368139,3,212,2.065892236383816,3.6956521739130435,0.24056603773584906,6852,12590,6851,12878,12702,12991,7777,13879,11719,7831,13879,11719,72663360,73444736,72658368,73084704,73452416,73100096,79117960,79949128,85440712,77346328,77761048,85440712,273449828,274820756,273536956,274584884,274819668,274498108,301141072,302599696,328200560,293486854,294525558,328200498,24.443609899957664,24.2907436999958,23.70723870000802,24.180154300061986,26.149563000071794,25.96063680003863,24.750700500095263,25.296464400016703,26.321375000057742,23.53312390006613,26.72741159994621,25.313659799983725,,,,,,,,,,,,,3,3
8863,111,0.16363636363636364,0.45081967213114754,0.4262295081967213,55,122,52,0.4,0.10909090909090909,0.090910505249419,0.2090928701641546,3,110,2.159782350833594,3.91025641025641,0.2909090909090909,1030,920,1046,1296,928,1288,1648,1432,4024,1666,1962,4034,2835328,2795712,2838208,2862656,2796416,2860096,4070448,4001328,6255072,3962976,3989024,6257568,10392166,10340422,10393174,10443933,10343430,10444518,15743510,15651286,24286902,15210222,15266638,24267207,0.7368769999593496,0.7149010999128222,0.7758977999910712,0.7640376999042928,0.7406249000923708,0.7187212000135332,1.013260000036098,1.174633500049822,1.6936449999921024,1.1177490999689326,1.1044539000140503,1.692381100030616,2.798966675375899,2.952916683473935,2.598749997559935,2.7741833473555744,2.6170166675001383,2.771699995112916,3.2703833227666714,4.14764997549355,4.160316680402805,3.6038166532913842,3.6679000089255474,5.201066669542342,2,2
8865,184,0.1092896174863388,0.3216374269005848,0.3216374269005848,55,171,55,0.4262295081967213,0.08196721311475409,0.14207935959222864,0.09836317908751671,3,183,2.161055170898348,3.6228813559322033,0.3114754098360656,6383,11726,6373,10942,11816,11042,7183,12583,11719,7723,12583,11719,63920296,64579464,63921672,64747944,64595944,64760264,67056088,67721368,77322568,71864248,72754168,77322568,240934546,242149210,240789170,242087306,242010090,242092314,253221962,254448394,297962006,274999656,276391816,297962008,21.10579350000262,22.51246600000013,22.115831300001446,21.948293500001455,22.777887600001122,22.765492200000153,21.03302479999911,24.482216899999912,23.787211599999864,23.42798279999988,24.47174240000095,24.452797900001315,,,,,,,,,,,,,3,1
8871,197,0.17346938775510204,0.3216374269005848,0.3216374269005848,55,171,55,0.46938775510204084,0.11224489795918367,0.15306357986992225,0.12755321979175835,3,196,2.1328632917358292,3.577405857740586,0.27040816326530615,6275,10899,6266,10377,10983,10470,6969,11805,10869,7437,11805,10869,57659352,58188600,57654456,57899288,58193240,57909848,61456616,62005736,70096520,64538760,64780040,70096520,216383126,217395830,216341646,217012230,217391702,217052270,232872834,233927394,270170122,246625008,247319080,270170124,19.96677699999418,17.71469670010265,17.55570310004987,17.932264099945314,19.944510200060904,19.980898699956015,19.663371699978597,18.606621699989773,20.28444100008346,19.255194899975322,19.860654100077227,19.849317700020038,,,,,,,,,,,,,3,3
8892,184,0.18032786885245902,0.3160919540229885,0.3160919540229885,55,174,55,0.4426229508196721,0.12021857923497267,0.11475670606004776,0.15847204919507513,3,183,2.12261892132389,3.766233766233766,0.23497267759562843,5584,10038,5571,9182,10114,9271,6589,11395,10639,6616,10340,10634,51096464,51867664,51089776,51394192,51873840,51409872,56376616,57223336,63683896,55918144,56220768,63685624,192482361,193719097,192463777,193141945,193649497,193095617,214717665,216066641,245757665,212921451,213609635,245866123,15.764133300050162,17.096532299998216,15.532889700029045,15.616053499979898,16.356785399955697,16.005646799923852,18.41682090004906,18.30968629999552,18.764698200044222,16.10022610006854,16.75595660007093,17.846834300085902,,,,,,,,,,,,,3,3
8914,184,0.15300546448087432,0.3016759776536313,0.29608938547486036,54,179,53,0.4918032786885246,0.09836065573770492,0.19672341498195148,0.15847246998875233,3,183,2.0457243734065327,3.8577586206896552,0.22404371584699453,6014,8940,6006,8382,8989,8439,6865,9829,11077,7421,10018,11078,45437752,46120440,45433336,45802360,46127576,45815576,49463752,50150984,59322536,53768904,54147112,59318216,171321733,172309701,171342421,171955989,172202733,171831669,187825429,188821877,231120917,208256295,208902095,231200223,13.060325599999487,13.309419799999887,13.3769375999982,13.344258400000399,15.108461700001499,14.509393000000273,15.044691099999909,15.122985800000606,16.686958700000105,17.10082490000059,16.82260309999765,16.157959799998935,,,,,,,,,,,,,3,3
8933,206,0.17073170731707318,0.3055555555555556,0.3,55,180,54,0.44390243902439025,0.08780487804878048,0.13658739686034982,0.14634305014411306,3,205,2.016075378103123,3.7037037037037037,0.1951219512195122,5706,9608,5701,9481,9684,9562,6838,11131,11078,6969,10921,11077,50150056,50889256,50150088,50912520,50905192,50928104,56867496,57693448,65690088,56542408,57371080,65694408,190302383,191446127,190255607,191409111,191195599,191205375,218928555,220199699,257116579,217163369,218400937,257026845,15.56878960004542,15.957425800035708,15.52225699997507,15.874246999970637,17.362868300057016,17.301166300079785,17.327144700102508,17.553759899921715,20.15917209989857,17.062672999920323,17.973655700101517,19.612106800079346,,,,,,,,,,,,,3,1
8936,182,0.1712707182320442,0.30726256983240224,0.30726256983240224,55,179,55,0.48066298342541436,0.143646408839779,0.15469876647468925,0.14364920673089215,3,181,2.1560116423872504,3.824786324786325,0.2430939226519337,6630,11728,6626,10949,11818,11043,7561,12637,11503,7633,12403,11502,63029880,63989112,63033592,64310584,64015544,64328152,66852184,67800856,75914248,70264200,71665096,75913576,238459758,239950990,238427678,240159926,239828862,240062694,253752414,255230846,293313122,269696196,271598836,293206300,19.45206080004573,20.090747299953364,19.528262400068343,19.63990870001726,21.820672699948773,22.56782750005368,19.38337000005413,21.516152700060047,22.524477700004354,22.30766350007616,22.910704800044186,22.324669099994935,7.277983318393429,7.2955500218085945,6.953666685149074,7.535949989687651,9.302949998527765,9.656249991773317,7.261449994985014,7.576033317794402,7.706233319671203,7.835516667303939,7.912983322360864,7.551299990154803,3,1
8950,395,0.12944162436548223,0.16516516516516516,0.16516516516516516,55,333,55,0.467005076142132,0.1065989847715736,0.15228645594112178,0.18020477202876947,3,394,2.115743727207009,3.973747016706444,0.24619289340101522,7597,18938,7596,19178,19153,19394,8209,19873,11719,8263,19873,11719,112624936,115122024,112623496,114509896,115157256,114557064,117254920,119801992,121715752,115804696,117707224,121715752,426233009,429910505,426231417,429323017,430115834,429534465,443214733,446975805,463430789,437098067,440208707,463430735,37.882147999989684,38.66866150000715,38.53352340000856,39.15625149999687,42.83236840000609,47.42067999999563,38.224101300002076,38.886668000006466,38.32011749999947,36.92207330001111,36.993225599988364,37.70875990000786,,,,,,,,,,,,,3,3
8954,107,0.1509433962264151,0.4700854700854701,0.42735042735042733,55,117,50,0.39622641509433965,0.10377358490566038,0.15094629220031905,0.16037982373656529,3,106,2.0656593778898777,3.926174496644295,0.2169811320754717,4493,7228,4488,7175,7287,7239,5489,8625,10634,6319,9505,10639,34923544,35470424,34919352,35231992,35477784,35245272,40042144,40692864,53207464,44452984,44850424,53205736,131036546,131868778,131099114,131687522,131906466,131666050,153437658,154415482,210560578,173645740,174370724,210930516,12.086380299995653,12.975261899991892,14.204503400018439,13.96013290004339,13.270057000103407,12.841191500076093,14.432108699926175,14.802802099962719,18.992421900038607,16.75382800004445,17.110811199992895,18.95649010001216,5.94384999324878,19.21868333981062,6.311083328910172,6.866783311124891,11.362666671629995,8.658616648366054,8.409999990059683,11.392883335550627,7.329783305370559,7.948033317613105,7.300433334118376,7.162699999753386,3,3
8958,206,0.13170731707317074,0.3503184713375796,0.3503184713375796,55,157,55,0.44878048780487806,0.03414634146341464,0.21951430141017203,0.12195362239258319,3,205,2.0516736129452737,3.4279475982532754,0.3170731707317073,5750,8764,5746,8444,8818,8502,6859,9991,11287,6813,9621,11285,47291280,47508304,47293488,47686640,47516752,47691184,52020760,52266136,59449000,51994280,52433576,59452744,177499411,178026451,177539555,178214067,177899043,178043395,197258655,197826303,228566227,197481217,198213305,228915997,14.521980099962093,15.820076000061817,15.659647600026801,15.892673900001682,14.726218400057405,14.672112499945797,16.696893500047736,17.12754000001587,17.877889499999583,14.985688399989158,16.49590400001034,17.639550199965015,,,,,,,,,,,,,3,1
8962,387,0.13730569948186527,0.17684887459807075,0.17684887459807075,55,311,55,0.43005181347150256,0.10880829015544041,0.14508003436892722,0.13989900207506503,3,386,2.0500860709470423,3.9070351758793973,0.23575129533678757,7454,12099,7460,12527,12198,12620,8061,12897,11285,8047,13393,11287,69734264,70075384,69737720,70323128,70086936,70330008,74006920,74364680,79288456,74231176,74854984,79284712,262408223,263229047,262412191,263521239,263079295,263366303,280617283,281474659,303310371,280830233,282006753,303518293,25.30669399999897,22.456409500002337,21.19673669999611,21.47463090000383,25.169700899998134,22.71102560000145,20.575666100005037,22.85572510000202,24.74433599999611,23.489170099994226,24.243363800000225,24.54741269999795,,,,,,,,,,,,,1,1
8971,198,0.1116751269035533,0.28350515463917525,0.28350515463917525,55,194,55,0.4365482233502538,0.1065989847715736,0.162438972415828,0.15228676440331348,3,197,2.1370905426052476,3.83399209486166,0.25888324873096447,7017,12783,7018,12627,12893,12736,7939,13825,11287,7593,13313,11285,72323912,73011336,72325352,73264584,73030088,73278248,77344168,78082024,81710824,75388456,76363560,81714568,272838208,274123200,272980824,274508832,274292336,274527800,293851388,295199388,311447488,284437934,286013470,311943506,22.420381899995846,23.059050900003058,22.85411490000115,23.093176099995617,25.4003792999938,25.389750000002095,25.44035939999594,23.616881599999033,23.691953099994862,22.130042400000093,24.75170470000012,23.59449859999586,,,,,,,,,,,,,1,1
8972,192,0.1099476439790576,0.27918781725888325,0.27918781725888325,55,197,55,0.43455497382198954,0.07329842931937172,0.15707063994672715,0.1937196954441164,3,191,2.044798414257223,3.832684824902724,0.2513089005235602,4296,6362,4301,6492,6409,6534,5877,8061,10661,5509,7906,10660,32237128,32503144,32236744,32414792,32506792,32419944,38405224,38673128,47023912,36913912,37099960,47023336,120724301,121205964,120703844,121109276,121215748,121141484,148097716,148592844,183910036,141105566,141540422,183843630,9.845247499994002,10.84809999994468,10.552057499997318,10.805470499908552,9.78939419996459,9.793769099982455,12.450797800091095,11.677817599964328,13.745855699991807,11.199575000093319,11.587819700012915,14.054897499969229,,,,,,,,,,,,,1,3
8988,187,0.15591397849462366,0.2972972972972973,0.2972972972972973,55,185,55,0.43548387096774194,0.08064516129032258,0.13441108703057492,0.1505395431229244,3,186,2.170585948225714,3.7,0.3225806451612903,5417,8758,5409,8436,8821,8507,6325,9946,11068,7129,10531,11071,44460480,44757504,44462432,44902080,44767648,44908544,48914824,49244488,61261720,53783752,54331528,61258648,166858270,167502006,166873998,167631526,167515310,167626110,186428466,187133946,240273274,208819656,209724312,240521132,14.842939399997704,14.085477000000537,14.967760999999882,14.175160400001914,15.434762400000182,15.328738600001088,15.165761700001894,15.494647800001985,18.696110200002295,17.254950600003212,20.624090799999976,21.497998099999677,,,,,,,,,,,,,3,1
8989,205,0.12745098039215685,0.3021978021978022,0.29120879120879123,55,182,53,0.45098039215686275,0.06372549019607843,0.15686500811716542,0.13725716673070565,3,204,2.0540313550981355,3.5686274509803924,0.2696078431372549,6541,10982,6548,11384,11075,11470,7489,11961,10869,7125,11961,10869,62552200,63206408,62553608,63352328,63221768,63365320,66851720,67527304,70421000,64485928,65284648,70421000,236444003,237557643,236555387,237856731,237568371,237754155,254714255,255852495,269059535,243597725,244899069,269059537,19.300499599998147,19.820438299997477,19.626646599997912,19.668267099998047,21.736740200001805,22.13731800000096,20.098458100001153,21.93455040000117,21.526054099998873,19.145197000001644,19.215729399998963,20.74932709999848,7.112783333165377,7.144049999624258,7.126383333040091,7.2686833336774725,8.428533332941393,8.682383334113789,7.423283332779344,7.548199999898013,7.676983333415896,7.08564999937759,7.7652666665623356,7.4687166658501765,1,1
8994,194,0.13989637305699482,0.32934131736526945,0.32934131736526945,55,167,55,0.44041450777202074,0.12953367875647667,0.1295363085460246,0.13989916373251748,3,193,2.1304954093858397,3.6622807017543857,0.23316062176165803,1558,1494,1581,2148,1513,2144,2431,2311,5311,2553,3389,5325,5097720,5073912,5101592,5173432,5076504,5172024,7457400,7415160,11855400,7612168,7726216,11856584,18802867,18771907,18800673,18930323,18775611,18936691,28990883,28935715,47181237,29858295,30058959,47194791,1.2783524000005855,1.2401872999998886,1.2644995000009658,1.2484585999991396,1.340720300000612,1.2913674999999785,2.0532917999989877,1.9129616000009264,3.0550254000008863,1.9059333999994124,2.117090100000496,3.1582791000000725,,,,,,,,,,,,,2,2
8999,185,0.15760869565217392,0.3160919540229885,0.3160919540229885,55,174,55,0.44021739130434784,0.14673913043478262,0.11956814262616124,0.1250027564756633,3,184,2.1181060047527325,3.8325991189427313,0.2391304347826087,7584,10969,7580,10833,11030,10898,8155,11665,11719,8371,11665,11719,63054456,63163512,63057048,63469976,63171320,63472280,66600328,66724744,71887144,67443592,67865224,71887144,236907259,237361139,236877131,237627987,237393163,237685211,251363927,251846215,273756511,255073045,255836597,273756241,19.479536800063215,19.25712509988807,19.47510839998722,19.587591799907386,21.388428700040095,21.71236550004687,19.82911800011061,21.07076919998508,20.45166770007927,19.355535099981353,20.17303449998144,20.168198699946515,,,,,,,,,,,,,3,1
9009,193,0.14583333333333334,0.3021978021978022,0.3021978021978022,55,182,55,0.4375,0.11458333333333333,0.14062819978425978,0.1250032783318602,3,192,2.138265370943154,3.8235294117647056,0.2760416666666667,6161,11520,6174,12284,11642,12393,7669,13555,11719,6967,13555,11719,65920776,66292488,65930280,67182952,66317896,67191400,75369928,75826120,83341192,70687480,72059512,83341192,247942937,248865153,247997521,249884673,248945905,249900265,290076637,291138245,323289349,268080251,270136531,323289351,20.565150999929756,20.91040129994508,20.659434500033967,20.988406499964185,21.32422059995588,21.107960600056686,23.81363670004066,25.165791900013573,25.337101400014944,21.568975399946794,23.272557899937965,24.714537699939683,7.89531667639191,7.818016669868182,7.556066673714668,7.9186833269583685,9.399250013908992,10.201666678767651,7.854133320506662,8.650649998647472,8.004366672442606,7.613366683168957,9.667583353196582,8.02740000654012,1,1
9010,225,0.08928571428571429,0.2864583333333333,0.2864583333333333,55,192,55,0.45535714285714285,0.12053571428571429,0.12053777819112708,0.10714587736168012,3,224,2.1806297789445894,3.5294117647058822,0.28125,7545,13149,7547,13290,13256,13395,8263,13933,11719,8155,13933,11719,77612712,79130696,77608968,78718152,79152040,78747400,81363928,82943320,85464040,80496904,81649480,85464040,293188241,295292625,292951057,294652377,295135881,294740753,307538409,309711001,324857909,303819943,305568183,324857911,24.644043799999054,25.246466299999156,25.186778199997207,25.25443770000129,27.56553730000087,27.731276599999546,24.61355470000126,27.007610299999214,25.369828200000484,24.20895549999841,25.005195400000957,25.887124600001698,,,,,,,,,,,,,1,3
9011,199,0.10606060606060606,0.3055555555555556,0.3055555555555556,55,180,55,0.4444444444444444,0.1111111111111111,0.10606362913368327,0.126265114684815,3,198,2.1479055874925765,3.6585365853658534,0.2676767676767677,6703,11852,6713,12578,11963,12679,7697,12949,11285,7453,13447,11287,68932848,69790000,68933328,69604016,69802512,69619632,74327240,75139272,79670344,72715720,73391368,79666600,259889235,261274235,259852563,261129579,261217987,261111379,282403839,283754399,304685519,274637389,275932885,304893441,21.83534399990458,22.484330300008878,22.2763403999852,22.142012000083923,24.32645249995403,24.696560600074008,22.724393100012094,23.924959300085902,24.398087700014003,21.886490200064145,23.411861200002022,23.778862399980426,7.368683329938601,7.837449995956073,7.278466655407101,10.3139333659783,9.445600017594794,9.370600009181848,7.823316652017335,8.327149999483177,7.807733316440136,7.467016655330856,8.876233322856327,8.086099987849593,1,1
9015,378,0.1724137931034483,0.19784172661870503,0.19784172661870503,55,278,55,0.46153846153846156,0.08488063660477453,0.14854295683014318,0.13262824204920814,3,377,2.1407407521641897,3.8397790055248615,0.29442970822281167,7676,14388,7678,14468,14518,14596,8061,14717,10869,7957,14717,10869,83576240,84416240,83577392,84462128,84433328,84478256,85081256,85919912,86709896,84609512,85498088,86709896,316082160,317612848,316083584,317667056,317513224,317566320,320894388,322417988,326932544,318300238,319884430,326932546,26.38993869999831,27.037158400002227,26.640626899999916,26.880446699993627,28.263434100001177,29.571634300002188,25.405970899999375,25.39951889999793,25.895276799994463,27.855903200004832,25.476674400000775,25.98849170000176,,,,,,,,,,,,,1,1
9030,218,0.1382488479262673,0.2849740932642487,0.2849740932642487,55,193,55,0.42857142857142855,0.08755760368663594,0.14285927168673015,0.09216824086910877,3,217,2.1221280387490093,3.6553030303030307,0.2672811059907834,6643,13106,6644,13504,13236,13633,7669,14635,11719,7615,14635,11719,75422072,76361176,75420664,76180600,76375768,76199256,82748488,83755912,89873032,80301208,81089176,89873032,284770899,286377051,284769611,286237755,286410979,286275699,315010695,316737399,346099859,304907609,306420473,346099861,24.039123200000176,24.41840630000297,24.739733599999454,27.722110099999554,29.71590400000059,27.21616709999944,24.606033600000956,25.739773100001912,27.49411560000226,23.998558699997375,26.039114000002883,29.014625499999966,,,,,,,,,,,,,1,3
9052,379,0.1693121693121693,0.18211920529801323,0.18211920529801323,55,302,55,0.4576719576719577,0.07936507936507936,0.13756834033558826,0.13492287774311584,3,378,2.077911677107868,3.891752577319588,0.2619047619047619,7950,18022,7951,18328,18214,18519,8479,18793,11719,8425,18793,11719,108084568,110389080,108080248,109694200,110418872,109737752,112147384,114499192,115183912,110270344,111879112,115183912,408809131,412167035,408804931,411503995,412180315,411531059,424151815,427582231,436290051,416146969,418840025,436289997,42.49489900000481,37.01345730000321,35.97427919999609,36.25782949999848,40.17757960000017,40.1048021999959,35.621452799998224,35.45027440000558,35.91174120000505,37.88318580000487,34.84604300000501,34.34162469999865,8.195599999453407,9.32693333258309,8.128983334851606,8.91668333376098,10.858016667043557,11.214483331665784,8.413733333630566,9.055366668083783,8.623300000181189,8.35473333184685,9.002599999803351,8.48391666659154,1,3
9060,184,0.15300546448087432,0.3125,0.3125,55,176,55,0.44808743169398907,0.09289617486338798,0.10382749482256468,0.12568516687673256,3,183,1.9942489131911216,3.793103448275862,0.20218579234972678,6655,11830,6662,12498,11939,12600,7885,13393,11719,7507,13393,11719,68255368,68742664,68259208,69125768,68758984,69135112,76480168,76984744,82151464,72391288,73272568,82151464,257912540,258935508,257953540,259425252,259106124,259551268,294242008,295316872,317643364,274564962,276056594,317643366,22.011896900017746,22.49504079995677,21.92032310005743,22.096898900112137,21.948060899972916,22.3445042000385,24.547805899986997,25.352876999997534,25.415641200030223,21.823281499906443,22.170305200037546,24.27980410004966,7.225699975000073,7.398700011738886,6.937483345003177,9.03338335532074,8.83465000273039,10.006816669677695,7.4607333323607845,7.815399983276924,7.768833330677202,7.6666499953717,8.596316659046957,7.931983331218362,1,1
9065,195,0.13402061855670103,0.32934131736526945,0.32335329341317365,55,167,54,0.39690721649484534,0.09278350515463918,0.23196051330977724,0.13402244949127673,3,194,2.0534295002615335,3.5836909871244633,0.22164948453608246,5503,9228,5499,9218,9304,9298,6478,10558,11068,7075,11179,11071,47670248,48177576,47670632,48247528,48189256,48258376,53537872,54091120,65139352,56769304,57400024,65136280,179648860,180540276,179550092,180512548,180498580,180568228,205243292,206217532,255167396,218633998,219690318,254869342,14.616165600018576,14.62671710003633,14.491872500046156,14.952534699928947,14.888036799966358,15.065614499966614,16.40922810009215,16.301187700009905,19.127892299904488,18.321560099953786,18.491339699947275,19.461318799993023,,,,,,,,,,,,,3,1
9076,388,0.14987080103359174,0.17684887459807075,0.17684887459807075,55,311,55,0.4754521963824289,0.06459948320413436,0.13953738996412518,0.17829695791222674,3,387,2.0578476342500687,3.9070351758793973,0.25839793281653745,7306,13854,7300,13406,13972,13530,7939,14635,11719,8263,14635,11719,78243984,79116560,78245424,79550768,79141392,79567344,82035256,82930360,89779720,84792280,86133208,89779720,296499488,298046480,296772528,298717520,298032512,298416720,310229172,311814180,344048472,323017302,325025382,344048530,24.241806600010023,25.226129400005448,28.033843700002762,26.054478699996253,27.561054000005242,27.91543239999737,24.92224869999336,27.191104199999245,27.623284699991927,26.125103500002297,28.17244049999863,28.184508899998036,,,,,,,,,,,,,3,1
9085,194,0.15544041450777202,0.291005291005291,0.2804232804232804,55,189,53,0.45595854922279794,0.09326424870466321,0.15026153717672577,0.18653065251871712,3,193,2.170820876004301,3.7649402390438245,0.3160621761658031,6289,10349,6287,10289,10429,10371,7177,11441,10869,7281,11441,10869,55683288,56080568,55682328,56051704,56087576,56059544,60957416,61365096,67954952,61314344,61678760,67954952,209576040,210389432,209382184,210162584,210241784,210208360,231623916,232469036,261279956,233328738,234120666,261280102,17.087101600001915,17.100565699998697,17.01446179999766,16.937858600002073,18.94061800000054,19.05636599999707,17.267165199999,17.577252399998542,18.732084000002942,17.401920999996946,18.187739600005443,18.79554939999798,,,,,,,,,,,,,3,3
9101,399,0.12814070351758794,0.17973856209150327,0.17973856209150327,55,306,55,0.44221105527638194,0.0678391959798995,0.15829389471029534,0.1381931966334469,3,398,2.0197938451744926,3.9030612244897958,0.24874371859296482,6893,14580,6880,14052,14712,14197,7453,15283,11287,7853,14717,11285,83049816,83786040,83053624,84203448,83807448,84217272,86009224,86755720,90314536,85983144,87096360,90318280,313575999,315101823,313486359,315380663,315085271,315445823,325272863,326823791,341783203,324189565,326015277,341548981,27.194153000004007,27.715866300000926,27.56016599999566,27.72584069998993,30.720761999997194,30.695705100006307,27.687769500000286,28.19840409999597,27.14179010000953,27.301607100002002,27.531021199989482,27.133193100002245,,,,,,,,,,,,,3,1
9105,200,0.1507537688442211,0.3016759776536313,0.30726256983240224,54,179,55,0.5025125628140703,0.135678391959799,0.13568025416853702,0.10050491091617425,3,199,2.200889709162342,3.6983471074380168,0.2613065326633166,6990,11848,7001,12565,11955,12661,8209,13393,11503,7474,13145,11502,68826368,69774784,68824064,69531872,69788128,69550816,76964440,77987416,80722408,71206752,71913984,80721736,260166924,261626028,260070900,261356148,261691108,261524020,295973916,297541740,310865544,268480282,269776138,310759138,21.620805800001108,21.744730099999288,22.161263600002712,21.580542100000457,23.61751639999784,23.608886599999096,22.758933199998864,23.03975899999932,23.188799100000324,20.867281799997727,23.132142999998905,23.138483200000337,,,,,,,,,,,,,1,3
9120,212,0.16113744075829384,0.2956989247311828,0.2956989247311828,55,186,55,0.4265402843601896,0.08530805687203792,0.11848510054416814,0.14218206916962225,3,211,1.8656498017394054,3.765182186234818,0.17535545023696683,5900,9194,5908,10018,9264,10080,7183,10531,11719,6751,10531,11719,55214176,56006624,55210016,55649504,56013472,55664480,61542040,62350744,64958728,56475544,56845336,64958728,207941926,209075822,207768566,208631766,208905470,208639462,235759102,236914814,248070474,211472932,212232196,248070348,18.5854664999988,21.174081200000728,21.733068500001536,22.03147050000007,20.851298400000815,21.398132399999668,22.47376930000064,22.73580260000017,27.44991200000004,19.809861899999305,21.851001600000018,21.135898099999395,7.253383333287881,7.48238333350552,9.55333333301193,7.999466666357573,9.504183333471397,9.813966666721777,10.047783333296442,17.596199999995104,7.317000000208888,7.801766666489129,7.412750000185042,8.173399999880834,1,3
9122,402,0.11970074812967581,0.14945652173913043,0.14945652173913043,55,368,55,0.44389027431421446,0.08728179551122195,0.16209718035684986,0.1296778493061513,3,401,2.0656951978469573,4.052863436123348,0.22443890274314215,7814,20464,7816,20784,20706,21024,8425,21385,11719,8317,21385,11719,122434696,125216584,122430952,124609192,125257224,124661928,127169320,130017064,131046952,125212360,127406920,131046952,464575550,468674238,464571966,468100126,468730758,468168414,481354894,485552046,496621534,472342816,475897696,496621480,42.10777089999465,42.49499399999331,42.26285850000568,42.31585169999744,43.668690300008166,46.2359451999946,40.40263129999221,42.029785699996864,41.01667989999987,41.18823369999882,40.02588030000334,40.0940311000013,,,,,,,,,,,,,1,3
9124,220,0.1232876712328767,0.26066350710900477,0.26066350710900477,55,211,55,0.3926940639269406,0.1232876712328767,0.12785613381507974,0.10502619783024061,3,219,2.1337637129857923,3.8503649635036497,0.2237442922374429,6348,10176,6354,10982,10262,11062,7527,11767,11502,7345,11989,11503,57975080,58792776,57974312,58758184,58807752,58775688,66025896,66953608,72250216,62329576,63138280,72250888,217936793,219151977,217965209,219230265,219226041,219277561,253299513,254667417,279479817,236927547,238219235,279574875,17.332162300001073,17.47881220000272,17.367896499999915,17.469280500001332,17.594986700001755,17.87796779999917,20.975176699997974,19.62998620000144,19.808743000001414,17.629311100004998,18.173485999999684,19.850959800001874,,,,,,,,,,,,,1,3
9131,387,0.12435233160621761,0.16129032258064516,0.16129032258064516,55,341,55,0.4792746113989637,0.11917098445595854,0.13471738098507718,0.1865303352025188,3,386,2.1221714396231355,3.9836448598130842,0.26424870466321243,7435,20322,7426,19378,20559,19624,7939,21223,11719,8425,21223,11719,113615776,115727776,113615296,116067392,115776384,116108064,118119352,120315640,129577288,123900808,126525640,129577288,430670282,434118962,430734802,434427602,434118362,434353186,448665338,452239706,499486406,475774016,479727536,499486408,40.21853289999126,40.29891840000346,39.846429900004296,40.68505759999971,43.55980980000459,43.806893000000855,39.267133899993496,42.09844509999675,41.91065679999883,42.41896760000964,45.23329749998811,42.96568410001055,,,,,,,,,,,,,3,3
9134,226,0.1288888888888889,0.25943396226415094,0.25943396226415094,55,212,55,0.4533333333333333,0.08,0.13333539254963397,0.1600021225400269,3,225,2.079862694136798,3.799283154121864,0.25333333333333335,6715,13211,6716,13020,13336,13144,7777,14473,11719,7723,14473,11719,73297544,74133192,73302344,74579528,74159080,74594824,79702888,80528872,88776616,80846824,82244776,88776616,277071581,278582429,276816485,278755797,278301029,278719477,303945429,305467413,343647857,308895051,311001619,343647859,23.052785400002904,23.156004600001324,23.08480889999919,23.042915600002743,25.745609899997362,25.949183699995046,23.60485499999777,24.75191199999972,26.400615099999413,23.921980799997982,24.853545800004213,26.323494700001902,,,,,,,,,,,,,1,1
9139,378,0.14058355437665782,0.20072992700729927,0.20072992700729927,55,274,55,0.4535809018567639,0.07957559681697612,0.14323803972433116,0.11406104800610035,3,377,2.087551314662318,3.795013850415512,0.26525198938992045,8247,18037,8248,18076,18218,18256,8641,18361,11719,8587,18361,11719,108871048,111311080,108871624,111333448,111356584,111378472,110373160,112804456,112291240,110133832,112591048,112291240,412802901,416268437,412803533,416294861,416426781,416452621,416229285,419678853,423147197,415003007,418484111,423147199,37.2871976000024,37.792524400007096,37.56245080000372,37.978057299987995,41.843087799992645,41.845562600006815,35.491653400007635,35.77779040001042,34.926124099991284,37.922213400001056,36.09844489999523,34.66636450000806,,,,,,,,,,,,,1,1
9146,364,0.1349862258953168,0.16467065868263472,0.16467065868263472,55,334,55,0.4325068870523416,0.08539944903581267,0.1487624138605219,0.15151739868235367,3,363,2.1074724935105182,3.957345971563981,0.27823691460055094,7389,21254,7384,20840,21510,21101,7993,22087,11719,8263,22087,11719,123174888,126052200,123176040,125997864,126105480,126051336,127062184,129949672,134896072,129602776,132479896,134896072,466487877,470802109,466371469,470585421,470904157,470806709,481768633,486116905,515932853,492758083,497065547,515932855,55.260593999992125,49.16871949999768,48.39757019998797,48.92824429999746,56.556393300008494,59.560275200012256,52.56167629999982,51.96547099998861,51.66734259999066,48.08810999999696,47.1877414000046,46.24827640000149,,,,,,,,,,,,,3,1
9151,394,0.1450381679389313,0.16516516516516516,0.16516516516516516,55,333,55,0.5012722646310432,0.13486005089058525,0.17811920314508256,0.16794120574917445,3,393,2.1644814673770463,3.9642857142857144,0.25190839694656486,7594,15852,7599,16302,16015,16460,8371,16903,11719,8101,16903,11719,94792680,96472488,94786632,95787720,96491144,95820392,100065208,101829496,103916488,97296520,98303944,103916488,357014824,359553128,357009184,358915160,359580480,358956008,378302904,380954232,393619828,366551366,368473910,393619894,29.872473300005367,30.72651329999644,30.53927260000637,30.99247949999699,33.963881700001366,34.13770029999432,30.448399100001552,32.673240299998724,31.747615399995993,29.49408250000124,30.851599699999497,30.436837499997637,,,,,,,,,,,,,1,3
9155,369,0.16576086956521738,0.1950354609929078,0.1950354609929078,55,282,55,0.46195652173913043,0.07880434782608696,0.1331546399811961,0.13858946340674858,3,368,2.0625797552289615,3.8005390835579513,0.2608695652173913,7146,16112,7142,15479,16276,15647,7885,16957,11287,7801,16329,11285,90791144,91947752,90789896,92173544,91974728,92196008,94723096,95936152,100086376,94935880,96338632,100090120,343094891,345182475,342937179,345183459,344958971,345113475,358525099,360680267,381749223,359507617,361792929,381485457,29.04454899999837,29.889612799990573,30.035407399991527,30.871459300004062,33.4345014999999,32.59481720000622,29.001316900001257,32.16589679999743,30.60239420000289,29.43412089999765,30.113386199998786,32.20613880000019,,,,,,,,,,,,,3,3
9156,203,0.14356435643564355,0.29120879120879123,0.3021978021978022,53,182,55,0.5198019801980198,0.0891089108910891,0.13861599750240508,0.18812102087805657,3,202,2.0938515308631667,3.7142857142857144,0.24752475247524752,6088,11549,6076,10519,11643,10625,7021,12745,11287,7385,12273,11285,59474176,60412320,59467456,59821408,60419552,59839712,64545304,65533720,75510760,68235752,68611816,75514504,223717200,225221896,223704960,224515416,225351896,224663880,245479736,247062168,294192008,263177810,264056594,293983514,18.105696899998293,19.027743999999075,18.81745669999873,18.997404200003075,20.73504899999898,20.52417890000288,18.932155299997248,21.47497579999981,22.626251599998795,22.208755899999232,20.99537440000131,22.56425820000004,,,,,,,,,,,,,3,3
9158,187,0.10752688172043011,0.3160919540229885,0.3103448275862069,55,174,54,0.46236559139784944,0.08064516129032258,0.15054068714755797,0.17204467367546092,3,186,2.1645565957459794,3.702127659574468,0.3225806451612903,6435,12532,6443,12851,12658,12969,7345,13363,11068,7345,14149,11071,70618352,71231632,70619856,71326224,71245264,71337488,74417680,74992144,82126024,76824040,77560168,82122952,266561337,267803153,266609705,267978057,267849601,267974609,281709521,282904465,315101905,292941931,294381227,314725963,23.069106800001464,23.39206070000364,22.824551499994413,23.497553000001062,27.220957000005,25.70536130000255,24.18497639999987,26.583229999996547,24.763230999997177,22.93273049999698,25.12664589999622,24.773084500004188,,,,,,,,,,,,,1,1
9163,387,0.14248704663212436,0.18092105263157895,0.18092105263157895,55,304,55,0.4792746113989637,0.15025906735751296,0.13989837221087106,0.13212658882073555,3,386,2.1105833841311346,3.937823834196891,0.22020725388601037,8220,17164,8219,17390,17335,17562,8269,17213,11285,8641,17875,11287,102477224,104484008,102466856,103289096,104499272,103327688,102485864,104492648,105503944,105033640,105857896,105500200,387320719,390258303,387427191,389193615,390170031,389017775,384497343,387435039,396583711,395273369,397048633,395957449,32.72041279998666,33.06550399999833,33.50534879999759,32.997374999991735,36.11694590000843,36.41369470000791,30.582504399993923,30.875843399990117,30.24552229999972,32.075451799988514,32.065695700002834,32.237342499996885,,,,,,,,,,,,,3,3
9166,218,0.1382488479262673,0.29508196721311475,0.3005464480874317,54,183,55,0.4838709677419355,0.09216589861751152,0.1797259123888605,0.16590088970362626,3,217,2.0088754002504574,3.7346938775510203,0.22580645161290322,7140,11268,7148,11512,11351,11587,8209,12259,11503,7633,12032,11502,65882536,66461480,65882920,66451208,66472040,66461288,70903912,71448232,74288632,68096712,68656392,74287960,247169639,248173095,246995175,248013223,247980671,247994911,268510371,269471147,281590895,255787333,256800477,282133865,24.7891821000012,21.537168999999267,21.21354430000065,23.945524200000364,23.928977399998985,23.414253399998415,22.37443920000078,23.649143800001184,22.03997040000104,20.532714199998736,21.95079280000209,21.59609559999808,9.974766666952442,7.4913166663463935,7.217749999351024,8.391400000012558,8.861783332880199,9.1125500008881,7.544083333414164,8.273833332471744,9.177249999387035,7.627433333254885,7.675033333725878,7.7854999993481515,1,1
9171,216,0.14883720930232558,0.2777777777777778,0.2777777777777778,55,198,55,0.46511627906976744,0.12558139534883722,0.19535091485784845,0.1581416832348115,3,215,2.1570679339718812,3.76425855513308,0.2837209302325581,7374,13782,7369,13383,13897,13503,7993,14473,11719,8263,14473,11719,78333040,79367152,78334960,79664848,79392944,79684400,81639544,82695352,88496680,84075160,85467928,88496680,296946047,298645695,296808791,298771047,298609143,298863527,308757103,310485871,339107579,320672013,322717533,339107661,24.562058499999694,25.132614000001922,25.9298959000007,25.014409799998248,27.90287140000146,27.55276529999901,24.41478400000051,26.181287699997483,25.848048100000597,26.14087859999927,27.338344299998425,26.722255100001348,,,,,,,,,,,,,3,1
9183,378,0.1220159151193634,0.17080745341614906,0.17080745341614906,55,322,55,0.46419098143236076,0.09549071618037135,0.14323856367665375,0.12732316210399078,3,377,2.059056245891973,4.014962593516209,0.2493368700265252,8384,20836,8384,21128,21072,21364,8695,21439,11719,8695,21439,11719,125161456,128597616,125156560,127784848,128646288,127849968,128440696,131957176,130510408,126667768,129296056,130510408,475608213,480346645,475603189,479564245,480513933,479747925,487312441,492161689,495073629,478683539,482644595,495073311,49.273068800001056,51.2274075000023,48.259473300000536,50.08502519999456,50.58102549999603,52.623978600000555,47.133998500001326,46.97543159999623,44.73707070000091,45.865979700000025,46.02850990000297,41.60604659999808,,,,,,,,,,,,,1,3
9200,399,0.15326633165829145,0.18771331058020477,0.18771331058020477,55,293,55,0.44221105527638194,0.08793969849246232,0.133168381291334,0.1633185211963362,3,398,2.1652814031224006,3.7660668380462727,0.3241206030150754,6650,11582,6672,13610,11712,13718,7131,12099,9983,7183,14203,9991,68272432,69326256,68276464,69751984,69353808,69774864,70918168,71970648,74173864,70852504,72340312,74174152,257618379,259183211,257703739,259904715,259225339,259858073,267887491,269454915,281675127,267718769,269940497,281249369,21.289442900000722,21.4693949999928,21.256325200010906,21.700644600001397,21.763066800005618,23.918109000005643,23.01732619998802,21.268691899997066,21.207962400003453,21.298491199995624,22.833887600005255,21.27147390000755,,,,,,,,,,,,,1,1
9203,214,0.1267605633802817,0.29411764705882354,0.29411764705882354,55,187,55,0.431924882629108,0.09859154929577464,0.15023712800409067,0.1455422895370235,3,213,2.000733834981598,3.7250996015936253,0.2112676056338028,1360,1370,1353,1208,1367,1212,2227,2395,5587,1981,1882,5578,4131000,4111480,4131288,4124600,4111640,4124600,5873464,5873464,9301336,5238712,5243992,9300088,15175215,15156175,15175975,15154207,15156023,15153375,22569167,22586127,35884841,19824795,19819779,35885595,1.1372257999973954,1.0444392999997945,1.0212995000001683,1.032682000000932,1.029074900001433,1.0222912999997789,1.4212289000024612,1.461629900000844,2.321270199998253,1.2743540999981633,1.255411099999037,2.1093116000010923,,,,,,,,,,,,,4,2
9211,224,0.16143497757847533,0.31976744186046513,0.31976744186046513,55,172,55,0.4618834080717489,0.09865470852017937,0.1434997601816723,0.11659413959095964,3,223,2.05549449271894,3.6134453781512605,0.23318385650224216,7248,11906,7245,11559,11986,11642,7939,12421,11719,8101,12421,11719,68833000,69647528,68835880,69858440,69666568,69872680,70926376,71695336,76412776,73050088,74078248,76412776,259295387,260591867,259426995,260901955,260606555,260780523,266633283,267865875,289932731,276374949,277856133,289932733,21.90464650001377,22.39499170007184,21.764556400012225,22.286538399988785,24.09795830002986,24.80596260004677,21.083610300091095,23.159375299932435,22.710503099951893,23.64148170000408,22.5389774000505,22.12310540000908,,,,,,,,,,,,,3,1
9213,402,0.1396508728179551,0.15759312320916904,0.15759312320916904,55,349,55,0.4538653366583541,0.11471321695760599,0.13466560715598117,0.16209740910860257,3,401,2.0901078578186305,4.011494252873563,0.2194513715710723,452,537,452,529,542,534,889,1009,2041,778,883,2038,839640,853560,839640,851128,854296,851992,1488680,1509416,2516648,1322792,1338248,2515592,3208437,3230893,3209369,3227565,3229877,3226549,5859261,5892221,9895065,5253425,5279225,9892833,0.28840680001303554,0.24541649999446236,0.24792039999738336,0.24028850000468083,0.2440751999965869,0.4266300000017509,0.4137882999930298,0.4690260999923339,0.654141899998649,0.4165047999995295,0.3976303000090411,0.6149038000003202,2.1521166684882096,2.016033334560537,2.164083331687531,2.104566665366292,2.1178333311884976,2.2534333329531364,3.3789833323680796,3.3637166658688025,3.3340333344919295,2.7579499995529964,2.580066669906955,2.820583334444867,1,1
9219,221,0.17727272727272728,0.2736318407960199,0.2736318407960199,55,201,55,0.4590909090909091,0.08181818181818182,0.17727448136164722,0.1681841273993169,3,220,2.0338212640179028,3.988095238095238,0.22272727272727272,6109,11684,6110,11712,11792,11819,7345,13123,11719,7291,13123,11719,65590712,66774616,65591192,66787992,66797656,66810616,71926888,73148584,80821768,71752792,72996952,80821768,246229466,247992546,246230066,248008834,247998130,248013818,273759986,275582058,311791310,273039664,274889776,311791312,19.89729879999868,20.73694560000149,20.25071410000237,20.528017999997246,22.857124300000578,22.637497799998528,21.183126699997956,22.728156999997736,22.99598949999927,20.871230300002935,23.46910829999979,23.731605100001616,8.316783332702471,7.513549999809281,6.8628833335727295,8.074250000693914,8.164300000620036,8.534883333292479,7.23429999986062,7.826066666287564,7.56928333369918,7.115866666329869,7.543599999432142,7.663133333456548,1,1
9223,217,0.18055555555555555,0.34375,0.34375,55,160,55,0.4444444444444444,0.13425925925925927,0.13889096050600833,0.11111275916078335,3,216,2.188919122272868,3.361344537815126,0.26851851851851855,7122,10518,7135,11319,10598,11386,8371,11989,11719,7669,11989,11719,61356312,62028760,61354584,61835672,62037912,61848792,69423016,70131496,73706728,64501672,64995880,73706728,231100969,232121753,231034049,231948289,232037753,231932185,267206949,268286949,284662373,243628803,244570363,284662375,19.427229799999623,19.943363500000487,19.989239599999564,20.057489499999065,22.848855799999,22.212976300001174,23.924121000000014,25.2319279000003,24.587459399999716,19.868560400000206,22.721950099999958,24.36539570000059,,,,,,,,,,,,,1,3
9235,366,0.17534246575342466,0.1936619718309859,0.1936619718309859,55,284,55,0.46301369863013697,0.1095890410958904,0.15342664676845993,0.13150925529572144,3,365,2.1373981165390794,3.879781420765027,0.273972602739726,7780,18384,7786,18860,18593,19063,8533,19495,11719,8209,19495,11719,109732360,111196744,109735816,111472840,111229320,111500040,115787848,117256648,119872840,112858024,114617128,119872840,413705490,416262322,413480466,416360962,416275914,416596282,438399706,440998082,455787810,424885340,427809964,455787812,43.742801600004896,40.069869899998594,46.05140389999724,41.91817269999592,41.77831909999804,42.28810999999405,37.98078220000025,40.3642147999999,39.59616479999386,40.313979099999415,43.96238369999628,39.51897380000446,9.130183333278788,9.771933332861712,8.84418333468299,9.928983331822868,12.792366667175278,12.702050000370946,9.346566667469839,10.105733332845071,9.222500000760192,10.467516665812582,21.848349999345373,9.27011666741843,1,1
9242,387,0.14766839378238342,0.1774193548387097,0.1774193548387097,55,310,55,0.4481865284974093,0.08549222797927461,0.1658055012559499,0.17098672873849638,3,386,2.075279640241787,3.914141414141414,0.266839378238342,8012,19550,8014,19626,19764,19838,8533,19981,11719,8425,19981,11719,117591656,120627752,117592808,120671336,120684776,120727400,119597224,122624680,121949032,119129800,122209096,121949032,446366231,450606711,446367607,450658007,450705703,450756023,451553379,455775651,461445263,449612381,453897725,461445409,40.36532270000316,40.88602959999844,40.58757799999876,41.00118439999642,44.94571349999751,45.269652800001495,38.409066000000166,39.031164799998805,37.34131609999895,38.37158750000526,39.29380829999718,37.57689550000214,,,,,,,,,,,,,1,1
9262,193,0.16666666666666666,0.2849462365591398,0.2849462365591398,53,186,53,0.4791666666666667,0.08854166666666667,0.16146050090901554,0.09896145705715753,3,192,2.0688522812266537,3.907563025210084,0.234375,5937,10433,5934,10072,10522,10164,6969,11753,10453,6851,11301,10451,53264600,53991320,53262968,53784344,54002328,53799000,59622472,60384584,67048072,59373320,59923720,67046920,199869281,201060849,199789657,200740681,201050809,200811401,227660665,228917561,260167845,226639375,227652047,259978583,15.84383159999561,16.302370299999893,16.071415200000047,16.078485099998943,16.392494500003522,16.306095499996445,18.320329800000763,17.86193359999743,18.930273999998462,16.971685500000603,18.980378200001724,19.4156806999963,6.99006666642769,7.109999999859913,6.893866667572486,7.45331666742762,8.539633334294194,8.4209833330533,7.433683332540871,7.398183332649448,7.263650000822963,7.299949999530024,7.369066666190823,7.443599999533035,3,3
9263,188,0.13368983957219252,0.30726256983240224,0.30726256983240224,55,179,55,0.4385026737967914,0.09090909090909091,0.13904022732326252,0.14973574023778466,3,187,2.0432580073778044,3.713692946058091,0.2192513368983957,6418,11580,6415,11596,11677,11696,7399,12799,11719,7561,12799,11719,65823160,66611064,65819032,66136728,66616760,66151640,71290552,72095800,78908872,71199400,71506984,78908872,247652846,248973262,247607286,248458798,248824662,248361406,270439886,271802382,302996874,270111372,270958524,302996876,22.858959099976346,20.74165360000916,21.31205179996323,20.767536300001666,21.403718199930154,20.988665299955755,23.605423699948005,22.125051100039855,23.681462900014594,22.21904530003667,22.345003800000995,23.76182819996029,,,,,,,,,,,,,3,3
9297,111,0.13636363636363635,0.44537815126050423,0.4369747899159664,53,119,52,0.39090909090909093,0.09090909090909091,0.21818461315706372,0.18181959020016206,3,110,2.115179066353723,3.71875,0.2636363636363636,3881,5059,3889,5464,5095,5492,5401,6801,9851,4901,6665,9850,25078304,25198560,25082304,25411968,25206144,25414592,31195720,31326920,38288520,28305664,28677280,38287944,93598593,93839616,93599856,94092488,93837441,94088393,120812412,121086780,149457240,107434774,107989094,149404658,7.2674653000431135,8.49784309999086,8.042191299959086,8.107429499970749,7.3942777999909595,7.403179500019178,9.457581500057131,9.578700099955313,11.176769100013189,7.760655700112693,8.663349899929017,10.859598199953325,,,,,,,,,,,,,1,1
9302,216,0.13023255813953488,0.2777777777777778,0.2727272727272727,55,198,54,0.44651162790697674,0.07441860465116279,0.16279277836817296,0.14418805458279715,3,215,2.1072590387282237,3.639705882352941,0.28837209302325584,6966,11350,6959,10864,11427,10948,7580,12032,11078,7801,11805,11077,62201608,62686824,62206408,63131880,62705608,63141064,65356400,65843152,71180040,66993160,67969928,71184360,233994261,234932293,234026957,235356053,234889037,235275245,247726785,248673473,272767677,254574579,255965323,272677943,19.21296539999821,20.258033799997065,20.580467100000533,20.11606000000029,21.876274500002182,22.240756799998053,20.881801300001825,22.489271499998722,23.017703400000755,23.80872470000031,23.416976199998317,21.915611699998408,,,,,,,,,,,,,3,1
9303,396,0.13924050632911392,0.1870748299319728,0.1870748299319728,55,294,55,0.41265822784810124,0.0810126582278481,0.1620276939283019,0.11392654490633573,3,395,2.0232280793358566,3.9095744680851063,0.22784810126582278,8019,17208,8026,18026,17393,18204,8695,18307,11719,8317,18307,11719,104114608,106110064,104108944,105151504,106129264,105190096,110366680,112450648,112267912,105355912,106392712,112267912,393537114,396493650,393325826,395403682,396313594,395455026,419554678,422643718,426578654,395351452,397422460,426578888,35.096418000000995,35.67251810000016,35.132397699999274,35.106496100001095,38.92993489999935,38.70207369999844,35.46008260000235,38.10176919999503,35.88577559999976,33.48928029999661,33.91351399999985,34.103278199996566,8.587133333397409,9.378000001258139,8.524866666751526,9.388933332957095,14.912850000352288,11.55543333394841,9.070683333751125,9.610416667176954,8.818299999499382,9.238183334673522,9.653783334215404,8.649100001396922,1,3
9309,187,0.13440860215053763,0.3125,0.3125,55,176,55,0.45161290322580644,0.12365591397849462,0.1344106720662826,0.12365872317159007,3,186,2.134249899732407,3.6363636363636367,0.25268817204301075,7053,11798,7042,11222,11879,11314,7669,12637,11719,8263,12637,11719,64469896,65247880,64467880,65083624,65260008,65098728,68507176,69322792,77345896,72037912,72692824,77345896,243396237,244667269,243283781,244331749,244559917,244338781,260704793,262036761,300341993,277176999,278284311,300341995,19.827890100074,19.851404399960302,20.05713970004581,19.93767819995992,22.412067299941555,21.926008800044656,20.17983560007997,21.46292750001885,23.106259000021964,23.527365599991754,21.78220210003201,22.538751999964006,,,,,,,,,,,,,3,3
9311,371,0.14054054054054055,0.1724137931034483,0.1724137931034483,55,319,55,0.44594594594594594,0.07567567567567568,0.12702931464976958,0.12973177087858218,3,370,2.0915730302371656,3.9875,0.2918918918918919,7996,19812,7996,20092,20034,20314,8479,20467,11719,8479,20467,11719,119379280,122091984,119374384,121382320,122128752,121433232,122847160,125596408,125331592,121131256,123116728,125331592,451661303,455602087,451804391,455055975,455704599,455033975,464722635,468717963,474252731,457190033,460407777,474252621,39.983916100005445,40.2983641000028,39.968019200001436,40.32329390000086,44.4440437000012,43.699231799997506,38.5569381000023,43.60992189999524,41.934653200005414,44.320432299995446,41.2497629999998,38.50578620000306,,,,,,,,,,,,,1,3
9318,184,0.12568306010928962,0.2956989247311828,0.2956989247311828,55,186,55,0.37158469945355194,0.1092896174863388,0.1420792736166508,0.16940109529456154,3,183,2.1966909766433975,3.72,0.30601092896174864,3890,4806,3903,5342,4841,5364,5312,6346,9824,5201,7021,9829,22701032,23067304,22699112,22891528,23072456,22900424,28551328,28969440,37704296,28405832,28673736,37707176,85471944,85933752,85467528,85807352,85964112,85843272,111231000,111757768,150474500,110909862,111364838,150424270,6.392495599924587,6.5791534999152645,6.88458620000165,6.647760600084439,7.572359599987976,7.430432599969208,8.730687499977648,8.40961570001673,10.612302900059149,8.698704599984922,8.919015199993737,11.611253799987026,,,,,,,,,,,,,1,3
9324,188,0.15508021390374332,0.34375,0.34375,55,160,55,0.45989304812834225,0.0855614973262032,0.1497355792671442,0.17647232227450746,3,187,2.104394885828655,3.3472803347280338,0.2620320855614973,6228,10610,6225,10615,10696,10704,7021,11649,11285,7453,12097,11287,58444936,58940104,58445800,59034344,58951752,59044488,62590216,63117704,71560840,64988968,65617960,71557096,220411010,221360898,220484298,221529898,221403858,221498130,237979946,238987722,276091726,247886512,248998920,276276368,17.58560320000106,18.035712599998078,18.658392900000763,18.248235900002328,17.988756899998407,18.16905129999941,20.021872000001167,20.02238589999979,20.439270599999873,18.346641200001613,19.467314000001352,20.469598299998324,,,,,,,,,,,,,3,1
9326,367,0.13387978142076504,0.19642857142857142,0.19642857142857142,55,280,55,0.412568306010929,0.08196721311475409,0.12568574826630047,0.1393469927878287,3,366,2.085138417975601,3.8461538461538463,0.273224043715847,7330,16630,7338,16838,16804,17004,8263,17227,11719,7831,17227,11719,100052272,102625648,100053040,102645872,102673232,102692432,102670168,105184408,105269512,101362072,103931608,105269512,379510041,383056041,379511817,383097833,383059705,383099705,387556713,391008681,396937093,381868263,385420503,396936847,35.394956700001785,35.524007100000745,35.42214260000037,35.77401130000362,39.20959939999739,38.92913699999917,34.0448808000001,34.27472229999694,34.03190650000033,35.69889329999569,33.89128999999957,33.25956579999911,7.8651000003446825,8.653333333010474,7.899866666169449,10.09285000084977,12.449166665949937,12.103249999199761,8.069749999170503,8.63415000033759,8.114283333270578,8.147950000420678,8.605666667184172,8.38948333330336,1,1
9330,193,0.18229166666666666,0.3107344632768362,0.3107344632768362,55,177,55,0.4479166666666667,0.10416666666666667,0.11979422975491616,0.1666685930431413,3,192,2.0635364876501336,3.864628820960699,0.20833333333333334,6603,10671,6596,10579,10745,10660,7507,11881,11719,7885,11881,11719,59071592,59249864,59071592,59314536,59254056,59317992,65163496,65350120,73380136,65746264,65972632,73380136,221351210,221949114,221318242,221971258,221949834,222004546,248027298,248665362,283442670,250019576,250657424,283442672,17.903933000052348,18.583882999955676,18.1775384999346,18.1685359000694,18.442064100061543,18.43158809992019,19.8437240999192,21.512346300063655,21.572186299948953,19.727141099981964,20.375026699970476,21.864875699975528,7.029216658944885,7.361600000876933,7.041049985370289,7.42283333480979,10.081150006347647,9.315083327237517,7.361566667289783,7.727216676964114,8.209933313385894,7.475283326736341,7.765700012290229,8.091450009184578,3,1
9332,220,0.1278538812785388,0.2777777777777778,0.2777777777777778,55,198,55,0.4748858447488584,0.1232876712328767,0.1780842298622664,0.13242310945786637,3,219,2.0314056300849286,3.7786259541984735,0.1963470319634703,6644,12238,6643,12699,12352,12814,7333,13313,11285,7669,13825,11287,70462664,71635528,70455912,71035848,71645512,71059528,75084360,76315720,81984136,75173800,75712936,81980392,265293478,267047766,265450414,266654350,267101974,266560886,284210626,286063634,313315362,284278568,285451912,312819348,25.295318899999984,24.558117999999013,22.259539799999402,24.551992299999256,25.049727300000086,25.495149800000945,22.88158459999977,25.158020900000338,24.81368199999997,22.812062999999398,23.43796249999832,24.40944689999924,,,,,,,,,,,,,3,3
9346,213,0.1320754716981132,0.2682926829268293,0.2682926829268293,55,205,55,0.49056603773584906,0.11320754716981132,0.16037946806579195,0.14151197398753557,3,212,2.072848097687522,3.9122137404580153,0.2169811320754717,6441,12219,6446,12776,12343,12895,7437,13625,11285,7453,14149,11287,68536400,68937872,68539184,69258224,68951792,69266288,75606440,76025768,83916040,75098200,75849880,83912296,257741888,258739040,257745032,259117320,258831680,259203536,288166572,289224268,324156196,285758202,287201138,323660246,21.723557500001334,21.771207300000242,21.330882800000836,21.598108299996966,24.026099599999725,23.49119509999946,22.203617099999974,24.45511140000235,24.137056399998983,22.1698069999984,24.099179699998786,23.881416700001864,,,,,,,,,,,,,1,1
9352,205,0.12254901960784313,0.3160919540229885,0.3160919540229885,55,174,55,0.4068627450980392,0.11764705882352941,0.15196267189458013,0.14215935190441087,3,204,2.1401551949233117,3.670886075949367,0.25,6473,10672,6468,10634,10752,10719,7315,11820,11502,7723,12043,11503,58660984,59634232,58653976,59152952,59643352,59172664,63958472,65003208,72639448,65409304,65901784,72640120,221559183,222971671,221405271,222333095,222846311,222368447,243298723,244814571,280856555,249973409,250910809,280951285,17.53713740000967,18.398459399933927,17.991586999967694,18.465477399993688,20.126117400010116,20.53496499999892,20.142929700086825,19.622768000001088,20.76939729996957,18.822593900025822,20.81063570000697,21.123458699905314,,,,,,,,,,,,,3,3
9356,186,0.15135135135135136,0.3333333333333333,0.3333333333333333,55,165,55,0.5081081081081081,0.13513513513513514,0.17297530246621654,0.13513763087826805,3,185,2.1608935156556197,3.7162162162162162,0.2864864864864865,5864,7713,5870,7877,7757,7915,6901,8801,10051,6601,8801,10051,39572608,39985024,39572032,39929824,39992800,39938656,44865720,45307320,50269320,43924120,44312920,50269320,148488848,149093960,148387408,148951944,149068968,149029648,171388780,172028364,194666208,167405966,168021702,194666210,11.676715000001423,11.694664899998315,11.697499199999584,11.639202300000761,11.589324600001419,11.76660990000164,13.55152309999903,12.638418099999399,13.67663470000116,11.975535200002923,12.25350299999991,13.266208100001677,6.901883333436369,6.921716666814366,6.278449999930065,7.40616666613884,7.198599999658957,7.271633333099696,6.827150000390247,7.333033333755642,7.060116666859055,6.8869666671768455,6.623066667089006,6.868683333474716,1,3
9365,112,0.10810810810810811,0.46956521739130436,0.4782608695652174,54,115,55,0.40540540540540543,0.06306306306306306,0.1621638322563691,0.11711933814945656,3,111,2.0180755115472597,3.59375,0.25225225225225223,5040,7674,5050,7904,7736,7956,6805,9613,11503,6149,9435,11502,40194952,40641160,40197384,40696840,40652296,40705800,48539272,49023112,58146952,46237816,46828024,58146280,151035323,151754651,151038747,151834251,151786027,151862347,188613879,189389039,229144519,177552333,178483637,229069729,13.08939169999212,13.04814600001555,12.840479000005871,12.907348400098272,12.4912764999317,12.346788700087927,15.666378199937753,15.124378499924205,17.249279799987562,13.786311200005002,14.723059999989346,17.178616699995473,,,,,,,,,,,,,1,1
9372,365,0.12637362637362637,0.20676691729323307,0.20676691729323307,55,266,55,0.4230769230769231,0.09615384615384616,0.10989264758997136,0.13736496334012782,3,364,2.100024909223143,3.8218390804597706,0.25,8074,14844,8080,15424,14980,15554,8373,15133,11285,8371,15715,11287,89868720,91164080,89862384,90303024,91172240,90327824,91218920,92508520,93103816,91158232,91598872,93100072,339079718,341079846,339191014,340385830,340980830,340191830,342379670,344372982,349308426,341579188,342774004,348752316,30.407300099999702,32.92061549999926,32.54515000000538,30.097011400001065,31.536413099995116,35.5477006000001,28.20731159999559,27.904530200001318,26.864837699999043,31.56352689999767,31.752602200002002,28.890743000003567,,,,,,,,,,,,,1,3
9377,204,0.18226600985221675,0.29411764705882354,0.29411764705882354,55,187,55,0.4433497536945813,0.1330049261083744,0.1871938688607125,0.13793398426350187,3,203,2.091114084204696,3.8958333333333335,0.22660098522167488,2989,2498,2998,2815,2491,2799,4301,3613,7784,4096,3781,7786,10039688,9886376,10041704,9953480,9883400,9948424,13973456,13756048,18910888,12987520,12853600,18912040,37015250,36809804,37039980,36933970,36820116,36918100,54282036,53992788,74392740,49727276,49560388,74451988,2.6404571999992186,2.6310121000024083,2.698972300000605,2.5917173999987426,2.6482240999976057,2.593166399998154,4.02852619999976,4.114842099999805,4.88589359999969,3.4063850000020466,3.6984201000013854,4.911817399999563,,,,,,,,,,,,,5,5
9387,396,0.1620253164556962,0.171875,0.171875,55,320,55,0.4379746835443038,0.09367088607594937,0.14683774566053873,0.1569644391648707,3,395,2.127391229346897,3.950617283950617,0.2936708860759494,7620,16368,7614,15746,16524,15908,8101,16849,11287,8113,16225,11285,94544392,95264968,94550728,96231240,95297064,96244584,96635560,97356136,99771880,96740488,98409480,99775624,355836384,357458512,356057728,358584576,357545864,358433488,363862112,365484288,375955264,363921186,366434562,375690370,31.069022200012114,31.291450499993516,30.730999500010512,31.083557199992356,33.20520120000583,34.268815500006895,29.667619200001354,29.73900090000825,29.803304999993998,30.216875600002822,29.921873900006176,30.805832300000475,,,,,,,,,,,,,3,1
9401,194,0.14507772020725387,0.3235294117647059,0.3235294117647059,55,170,55,0.44559585492227977,0.10880829015544041,0.12435401421657961,0.17098582262617243,3,193,2.0800188664287784,3.601694915254237,0.2538860103626943,7232,11964,7232,11954,12052,12042,8047,12799,11719,8047,12799,11719,69053344,70167264,69053440,70172928,70188256,70194112,73173208,74317144,78535624,73239736,74373304,78535624,260145829,261748325,260285205,261891109,261742277,261746373,277523777,279158529,301122181,277571131,279194171,301122183,21.85130159999244,22.642325199907646,22.016496899886988,22.463207000051625,24.37197910004761,24.317178199999034,21.956516699981876,24.05891410005279,23.486467099981382,21.842464000103064,22.608937500044703,24.28210960002616,,,,,,,,,,,,,1,1
9402,373,0.16129032258064516,0.17857142857142858,0.17857142857142858,55,308,55,0.4381720430107527,0.08064516129032258,0.20967969577759504,0.16129260045108235,3,372,2.045485191504366,3.888888888888889,0.25,6697,11053,6693,10926,11134,11011,7615,12205,11287,7541,11753,11285,61131592,61828552,61134280,62182088,61848744,62195784,66715672,67455256,71961448,65006344,66056328,71965192,231829739,232977675,231701515,233189939,232871875,233207275,254847131,256061963,276842259,247045277,248533693,277283557,18.547440700000152,18.959648199990625,18.742900700002792,19.29332070000237,21.092012099994463,20.947964200007846,19.645742000007886,19.679752399999416,20.29408350000449,18.863553599992883,20.914298499992583,20.28931290000037,,,,,,,,,,,,,3,1
9410,386,0.12207792207792208,0.18092105263157895,0.18092105263157895,55,304,55,0.44675324675324674,0.11168831168831168,0.11428823432425497,0.15065190691936325,3,385,2.1281524811677386,3.9583333333333335,0.2545454545454545,7749,19761,7748,19190,19980,19410,8317,20197,11287,8061,19449,11285,115410600,116610696,115419816,117954344,116659304,117976040,117457960,118629544,119225704,116468040,118995656,119229448,436207472,438647936,436524248,440252488,438717016,439978696,441502764,443901036,448850484,437939018,441654730,448514550,40.32498089999717,40.93060560000595,41.01635560000432,40.96477420000883,44.66478249999636,45.59136399999261,39.12859930000559,38.99973149999278,37.7869975999929,38.863891000000876,39.16083239999716,38.02509959999588,8.576499999132162,9.799833331877986,8.719549996991796,9.383216667629313,12.06225000108437,11.080883331790877,8.679583331589432,9.472116667893715,8.680916667799465,8.852533331567733,9.861749999496775,8.733816668003177,3,1
9417,183,0.17032967032967034,0.28350515463917525,0.28350515463917525,55,194,55,0.4340659340659341,0.06043956043956044,0.11538723545343421,0.1923101469656903,3,182,1.9667277654410205,4.058577405857741,0.21978021978021978,5447,9526,5459,10353,9622,10437,6701,10901,10851,6589,11773,10855,52665808,53768272,52665584,53610416,53787024,53633168,58748920,59886520,67037320,58370728,59383336,67034920,197858723,199385803,197807763,199263779,199418955,199351107,224564287,226139071,259965907,222817465,224371473,260339669,15.815484199996718,16.320492799997737,16.282183899998927,16.30372510000234,16.299779100001615,16.50923370000237,17.356344799998624,17.573261800000182,18.714421599997877,16.732258199997887,18.012438800000382,18.635100800001965,,,,,,,,,,,,,1,3
9433,202,0.15920398009950248,0.31976744186046513,0.31976744186046513,55,172,55,0.42786069651741293,0.12935323383084577,0.17910692593041086,0.12935530732093908,3,201,2.1566522778783535,3.7229437229437226,0.23880597014925373,6134,9460,6140,9752,9528,9814,7177,10401,11285,7129,10801,11287,53818712,54337368,53816728,54036376,54341464,54045720,57787080,58272968,64192648,58204840,58426024,64188904,202296608,203158368,202262944,202854848,203198560,202932176,218817644,219636140,245202604,219973394,220573186,245366046,18.456904100021347,17.092552999965847,18.169119799975306,18.281686499947682,16.812804199988022,16.980591700063087,17.288799999980256,18.83317050000187,18.483087500091642,18.59714540001005,18.91185419994872,18.92811380000785,,,,,,,,,,,,,1,3
9436,111,0.18181818181818182,0.45871559633027525,0.5045871559633027,50,109,55,0.4636363636363636,0.1,0.16363791235595604,0.13636601629497652,3,110,2.168890090260468,3.8380281690140845,0.3090909090909091,4772,7338,4756,6447,7376,6501,5941,8857,10423,6049,7873,10417,34194408,34619048,34191720,34441896,34625128,34450504,39599896,40064728,48553960,40065544,40357384,48555016,128621206,129308982,128643494,129069918,129254790,128991854,151977026,152741378,190388330,153972448,154454368,190399516,11.387990499963053,11.143195300013758,11.121580500039272,11.142490799888037,10.126788699999452,10.10729930002708,12.716944699990563,12.698356000008062,14.112247699988075,11.567668800009415,12.491542200092226,14.045577500015497,5.509849986992776,5.7844666492504375,5.59299997985363,5.7660833311577635,6.724066683091223,6.676333335538705,6.144333320359389,6.924250007917483,6.613983326436331,5.919566669035703,6.398600002285093,6.625283354272445,3,3
9442,183,0.1043956043956044,0.2925531914893617,0.2925531914893617,55,188,55,0.4945054945054945,0.10989010989010989,0.18681505330004167,0.18132054617572166,3,182,2.051240746397118,3.9166666666666665,0.24725274725274726,6708,11124,6704,10644,11207,10731,7669,12367,11719,7885,12367,11719,59180984,59908408,59178680,59629496,59918008,59643832,65349256,66123400,76109512,68278216,68796616,76109512,222294661,223480085,222227381,223085333,223567341,223242957,249257573,250519093,296752153,263015043,263997067,296752155,17.45278849999886,17.692438199999742,17.600225300000602,17.6353900000031,19.539471299998695,20.01742739999827,18.67822940000042,19.28524919999836,22.0581717999994,19.229304699998465,21.452032099998178,21.893231999998534,,,,,,,,,,,,,3,3
9457,211,0.18571428571428572,0.2972972972972973,0.2972972972972973,55,185,55,0.47619047619047616,0.09047619047619047,0.14285927054671838,0.14285948937426188,3,210,2.106803535040246,3.760162601626016,0.2619047619047619,7151,11766,7153,12002,11856,12090,8047,12799,11719,7939,12799,11719,68468200,69216136,68473192,69482920,69235112,69496616,73627672,74367256,78722248,72199480,73224184,78722248,257637342,258863462,257751742,259266150,258914054,259201158,279330206,280562270,301507438,272927800,274458328,301507504,21.744663299999957,22.540258000000904,22.109842199999548,22.767358299999614,25.77827150000121,23.924164399999427,22.393434600000546,24.737084099999265,26.141504899998836,22.515043000001242,22.89830990000155,23.079581300000427,,,,,,,,,,,,,1,1
9460,367,0.11748633879781421,0.18771331058020477,0.18771331058020477,55,293,55,0.4644808743169399,0.08196721311475409,0.1393465758873852,0.16393653428578964,3,366,2.0402907179930985,3.875661375661376,0.2568306010928962,7335,14994,7344,15374,15149,15520,8371,16255,11719,7885,16255,11719,87447088,88095280,87452752,88854352,88122160,88866640,94224568,94888120,99810760,91892200,93343720,99810760,331471767,332903583,331346847,333582319,332717831,333505199,359025831,360496503,382817271,347436561,349757441,382817657,27.697882499996922,28.887402699998347,28.36144060001243,28.67658030000166,31.479780499998014,31.044831799998065,28.760836500005098,31.895023699995363,30.376014299996314,27.778216599996085,28.608188800004427,29.79794150000089,,,,,,,,,,,,,1,1
9475,202,0.15920398009950248,0.3107344632768362,0.3107344632768362,55,177,55,0.417910447761194,0.06467661691542288,0.14428090848681976,0.09950523984743588,3,201,1.9289431856043062,3.627049180327869,0.1890547263681592,7068,11646,7059,11366,11720,11449,7615,12097,11719,8101,12097,11719,68350040,69461016,68347896,69370360,69479160,69390744,69732760,70833496,74406568,71458600,72438376,74406568,257521354,259109154,257481754,258952418,258938674,258821498,261768902,263336470,280443630,269479932,270875196,280443632,26.00323290000233,24.343590600001335,23.481407300001592,23.845675099997607,23.970309799999086,23.736723100002564,22.408014400003594,22.838998200000788,22.588546400002087,23.40717140000197,23.318969200001447,22.928386300001875,,,,,,,,,,,,,3,3
9479,371,0.13513513513513514,0.1751592356687898,0.1751592356687898,55,314,55,0.44054054054054054,0.11351351351351352,0.16216412242942466,0.14324507979688714,3,370,2.1180454237912243,4.015345268542199,0.24594594594594596,8290,20224,8290,20308,20449,20533,8641,20791,11719,8641,20791,11719,121292056,123861592,121292152,123925624,123910744,123974008,124214440,126827176,127337800,123701224,126355432,127337800,458890666,462703178,458956842,462843178,462739762,462812338,469497566,473375726,481774618,466609744,470530816,481774620,40.42333569999755,40.81242779999593,39.84766479999962,40.847971700000926,44.88062789999822,44.692789699998684,38.8044086000009,39.34055580000131,38.12934590000077,41.985174099994765,38.92643219999445,38.10393060000206,,,,,,,,,,,,,1,1
9489,369,0.15760869565217392,0.19572953736654805,0.19572953736654805,55,281,55,0.4673913043478261,0.08152173913043478,0.17663240602174166,0.16304569779996478,3,368,2.128179184837954,3.817934782608696,0.29891304347826086,6635,12809,6640,13219,12935,13340,7831,14365,11719,7561,14365,11719,72696136,74040584,72694120,73702408,74060040,73728936,80790664,82223176,87983464,78281176,79331800,87983464,274971299,276961459,275177755,276866403,277053059,276760747,309421943,311537591,340770615,298362397,300116733,340770553,22.81330010000238,23.85463809999783,23.526023200000054,23.29252560000168,25.735711899993476,26.283857000002172,24.966177100002824,27.183473499993852,27.966574600002787,23.72174090000044,24.8923605999953,26.576058999999077,,,,,,,,,,,,,1,3
9496,111,0.23636363636363636,0.48598130841121495,0.4766355140186916,52,107,51,0.43636363636363634,0.06363636363636363,0.10000196811531416,0.1363646307727322,3,110,2.033454962321665,3.933823529411765,0.2545454545454545,4773,6340,4767,6084,6363,6113,5801,7251,10251,6223,7396,10252,31263376,31395664,31264272,31447184,31399120,31449424,34734920,34846920,42400120,36923704,37099960,42400696,116786504,117079952,116821576,117142992,117063304,117090584,131924692,132185604,164395280,141837982,142137766,164454394,8.796140399994329,9.903097999980673,9.861586400074884,9.914296300034039,9.269557500025257,9.137214599992149,10.459273600019515,10.929634799947962,12.078678900026716,10.852084800018929,11.881820400012657,12.235127000021748,,,,,,,,,,,,,3,1
9510,399,0.14321608040201006,0.1636904761904762,0.1636904761904762,55,336,55,0.457286432160804,0.11557788944723618,0.12060491696828461,0.14573088895246367,3,398,2.14057797219171,4.019138755980862,0.2562814070351759,8124,17414,8125,17587,17590,17762,8587,18037,11719,8533,18037,11719,104102504,106373928,104098376,106066664,106410216,106109448,107440744,109751080,110378344,106384936,108344488,110378344,392476836,395717196,392618492,395568220,395857412,395571268,407123920,410419792,418666232,401275614,404220798,418666506,34.463263700003154,34.8735400000005,34.549674100009724,35.1180430999957,38.667816300003324,38.618495300004724,33.76048919999448,35.29023890000826,34.24813340000401,36.105394900005194,34.00808309999411,35.254241600006935,8.239733331720345,10.889183332134658,8.315433333336841,9.30921666440554,11.260900001313226,10.840400000840114,8.4331500014135,9.063399998315921,8.345233334694058,8.601016670581885,9.209633336771125,8.4417000010338,1,3
9514,196,0.13333333333333333,0.36423841059602646,0.36423841059602646,55,151,55,0.4153846153846154,0.05128205128205128,0.1333353896267139,0.14359258054397428,3,195,2.0463158945519906,3.4318181818181817,0.29743589743589743,5660,10804,5654,10604,10901,10707,6553,11909,10453,6601,11451,10451,58175144,58903784,58174504,58855528,58917224,58870248,62507848,63273288,67692872,61250120,61922120,67691720,219434811,220698059,219306715,220503563,220576851,220510355,237909259,239231339,258973191,231934057,233111481,258783929,19.597706999993534,21.078316299994185,20.395769200003997,20.416293000002042,20.765495399995416,20.67372950000572,20.383009899996978,20.77952589999768,20.781111299998884,19.591338300000643,19.958192099998996,21.201744700003474,,,,,,,,,,,,,3,3
9523,387,0.14766839378238342,0.17973856209150327,0.17973856209150327,55,306,55,0.45077720207253885,0.10103626943005181,0.15803336409593743,0.15544249271790597,3,386,2.1301357300797825,3.883248730964467,0.2538860103626943,7193,14932,7181,13828,15066,13974,7723,15607,11719,8371,15607,11719,81465784,82783352,81463768,82856536,82810616,82881752,84527896,85889560,95611720,91291288,92763544,95611720,307115798,309237166,307068774,309146046,309274174,309229166,319264074,321444714,367949658,350005152,352223224,367949660,25.018402100002277,25.696013900000253,25.373471300001256,25.409046499989927,28.254099500001757,28.258944000001065,25.031696000005468,25.840574300003937,27.715651499995147,29.37766849999025,29.01024960000359,27.45743890000449,,,,,,,,,,,,,3,3
9538,365,0.1620879120879121,0.1746031746031746,0.1746031746031746,55,315,55,0.41208791208791207,0.10714285714285714,0.1593430260903775,0.1813205476437061,3,364,2.101048738259314,4.038461538461538,0.23076923076923078,4105,5661,4122,6506,5718,6546,5901,7901,10451,5253,8217,10453,27861304,28215160,27865112,28368536,28227672,28376792,37051720,37464520,46995720,33510152,34160776,46996872,104781566,105301526,104833014,105588916,105266034,105502130,145525934,146150286,187752518,129661060,130624612,187885464,7.742187299998477,8.090435700010858,7.958877700002631,8.027899499997147,9.054154900004505,8.688246699995943,11.659638400000404,11.105063800001517,13.357068799989065,9.233315900011803,10.300120300002163,13.148377300007269,,,,,,,,,,,,,1,1
9550,384,0.1462140992167102,0.17295597484276728,0.17295597484276728,55,318,55,0.4281984334203655,0.11488250652741515,0.14882771410631604,0.15143876092741873,3,383,2.1664542644448783,3.9066339066339064,0.27154046997389036,7382,18128,7374,16725,18319,16924,7939,18685,10855,7751,17301,10851,99609520,101320240,99614128,101900368,101366992,101932048,102226504,103937224,105914920,102580120,104917720,105917320,377490150,380316102,377568374,380832590,380377014,380799774,385421618,388247618,401781454,388072516,391408724,401179920,35.0635115000041,35.505498800004716,34.22294819999661,34.534262799992575,37.658779499994125,37.33312460000161,32.320707999999286,36.640140500006964,36.17970150000474,37.416052499989746,36.643708899995545,35.43851600000926,,,,,,,,,,,,,3,1
9558,376,0.14933333333333335,0.1858108108108108,0.1858108108108108,55,296,55,0.45866666666666667,0.10133333333333333,0.14133543165400625,0.146668680915609,3,375,2.120683858261886,3.8947368421052633,0.25066666666666665,8167,17291,8155,16514,17448,16683,8263,17389,11719,8911,17389,11719,100855896,102520536,100857912,102838104,102558104,102868952,101101144,102766936,106645864,105879496,107908168,106645864,380469252,383077076,380313972,383166092,382940948,383175980,379026096,381635328,404023792,402006246,404919222,404023906,32.957766600004106,33.52693559999898,33.49676249999902,33.617630399996415,35.798712899995735,36.56496889999835,32.45656739999686,31.718491799998446,31.52819840000302,33.95508450000489,33.52726230000553,33.19377910000185,,,,,,,,,,,,,3,1
9563,222,0.12669683257918551,0.270935960591133,0.270935960591133,55,203,55,0.497737556561086,0.10407239819004525,0.19457271068285292,0.15837313370922437,3,221,2.1191422154616455,3.731617647058824,0.248868778280543,6497,11286,6512,12478,11399,12576,7993,13285,11719,7183,13285,11719,66103368,66805224,66104168,66915688,66820712,66929544,76513864,77262088,81638248,69202264,70038616,81638248,249133060,250324668,249183372,250614108,250518132,250752108,295174720,296465064,315950792,261827846,263297614,315950642,20.632820799997717,21.49916950000261,20.538781200000813,21.051192300001276,22.95190459999867,22.918213200002356,23.8275397000034,22.826169600000867,23.4874032000007,20.25233500000104,21.90282500000103,23.16952659999879,7.305983332723069,7.465666666272833,7.0149666668536765,7.541166666972761,8.521816666567853,8.628966666947235,7.74949999989379,7.925316666539099,7.644583333482539,7.7423166664326954,8.76076666645531,7.652233333525752,1,1
9569,192,0.13089005235602094,0.3313253012048193,0.3313253012048193,55,166,55,0.4712041884816754,0.08900523560209424,0.16754120876110545,0.1518348000556016,3,191,2.1248855670025684,3.624454148471616,0.2879581151832461,1697,2030,1682,1550,2025,1560,2647,3067,6091,2809,2629,6085,5406880,5482624,5403648,5373696,5481760,5376064,7525240,7624696,12854536,8436520,8405416,12855016,19959791,20070207,19951495,19909422,20066199,19912695,29049443,29193059,51147534,33161675,33112739,51225567,1.4488787000300363,1.4112023999914527,1.3808685999829322,1.3662245000014082,1.4195780000882223,1.4064061000244692,2.1003372000996023,2.101395000005141,3.297827300033532,2.232531400048174,2.430302600027062,3.374371499987319,,,,,,,,,,,,,4,4
9573,210,0.14832535885167464,0.2789473684210526,0.2894736842105263,53,190,55,0.41626794258373206,0.07177033492822966,0.1626814915464398,0.17225094197393712,3,209,2.055653291429488,3.667953667953668,0.2535885167464115,5944,11120,5940,10528,11215,10627,7129,12475,11287,7073,12013,11285,58455208,59314984,58450408,58901736,59324072,58917992,64572520,65450344,73870888,65643656,66116232,73874632,220000813,221401277,219920541,220845821,221471797,221001557,246349841,247786081,286400201,251394647,252377839,286841443,19.75767899999846,20.180455799998526,20.26945429999978,21.150953399999707,21.18933669999933,22.94434590000128,21.11659529999997,21.2833511000008,22.331771799999842,20.121591299999636,21.340250399996876,21.75197710000066,,,,,,,,,,,,,3,3
9581,213,0.1320754716981132,0.2894736842105263,0.2894736842105263,55,190,55,0.49056603773584906,0.12264150943396226,0.12736117482330334,0.12736124847795954,3,212,2.146728460351686,3.7254901960784315,0.25,6524,12584,6517,11997,12690,12110,7399,13501,11287,7489,13001,11285,69123592,70107208,69124360,70322184,70131048,70340808,73276456,74282152,79599208,74021896,75261576,79602952,261789579,263399787,261607683,263373299,263433707,263584027,278022391,279659223,305413651,281521649,283332473,305205861,22.11387139999715,21.9054810000016,21.842008699997677,22.63534140000047,24.315738399996917,24.649485600002663,22.343968100001803,24.191016200002196,23.657160900002054,22.546098800001346,23.276607499999955,23.521634499997162,,,,,,,,,,,,,3,1
9588,188,0.1443850267379679,0.34810126582278483,0.34810126582278483,55,158,55,0.5508021390374331,0.0748663101604278,0.17112562657249245,0.17112570848654618,3,187,2.006262642961576,3.5585585585585586,0.23529411764705882,5874,10316,5861,9732,10393,9822,6553,11233,10869,7229,11233,10869,54180112,54849104,54175760,54612368,54858128,54626448,57440968,58173128,66483976,60895016,61364264,66483976,204272835,205401939,204202491,205038611,205276187,204984355,217750299,218967515,256622623,233354801,234237449,256622625,16.46257970004808,17.406238400028087,16.70233100000769,17.236973199993372,18.695907599991187,19.228509499924257,17.173950500087813,18.13641529995948,18.790242800023407,18.06882029992994,20.11153800005559,19.779962399974465,6.660216662567109,7.060183328576386,6.697499988755832,7.198550020499776,8.477650000713766,8.197199980107445,8.021533314604312,7.343266663762431,7.324666657950729,7.225733327989777,7.791216659825295,7.461066707037389,3,3
9589,393,0.11989795918367346,0.1751592356687898,0.1751592356687898,55,314,55,0.4413265306122449,0.08673469387755102,0.12755407583638456,0.15306412557565266,3,392,2.04975692741444,3.8957816377171217,0.24489795918367346,5939,9134,5949,9693,9207,9756,7229,10505,10869,6709,10505,10869,50744904,51127944,50748008,51379944,51140232,51387400,57206344,57594056,62200840,53899560,54538536,62200840,191024632,191741488,191114792,192139048,191794360,192099520,219155100,219884668,239564180,204112130,205148826,239564182,15.545817100006389,15.584888899989892,15.719286499996088,16.28958360000979,17.313157600001432,17.386963500001002,16.44652870000573,17.700739599997178,17.726710300004925,15.476072200006456,16.247422200001893,17.04136099999596,,,,,,,,,,,,,1,1
9598,393,0.1377551020408163,0.1858108108108108,0.1858108108108108,55,296,55,0.46938775510204084,0.08418367346938775,0.1785730069624355,0.16581829311326146,3,392,2.0981187847421854,3.905013192612137,0.25,7817,14679,7808,14560,14801,14691,8155,15229,11719,8641,15229,11719,86046368,87874656,86041088,87271104,87896672,87305984,88917016,90800536,93208936,89674744,90863608,93208936,325443773,327989293,325437621,327373365,327788005,327185821,336315525,338938325,354009893,339637959,341515447,354009895,26.127411800000118,26.874919000001682,27.087003200002073,27.091915700002573,28.730059399997117,29.64421299999958,26.28461840000091,29.158200700003363,27.815766900006565,26.120708100002958,29.205400700004247,27.249735400000645,,,,,,,,,,,,,3,3
9608,216,0.13023255813953488,0.2736318407960199,0.2736318407960199,55,201,55,0.4604651162790698,0.13488372093023257,0.1348861526145578,0.12558361661057313,3,215,2.1444764023309784,3.83587786259542,0.24651162790697675,7186,13524,7195,13720,13649,13836,8263,14527,11719,7777,14527,11719,78593400,80137112,78599160,80622424,80175992,80651000,83685496,85228600,88799944,82452136,84551656,88799944,297625490,299827794,297493418,300202642,299829562,300327546,318455170,320649218,340206682,312583708,315392636,340206684,25.5968269999139,25.908506499952637,25.715231299982406,25.720237100031227,28.52764039998874,27.54397230001632,25.68455890007317,27.88829639996402,26.385595600004308,26.100610099965706,25.624021099996753,26.566573800053447,,,,,,,,,,,,,1,1
9624,401,0.1625,0.17027863777089783,0.17027863777089783,55,323,55,0.43,0.0975,0.15500196673965547,0.162502272502752,3,400,2.0905291546526423,3.929440389294404,0.255,8544,14666,8545,14713,14780,14826,8803,14905,11719,8749,14905,11719,89214184,90421480,89214760,90448552,90444200,90470696,90318856,91514632,91669288,90029416,91256296,91669288,336578892,338423452,336579476,338455476,338500836,338532060,338489876,340320980,343057144,337144442,339012266,343056954,30.954716000007465,27.86847139999736,27.73647859999619,28.002354500000365,30.79514729999937,31.08162430000084,26.697645599997486,26.62563070000033,25.680197900001076,26.286220900001354,26.656654800011893,25.621344800005318,8.359933332637109,8.470499997201841,7.820450002327561,8.639666666567791,10.406683332500203,10.328399999707472,7.95510000170907,8.514666665481249,7.797166666326423,7.925916664438167,8.523883334419224,8.10500000079628,1,1
9628,216,0.1813953488372093,0.2849740932642487,0.2849740932642487,55,193,55,0.4325581395348837,0.10697674418604651,0.1720947460596298,0.1581417531002486,3,215,2.103950359888771,3.799212598425197,0.26976744186046514,6421,11272,6423,11384,11372,11482,7615,12907,10855,6951,11951,10851,61470424,62385496,61471480,62446360,62405368,62464984,69382840,70388536,73018120,63608920,64602520,73020520,232735806,234154118,232809662,234300870,234206758,234278726,267467358,269022334,281726230,240647256,242161232,281955224,18.304887600002985,18.890949100001308,18.762559599999804,18.893067199998768,20.84744949999731,20.850604100000055,22.20651789999829,21.512686599999142,21.004626199995982,18.16811040000175,18.742779899999732,20.777751000001444,,,,,,,,,,,,,1,1
9633,383,0.14921465968586387,0.210727969348659,0.210727969348659,55,261,55,0.4424083769633508,0.08638743455497382,0.15707063823706757,0.17015912559819626,3,382,2.0969603779144865,3.7285714285714286,0.25654450261780104,8035,14639,8038,14985,14767,15110,8587,15337,11719,8425,15337,11719,87993352,89596040,87990280,89285704,89619656,89315912,91744456,93375688,94095400,89629816,90905080,94095400,333051998,335343150,333107750,335128542,335244710,334977094,346903278,349238142,355575130,336900948,338898004,355575076,27.999500000005355,28.67453740000201,28.380731299999752,28.762886600001366,30.988825699998415,31.619035199997597,27.77645260001009,29.038011800003005,27.932449899992207,26.961426400011987,27.586482700004126,26.975115099994582,8.017633335839491,8.598333333793562,8.146483332287364,8.760366666441163,10.253983331494965,10.424650002581378,8.030800003325567,8.65565000034015,8.048016665270552,8.086400002260538,8.688749997721365,8.18631666819177,1,3
9639,382,0.15223097112860892,0.1903114186851211,0.1903114186851211,55,289,55,0.4304461942257218,0.08661417322834646,0.13123577951424292,0.1286112291474394,3,381,2.1199696466694387,3.8126649076517154,0.2782152230971129,8296,19252,8296,19252,19455,19455,8641,19603,11719,8641,19603,11719,116140360,118552648,116140360,118552648,118597384,118597384,117786280,120202024,120106120,117786280,120202024,120106120,439248503,442802743,439248247,442802743,442812079,442812079,442419851,445978427,452459779,442720857,446279433,452459781,39.17211580000003,40.127853300000424,39.77155679999851,40.072823100003006,43.6643264000013,45.46011339999677,43.00359970000136,38.05684669999755,40.9516369999983,40.94377720000193,42.2884697000045,42.356523500006006,,,,,,,,,,,,,1,1
9645,219,0.10091743119266056,0.2644230769230769,0.2644230769230769,55,208,55,0.43577981651376146,0.09174311926605505,0.13761722010457803,0.13761777651107468,3,218,2.126927763691895,3.674911660777385,0.2798165137614679,7196,14320,7197,14332,14457,14468,8047,15391,11719,7993,15391,11719,82149256,83165128,82150888,83692040,83194664,83712200,87468088,88556728,94118728,87397672,88992616,94118728,310650632,312405176,310698560,312980616,312492120,313011128,333482164,335332245,362443925,333273083,335636075,362443927,28.33677220000027,28.69052129999909,28.70605179999984,28.721972999999707,35.064840099999856,32.87294110000221,30.710030300000653,33.605503700000554,28.902295799998683,28.386824699999124,28.633407699999225,29.70643850000124,,,,,,,,,,,,,1,1
9667,106,0.14285714285714285,0.4774774774774775,0.4954954954954955,53,111,55,0.4,0.14285714285714285,0.16190783133996384,0.1714306270171489,3,105,2.099437464799804,3.6754966887417218,0.22857142857142856,4808,6486,4799,6179,6514,6216,5981,7905,10661,6325,7753,10660,31070152,31204712,31071912,31339112,31210344,31342248,36613512,36776584,46111624,37710328,37997560,46111048,116934425,117242297,116863017,117273506,117177409,117279473,141008161,141370177,181888533,145488255,145924551,181821871,8.679605700075626,9.91176639997866,8.967945399926975,9.049809499992989,10.314954500063322,10.191053699934855,11.203410500078462,10.827234699972905,12.960118100047112,11.564577500103042,11.095076199970208,13.350808599963784,,,,,,,,,,,,,3,1
9668,207,0.15048543689320387,0.27918781725888325,0.27918781725888325,55,197,55,0.4368932038834951,0.13592233009708737,0.10679843163714536,0.13107005696183124,3,206,2.1642505403335015,3.8627450980392157,0.2524271844660194,6598,12210,6599,12500,12327,12616,7723,13987,11719,7669,13987,11719,67532296,68072360,67536712,68402632,68089512,68413416,76694872,77277208,86047240,74940520,75866728,86047240,254657623,255776935,254785039,256262631,255805007,256160119,295103959,296333191,335790467,286392029,287973445,335790469,22.192054300001473,21.532843999999386,20.878026500000487,21.452258499999516,23.25171070000033,24.854218300000866,26.371323299999858,22.99625070000002,25.17186219999894,21.61840250000023,22.357768800000485,27.21491580000111,,,,,,,,,,,,,1,1
9673,404,0.13647642679900746,0.17973856209150327,0.17973856209150327,55,306,55,0.4838709677419355,0.09429280397022333,0.14144187685559798,0.1612930693484556,3,403,2.0978347493300165,3.893129770992367,0.2531017369727047,7800,17642,7798,17860,17827,18047,8317,18415,11719,8425,18415,11719,105203080,107542408,105197128,107042632,107575816,107086984,109256008,111651016,112874440,107942728,109746760,112874440,397379572,400741972,397490292,400371780,400628124,400157940,414030856,417475664,428412980,407974554,410807018,428412654,35.7982381000038,36.09219809999922,36.93408579999232,37.33034650000627,41.45861760000116,40.042756399998325,35.93367139999464,37.86742779999622,37.46586369999568,38.03505920000316,37.13720110000577,38.206193200006965,,,,,,,,,,,,,3,3
9682,388,0.16795865633074936,0.19434628975265017,0.19434628975265017,55,283,55,0.4160206718346253,0.09560723514211886,0.17829699734002064,0.1653766692977023,3,387,2.136003555011996,3.8661202185792347,0.27648578811369506,7876,17320,7879,17446,17497,17620,8479,17875,11719,8317,17875,11719,103911448,106335832,103913176,106408408,106381944,106452792,106540888,108937624,109375240,105756808,108246856,109375240,393627935,397041839,393629927,397127519,397146231,397229927,402017411,405398723,413735123,398783937,402275409,413735069,35.00296369999705,35.865394000007655,35.55845059998683,36.27998490000027,38.60854110000946,38.89468029999989,34.875650300004054,34.8101605999982,33.705775900001754,36.70144019999134,35.225110899991705,39.53359300000011,,,,,,,,,,,,,1,1
9684,401,0.1425,0.1896551724137931,0.1896551724137931,55,290,55,0.4875,0.1025,0.1325021176977316,0.1375029557297239,3,400,2.081408435836343,3.887399463806971,0.2225,7990,18760,7996,18942,18965,19141,8641,19387,11719,8317,19387,11719,112764808,115111432,112768168,115200616,115157128,115243816,115993480,118326280,118893064,114870280,117337864,118893064,426220871,429689351,426224807,429797463,430105103,430210151,437264223,440716431,448707195,432283373,435904341,448707197,39.57244930000161,40.24941389999003,39.246898299999884,39.70024900000135,43.06524890000583,43.573099100001855,39.39949919999344,41.53364179999335,39.67946069999016,41.75232120000874,39.87884920000215,37.75637180000194,,,,,,,,,,,,,1,1
9687,384,0.16449086161879894,0.17857142857142858,0.17857142857142858,55,308,55,0.4360313315926893,0.10182767624020887,0.13577252712621118,0.15143812132401116,3,383,2.1260333371887805,3.8987341772151898,0.26370757180156656,20,20,20,20,20,20,28,28,40,28,28,40,6800,6800,6800,6800,6800,6800,8752,8752,12304,8752,8752,12304,191055,191007,191007,191007,191007,191007,191007,191007,191007,191007,191007,191007,0.056212700001196936,0.05171360001259018,0.05392569999094121,0.05563600000459701,0.04934080000384711,0.048224599988316186,0.05266909999772906,0.06209360000502784,0.051712500004214235,0.05230619999929331,0.051439899994875304,0.05286710000655148,,,,,,,,,,,,,1,1
9693,202,0.14427860696517414,0.2956989247311828,0.2956989247311828,55,186,55,0.4079601990049751,0.0945273631840796,0.1243803350658003,0.1592066540945766,3,201,2.1037754753535443,3.675889328063241,0.24875621890547264,6921,12792,6921,12640,12902,12750,7831,13771,11719,7831,13771,11719,72866504,73457256,72871208,73976040,73478152,73986472,77400760,77964088,84554248,78326968,79455352,84554248,274872326,276067774,274836134,276528846,276099150,276591606,293978594,295153794,324402538,298147256,299886568,324402540,24.741641900000104,25.77988340000593,27.61015629999747,23.853244099998847,26.616804500001308,26.042190400003165,23.600497899999027,23.85256159999699,25.48746769999707,23.897852399997646,27.101911099998688,26.282101800003147,,,,,,,,,,,,,1,1
9701,396,0.18227848101265823,0.18151815181518152,0.18151815181518152,55,303,55,0.44556962025316454,0.10126582278481013,0.13164802300566925,0.14683789581862056,3,395,2.125133410607258,3.9248704663212433,0.26329113924050634,8035,17282,8044,17732,17462,17903,8749,17983,11719,8263,17983,11719,104477976,106849368,104483160,107108568,106898328,107152344,108181192,110545096,109888456,105424600,108068440,109888456,396054321,399394753,396060401,399700753,399556449,399856329,410570597,413902229,416541523,397092643,400754755,416541533,40.71898649999639,38.12998639998841,35.63712790000136,36.0070618000027,39.19376239999838,39.54829350000364,34.41389720000734,34.69502680000733,34.06070269999327,33.47345880001376,33.93403679999756,33.154598199995235,,,,,,,,,,,,,1,1
9704,368,0.1553133514986376,0.1864406779661017,0.1864406779661017,55,295,55,0.42779291553133514,0.1226158038147139,0.15531599171883465,0.13624221338809286,3,367,2.051270398444493,4.030054644808743,0.19618528610354224,8059,16624,8056,16480,16780,16639,8425,17011,11719,8587,17011,11719,98834600,101188136,98832872,101105192,101230216,101149000,100530472,102896104,103963144,101415640,103687960,103963144,374748243,377997067,374746363,377899147,377996611,377900675,379361023,382624111,392712783,382775701,385928629,392712841,32.85131859999092,35.02015039999969,33.06069519999437,32.65041580000252,34.226163300001645,36.04074569999648,30.666127000004053,31.104816299994127,30.562261700004456,32.08383449999383,31.349562300005346,32.045755400002236,,,,,,,,,,,,,3,3
9711,363,0.17955801104972377,0.18900343642611683,0.18900343642611683,55,291,55,0.4419889502762431,0.12430939226519337,0.15469872530804463,0.17956098065150705,3,362,2.1929878778559724,3.88,0.281767955801105,6708,10952,6706,10678,11036,10764,7294,11680,10252,7251,11451,10251,58399488,59162688,58398336,59003520,59175616,59018944,61836592,62623216,66472696,62163320,62809720,66472120,220270329,221474537,220399545,221414937,221450921,221264809,233820189,235062509,253313529,235729359,236810055,253218899,17.38777860000846,17.717754199999035,17.647786599991377,17.771756200003438,17.732700799999293,17.619341900004656,17.563791099993978,18.415698099997826,18.29690549999941,17.69370190000336,19.20100220000313,18.662347400008002,,,,,,,,,,,,,3,3
9728,382,0.13648293963254593,0.1661631419939577,0.1661631419939577,55,331,55,0.47244094488188976,0.11286089238845144,0.16010657063223363,0.154857906694414,3,381,2.135440368367035,3.9879518072289155,0.24934383202099739,8247,22414,8248,22468,22678,22731,8641,22843,11719,8587,22843,11719,134658568,138357544,134659144,138388744,138426504,138457032,136749352,140436904,139235080,136415416,140139256,139235080,510578649,515759489,510579281,515796305,516105057,516141097,517536733,522709837,526768301,515997291,521212155,526768303,48.389389199990546,49.0138014999975,48.43731199999456,48.89895420000539,53.221976899993024,53.40958410000894,45.97160469999653,46.48881569999503,45.47492370000691,45.91779830001178,46.24062640000193,45.014479499994195,,,,,,,,,,,,,1,1
9730,221,0.17272727272727273,0.270935960591133,0.270935960591133,55,203,55,0.4090909090909091,0.07272727272727272,0.10000210359099913,0.15909287287451496,3,220,2.056753053423222,3.690909090909091,0.2727272727272727,6219,12657,6221,12855,12783,12979,7345,14041,11719,7237,14041,11719,72430600,73952872,72426632,73379176,73970888,73408264,78472120,80042872,85977256,77248696,78221560,85977256,273954590,276146814,274070462,275717566,276093415,275550034,299678302,301945942,332073666,294606544,296285360,332073668,23.7977424999699,24.107508999994025,25.82296579994727,25.93281449999995,25.99387989999923,25.052932200000214,26.19696180000028,26.524915099998907,26.22010650000084,25.94529859999966,26.307687300000907,26.936927700000524,,,,,,,,,,,,,1,3
9732,206,0.15609756097560976,0.2879581151832461,0.2879581151832461,55,191,55,0.4292682926829268,0.09268292682926829,0.1463439398524692,0.1414659657947174,3,205,2.102502792658978,3.850806451612903,0.25853658536585367,3640,4918,3639,4972,4951,5006,4831,6395,8143,4665,6117,8141,20548248,20625432,20549624,20696216,20629176,20698264,26122264,26216472,32265288,24725000,24889736,32264136,76783057,76990097,76845754,77128225,77034618,77109937,101372033,101625026,127656106,95214627,95526907,127551867,5.386930499997106,5.548970899995766,5.591954800001986,5.691469700002926,6.258276299995487,6.300542900004075,7.572445999998308,7.448797199998808,8.622476800002914,7.198071799997706,7.219061700001475,8.845911099997465,,,,,,,,,,,,,3,1
9735,198,0.12690355329949238,0.3142857142857143,0.3142857142857143,55,175,55,0.4263959390862944,0.1319796954314721,0.15736252137076884,0.16751480352270612,3,197,2.199315621991309,3.6008230452674894,0.27918781725888325,6410,12122,6399,11294,12222,11405,6969,12741,11285,7831,13231,11287,64382256,65343536,64376304,64878384,65353808,64897424,66540552,67530632,78142792,74161624,74716312,78139048,242797332,244352932,242824428,243832388,244425108,243881948,250766504,252357192,302152184,286201798,287314886,302360042,19.915241000002425,20.124589599996398,20.087210799996683,20.04738840000209,22.190554200002225,22.130784099994344,19.292103200001293,21.452250899994397,23.19860800000606,23.828546800003096,24.20928350000031,22.816984600001888,,,,,,,,,,,,,3,3
9737,380,0.14511873350923482,0.1950354609929078,0.1950354609929078,55,282,55,0.43535620052770446,0.08970976253298153,0.13720544229512224,0.1556749398092737,3,379,2.1188843446615944,3.8524590163934427,0.26649076517150394,7755,17514,7754,17468,17697,17652,8317,18253,11719,8371,18253,11719,103258920,104883816,103258344,104857320,104913768,104887848,106966408,108614920,111964648,107250232,108867640,111964648,390044707,392676811,390043931,392645531,392725283,392694683,404525371,407199595,425912799,405256737,407894177,425912705,35.66529219999211,35.36876910000865,35.103459099991596,35.50474550000217,38.87848179999855,38.77539260000049,34.52255120000336,34.410573200002545,35.24107170000207,37.473235500001465,36.92561440001009,35.765933799993945,8.28061666834401,9.212666668948563,8.268433331977576,9.021550002216827,10.74483333407746,11.546800000360236,8.305266666866373,9.033766667319773,8.4267666679807,8.667333332899338,9.269733336016847,8.869816665537655,3,3
9744,398,0.12342569269521411,0.1661631419939577,0.1661631419939577,55,331,55,0.43828715365239296,0.11083123425692695,0.16624898522604323,0.12846603329933862,3,397,2.165875826758318,3.9688249400479614,0.29219143576826195,8594,21929,8590,21717,22172,21964,8695,22033,11719,8911,22033,11719,132005768,135365000,132008072,135487400,135429832,135549640,132308392,135669352,134406184,133606120,137107048,134406184,500591350,505342078,500593190,505442430,505477558,505575790,497426630,502179446,506873594,504681908,509552228,506873596,47.69252679999772,47.93768920000002,47.78701839999849,48.09160040000279,54.25229959999706,62.56380189999618,48.22117900000012,47.17421789999935,48.65777689999959,51.651302700003725,50.564990099999704,47.68399270000373,,,,,,,,,,,,,3,1
9749,391,0.1358974358974359,0.18394648829431437,0.18394648829431437,55,299,55,0.4307692307692308,0.12307692307692308,0.12820706834407666,0.14359199413313314,3,390,2.1491914115258104,3.8333333333333335,0.2512820512820513,7630,16292,7621,15420,16447,15584,8047,16903,11719,8533,16903,11719,91201384,93266728,91196200,92760616,93296712,92799624,94103608,96210040,103356616,99437512,101056648,103356616,345855272,348828872,345849104,348232008,348914848,348327960,355902712,358937560,396729132,381070662,383567734,396729078,29.06677099999797,29.993966599999112,29.42199950000213,29.892593500000658,32.69455559999915,32.870934300000954,28.59139249999862,28.980544300000474,30.726807899998676,32.966152499997406,32.199169099993014,31.176483500006725,8.407166667893762,8.968300000560703,8.345616666095642,8.784699999523582,11.12509999923835,11.01224999971843,8.131750000757165,8.987349998884989,8.583633333425192,8.425366665809028,9.159166667814134,8.48736666618303,3,3
9755,200,0.12562814070351758,0.31736526946107785,0.31736526946107785,53,167,53,0.5025125628140703,0.05527638190954774,0.17085613355733192,0.1708565163414401,3,199,1.9510740566456808,3.6622807017543857,0.23618090452261306,4985,7700,4982,7570,7751,7624,6070,8824,9844,5857,8305,9841,39620352,40004416,39620480,39962112,40010976,39969376,44034736,44405200,48539464,42164488,42479368,48537736,149432965,150095053,149396445,150002109,150172805,150117613,167305025,167957609,185712349,158945563,159509851,185918439,11.624365499941632,13.11672940000426,13.560777999926358,13.499895200016908,13.273938899976201,13.222125700092874,13.884189200005494,13.909927299944684,14.018081199959852,12.967126699979417,13.446345399948768,14.398799899965525,5.8437999881183105,6.05136666369314,5.811383326848348,6.865300005301833,7.114700002906223,7.064450027731557,6.1678999918513,6.529616677047064,6.453949996891121,6.280883351185669,6.738983327522874,6.49923332578813,3,1
9772,390,0.14395886889460155,0.1774193548387097,0.1774193548387097,55,310,55,0.41645244215938304,0.11311053984575835,0.1388196192213734,0.161956452547302,3,389,2.13906579290074,3.944020356234097,0.2570694087403599,8544,20632,8545,20686,20857,20910,8803,20899,11719,8749,20899,11719,125001016,127837432,125001592,127868632,127890360,127920888,126273784,129095608,127757704,125939848,128797960,127757704,473686901,477787957,473687533,477824629,477958093,477994253,475580397,479667597,480883933,474373199,478502303,480883887,43.662221200000204,43.940888899996935,43.55191029999696,43.9195877999955,48.58152069999778,47.217566200000874,41.56554219999816,42.011142099996505,41.28963990000193,41.48589470000297,41.87701240000024,40.187427099997876,,,,,,,,,,,,,1,1
9784,376,0.14666666666666667,0.1762820512820513,0.1762820512820513,55,312,55,0.43733333333333335,0.08,0.11733567484654486,0.15466912707313896,3,375,2.0816139153532713,3.9795918367346936,0.256,7898,19254,7904,19798,19474,20012,8587,20143,11719,8263,20143,11719,116110992,118845200,116109552,118227504,118884272,118278608,120920440,123680056,123232072,117579352,119689240,123232072,439646272,443566784,439645264,443005664,443620864,443071152,458937156,462904068,467496924,442193418,445544298,467496774,45.29373879999912,40.891823099998874,41.17613680000068,41.15717810000206,44.760560499998974,44.77425769999536,39.802729199996975,41.34256800000003,39.9156559999974,41.09010039999703,38.96750059999613,39.041267500004324,,,,,,,,,,,,,1,3
9790,198,0.14720812182741116,0.3313253012048193,0.3313253012048193,55,166,55,0.4213197969543147,0.08629441624365482,0.16751526553788917,0.18274315246049938,3,197,2.0573773571096634,3.5021097046413505,0.2233502538071066,6650,8691,6638,8179,8718,8218,7399,9505,11719,8047,9505,11719,46338120,46696552,46335240,46517640,46699624,46524520,50113480,50485000,58450216,53272264,53438152,58450216,174369341,174938837,174250541,174589685,174828325,174599565,190188781,190778237,225940205,204481095,204795215,225940143,13.259826099965721,13.980096900020726,14.227671699947678,13.692954000085592,14.73339099995792,15.16685649997089,14.203803400043398,14.873391899978742,16.5060682001058,15.3913091000868,16.881076299934648,16.801750499987975,,,,,,,,,,,,,3,3
9793,200,0.1407035175879397,0.2774869109947644,0.2879581151832461,53,191,55,0.46733668341708545,0.12562814070351758,0.15578160071090313,0.17588148861608688,3,199,2.157667790337789,3.6590038314176243,0.2562814070351759,6220,10964,6207,10064,11048,10161,7129,12367,11287,7541,11909,11285,55038576,56137264,55034928,55801520,56154288,55823856,61465576,62671720,72927400,64496744,65381992,72931144,208055972,209648500,208087404,209256212,209736692,209314396,236544388,238295732,286570236,249939566,251280302,287011726,16.26256750000175,16.979773700004444,16.60654990002513,16.940006599994376,19.038740699994378,18.484938999987207,19.55656719999388,18.49682869995013,21.34685960004572,18.959847600082867,21.121729300008155,21.251961400033906,,,,,,,,,,,,,3,3
9795,111,0.17272727272727273,0.4649122807017544,0.4649122807017544,53,114,53,0.5,0.09090909090909091,0.12727579807820308,0.2090939798773351,3,110,2.054068147428221,3.75,0.24545454545454545,4644,5700,4646,5742,5727,5767,5917,7192,10252,5701,7051,10251,28477976,28407320,28482136,28590840,28410744,28589304,33514456,33436120,41339896,32617320,32788520,41339320,106096488,106134343,106103303,106326375,106154543,106339567,127757043,127809291,160421143,123814925,124126933,160361905,7.973087399965152,8.761429599951953,9.081285200081766,9.13469819992315,9.19249640009366,9.17861509998329,10.070997499977238,10.633739199955016,11.369420500006527,9.370931199984625,9.790078499936499,11.428906899993308,,,,,,,,,,,,,1,2
9808,105,0.125,0.4774774774774775,0.44144144144144143,53,111,49,0.46153846153846156,0.15384615384615385,0.10577188957876597,0.10577174914159024,3,104,2.072808552314143,3.8541666666666665,0.19230769230769232,4867,6348,4867,6440,6380,6472,5809,7345,10033,6293,7957,10037,31312952,31552312,31316824,31795512,31562264,31800440,35097736,35334280,43578376,37498344,38015848,43580680,117396295,117788639,117477879,118121695,117857855,118107863,133920127,134315295,170559527,144807593,145499689,170435977,9.16421140008606,9.419408299960196,9.314353600027971,9.504354100092314,10.201702000107616,10.12540869996883,10.276592700043693,10.291293499991298,14.103357199928723,12.148945300024934,11.904733999981545,13.323579899966717,,,,,,,,,,,,,1,1
9809,224,0.14349775784753363,0.34375,0.34375,55,160,55,0.452914798206278,0.1031390134529148,0.13453169957413066,0.13901593661428566,3,223,2.1115001678956085,3.3472803347280338,0.242152466367713,7260,10978,7258,10942,11047,11013,7993,11827,11719,8101,11827,11719,63194248,63742344,63196840,63758248,63753736,63768808,67187848,67758088,72796936,67421992,68037160,72796936,237553624,238481992,237491560,238435720,238518544,238534192,254354076,255316588,278260728,255493214,256495558,278260730,21.86057730000175,20.451830300000438,19.685622200006037,19.768237399999634,21.51648049999494,21.752478499998688,19.642957700001716,21.583860799997638,21.889649500000814,19.762798199997633,19.96473369999876,20.733251099998597,,,,,,,,,,,,,3,1
9810,185,0.15760869565217392,0.3273809523809524,0.3273809523809524,55,168,55,0.483695652173913,0.09239130434782608,0.18478486953181741,0.14130652735880372,3,184,2.0815224738358857,3.7004405286343616,0.24456521739130435,6539,11003,6535,10513,11085,10599,7561,12205,11287,7489,11753,11285,58288520,59312200,58282376,58917480,59325096,58937640,64208344,65296984,71961448,64696424,65367016,71965192,219974349,221462557,220001917,221047533,221535597,221095677,245581841,247153777,279580113,248275423,249386327,280021411,18.159823899972253,18.320665000006557,18.2434620000422,18.502107599982992,18.30686190002598,18.59061820001807,19.808460699976422,19.273133900016546,21.12103279994335,20.012305399985053,19.324007800081745,21.225618900032714,,,,,,,,,,,,,3,3
9820,217,0.18518518518518517,0.3055555555555556,0.3055555555555556,55,180,55,0.4305555555555556,0.12037037037037036,0.15741039296133547,0.13426175307702376,3,216,2.1590432190404174,3.71900826446281,0.25462962962962965,7112,12376,7105,11940,12465,12036,7723,12907,11719,8101,12907,11719,71042392,72189208,71043544,72473048,72215800,72494200,72926104,74068312,79048840,75596296,77032264,79048840,268910098,270602226,268817994,270756770,270541034,270778930,274612998,276292166,301250078,287981948,289924228,301250080,22.46688610000274,22.57241190000059,22.47815320000518,22.88971799999854,24.060017900003004,24.508306399999128,22.988976000000548,24.287626700002875,23.762180500001705,24.887342400004854,24.392247800002224,23.371215799998026,,,,,,,,,,,,,3,1
9834,199,0.14646464646464646,0.3353658536585366,0.3353658536585366,55,164,55,0.45454545454545453,0.05555555555555555,0.1313159294870936,0.13636566150340845,3,198,2.118370861524686,3.4893617021276597,0.31313131313131315,6761,9657,6763,9534,9710,9585,7831,10585,11719,7723,10585,11719,53921608,54386664,53923720,54705320,54401704,54713992,58357336,58825624,64982056,59093896,59906056,64982056,202890738,203658626,202867602,203938474,203570794,203869586,221582966,222339366,250071546,225402632,226513648,250071404,16.1605408000014,16.55359309999949,16.562835599999744,16.731451100000413,18.568459100000837,19.420453400000042,16.79202869999972,18.03435609999906,18.683607400000255,17.273809599999367,20.01416760000029,20.245632399999522,,,,,,,,,,,,,1,1
9843,396,0.1569620253164557,0.18272425249169436,0.18272425249169436,55,301,55,0.43291139240506327,0.09113924050632911,0.14937035154987457,0.15190084034553433,3,395,2.1017082617470813,3.8788659793814437,0.2708860759493671,7815,16278,7804,15132,16424,15289,8101,16579,11719,8695,16579,11719,91191864,92417016,91194936,92973272,92452376,92996120,92508232,93742024,101537032,99523480,101432920,101537032,345122318,347222966,345330662,347876582,347267814,347697534,347620166,349731110,388428846,381001984,383736832,388428784,28.43455389999872,29.00479659999837,28.74900499999785,29.03237950000039,31.92642319999868,32.403203299996676,27.021329800001695,27.83490690000326,29.178695399998105,30.89939699999377,31.451355799996236,29.544468300002336,,,,,,,,,,,,,3,1
9847,383,0.10209424083769633,0.1779935275080906,0.1779935275080906,55,309,55,0.43717277486910994,0.0968586387434555,0.16230580110300372,0.1492171155767886,3,382,2.1134080708589207,3.9015151515151514,0.2486910994764398,8077,14668,8075,14612,14790,14736,8479,15175,11719,8587,15175,11719,86594168,88096376,86593016,88064440,88123576,88092472,89185720,90699448,92812360,89533912,91002712,92812360,329099261,331293381,329097853,331255621,331376341,331339621,337192261,339408805,351994945,338770195,340930635,351994947,29.18217160000495,29.695035500000813,31.54132099999697,33.35361710000143,34.316192000005685,32.445173500003875,29.40062880000187,28.771515300002648,28.774285799998324,30.977295400000003,28.521936600001936,29.00760750000336,,,,,,,,,,,,,3,3
9852,383,0.1256544502617801,0.16272189349112426,0.16272189349112426,55,338,55,0.4973821989528796,0.09424083769633508,0.1282748679127008,0.16230600315368007,3,382,2.080771291007233,4.052757793764988,0.2513089005235602,6350,12475,6355,12617,12602,12739,7385,13729,11285,7399,14257,11287,68528456,69139816,68530952,69206888,69153544,69218632,74620520,75231208,84500104,76614088,77355400,84496360,258306501,259549805,258239757,259565149,259577941,259659053,283542957,284808301,326721029,293600615,295053743,326955847,21.181515699994634,21.725999500005855,21.71006360001047,21.706661500007613,23.950764600012917,23.94343579999986,22.152098299993668,22.6443666999985,24.848479499996756,22.687647999991896,25.46665619999112,25.19381440000143,,,,,,,,,,,,,1,1
9854,192,0.10471204188481675,0.29411764705882354,0.29411764705882354,55,187,55,0.450261780104712,0.08376963350785341,0.1204217448464902,0.13612775411334924,3,191,2.0856562843793434,3.74,0.27225130890052357,6666,12650,6663,12388,12763,12504,7615,13879,11719,7777,13879,11719,70090376,71441160,70083752,70685128,71452840,70711240,75830008,77240056,85160776,77436616,78067336,85160776,264431047,266401431,264498495,265689319,266457471,265687287,289087831,291146711,328937863,296280865,297540297,328937929,21.832682100000966,22.078182299999753,22.185652400003164,22.063548300000548,24.405758799999603,24.344894599998952,22.183565699997416,24.731874199998856,25.709826299997076,23.0736653999993,25.236216400000558,24.55372890000217,,,,,,,,,,,,,3,3
9857,205,0.1323529411764706,0.3179190751445087,0.3179190751445087,55,173,55,0.4264705882352941,0.11274509803921569,0.16176711703883484,0.07843364024301991,3,204,2.046286259339362,3.8616071428571432,0.2107843137254902,4899,6780,4895,6398,6812,6434,6070,7906,11068,6643,8371,11071,32610856,33194728,32608232,32967112,33202536,32978728,37093840,37686256,48747544,41604376,42026008,48744472,122579021,123361269,122553413,123070909,123333997,123070493,141927129,142713255,193654081,163669295,164273063,193848763,9.18394199999966,10.499893100000918,9.415635299999849,9.610465800000384,9.911714000001666,10.193393000001379,11.469413099999656,11.522924600001716,14.079118099998595,13.254429500000697,13.513084499998513,13.984763000000385,,,,,,,,,,,,,3,3
9858,372,0.12129380053908356,0.19572953736654805,0.19572953736654805,55,281,55,0.40700808625336926,0.09433962264150944,0.16711793972412753,0.15364097432306192,3,371,2.071331107778907,3.7566844919786098,0.25067385444743934,8247,19209,8248,19258,19413,19461,8641,19603,11719,8587,19603,11719,115376296,118346728,115376872,118374952,118402312,118429960,117260104,120230536,119546248,116959432,119960968,119546248,437855485,441974749,437856053,442008069,442221981,442254621,442387285,446506597,452097697,440985867,445141851,452097699,40.441053800008376,41.21761979999428,40.3902711999981,40.990507499998785,44.273450399996364,44.76249359999201,38.77883459998702,38.78052960000059,37.79028089999338,42.08878739998909,38.55263109999942,37.23083269999188,,,,,,,,,,,,,1,1
9864,406,0.11604938271604938,0.15193370165745856,0.15193370165745856,55,362,55,0.4419753086419753,0.09876543209876543,0.14815057995211747,0.12099038738826359,3,405,2.0731449951353738,4.05829596412556,0.24691358024691357,6293,15691,6299,16438,15875,16616,7125,16381,11285,7075,17011,11287,94460936,96664808,94453000,95614824,96685000,95656616,96802472,98975656,100472008,95947816,97038184,100468264,358324783,361509263,358009711,360216775,361207663,360252119,365513231,368652303,378943523,361765085,363879637,379207509,34.064968599996064,34.12770789999922,33.1642739999952,33.84509840000828,31.81260520000069,31.367147999990266,32.92040810000617,32.38241750000452,31.74273140000878,31.794596799998544,31.771261000001687,32.055813799990574,,,,,,,,,,,,,1,3
9867,384,0.1566579634464752,0.19642857142857142,0.19642857142857142,55,280,55,0.4490861618798956,0.09399477806788512,0.1227176580875966,0.14621631151938194,3,383,2.111364839199551,3.814713896457765,0.26631853785900783,8198,18628,8200,18724,18823,18917,8641,19063,11719,8533,19063,11719,112149448,114766792,112150600,114822088,114816328,114870472,114261160,116873896,116513608,113671048,116345992,116513608,424707223,428411351,424708535,428476631,428699399,428763263,430954547,434652891,439316815,428218501,431990949,439316817,43.28681659999711,39.20833490000223,39.508184900012566,38.75916249999136,42.922260899998946,42.95972759999859,37.16812079999363,37.91633310000179,36.15516020001087,37.01668690000952,37.21554730000207,36.47148649999872,,,,,,,,,,,,,1,1
9871,111,0.09090909090909091,0.48623853211009177,0.48623853211009177,53,109,53,0.45454545454545453,0.10909090909090909,0.13636601899369535,0.09091105254959654,3,110,2.0099780178542397,3.40625,0.19090909090909092,4858,6000,4860,6095,6028,6121,6345,7697,10869,6241,7697,10869,28925880,29376056,28926872,29425912,29387544,29436312,35921704,36462504,45544200,35362184,35959560,45544200,108667893,109240245,108669109,109300045,109217213,109274718,140099189,140784053,181460481,137085219,137837539,181460483,8.270266499952413,8.287559600081295,8.274074099957943,8.276411700062454,9.265703600016423,9.529564199969172,11.037629299913533,11.230999500025064,13.03400139999576,10.774053699919023,10.011148499906994,12.832248600083403,5.5852666846476495,5.926249995051573,5.6092499871738255,6.006700006158401,6.6739666896561785,8.28338332939893,6.715433322824538,6.329883336244772,6.524883327074349,6.106250007481624,6.544216652400792,6.502399977762252,1,1
9875,201,0.105,0.32934131736526945,0.32934131736526945,55,167,55,0.5,0.115,0.15500223257695325,0.145002385758562,3,200,2.0694694398188096,3.508403361344538,0.225,6680,11404,6677,10818,11487,10904,7615,12259,11719,7777,12259,11719,62272616,63131240,62275016,63248456,63151176,63264072,66036568,66879832,75036424,69606184,70682728,75036424,235605546,236954570,235809554,237211930,237134498,237186378,251138346,252463626,290686126,267787592,269328544,290686128,19.594437499996275,19.689225999987684,20.018515400006436,19.615561399958096,19.70917280006688,20.256973500014283,21.7650262999814,20.227582200081088,22.58983850001823,22.522802699939348,23.041992799961008,21.924266800051555,,,,,,,,,,,,,3,1
9876,388,0.12144702842377261,0.18211920529801323,0.18211920529801323,55,302,55,0.40568475452196384,0.08527131782945736,0.17312896151687632,0.14728885558036756,3,387,2.0227594931665656,4.026666666666666,0.2144702842377261,3754,5432,3755,5612,5474,5653,4801,6769,9649,4951,7051,9651,26082384,26313744,26083536,26424912,26321136,26430576,30700552,30972424,38831368,30962520,31332120,38832520,97765097,98168877,97766281,98299561,98231673,98359729,117901789,118376289,152156285,119418251,120005003,151941903,7.31063589999394,7.568834899997455,7.646526799988351,7.659433299995726,7.9421824000019114,7.780073099987931,9.162247100000968,9.215024200006155,10.880726200004574,9.556699700013269,9.729398600000422,10.917047999988426,,,,,,,,,,,,,1,1
9884,201,0.17,0.3254437869822485,0.3254437869822485,55,169,55,0.45,0.115,0.11000253983656876,0.15500238456879742,3,200,2.086539026985461,3.6739130434782608,0.27,1047,1039,1042,948,1033,947,1697,1665,3361,1509,1353,3355,2464672,2425760,2465472,2446848,2424672,2445152,3564648,3510376,5152104,3176312,3148024,5149608,8968527,8928543,8969655,8941767,8928015,8940383,13683631,13625839,19828527,11943263,11899263,19798729,0.6040349999675527,0.6126121999695897,0.6061448000837117,0.6004122999729589,0.6056000998942181,0.6077672999817878,0.8902227999642491,0.8748228999320418,1.157694699941203,0.7707537000533193,0.7755980000365525,1.1401044999947771,,,,,,,,,,,,,6,5
9904,376,0.152,0.1903114186851211,0.1903114186851211,55,289,55,0.464,0.09066666666666667,0.1813355915527791,0.15200262490659952,3,375,2.108162164086783,3.8227513227513232,0.25866666666666666,7596,15018,7596,14714,15156,14852,8263,15715,11719,8263,15715,11719,86979616,87423648,86989312,88444672,87452000,88452800,90442840,90881752,96778120,92312536,93843544,96778120,328819892,330022900,328698068,330892452,329836852,330810260,340552000,341753056,368721904,349116974,351421678,368722058,27.331436200009193,28.13548009999795,27.716580200009048,28.115486800001236,30.931635700006154,30.81392090000736,27.07757959999435,28.586109999989276,28.33329429999867,28.790464099991368,28.260870599988266,28.199667300010333,,,,,,,,,,,,,1,1
9905,108,0.1308411214953271,0.4396551724137931,0.39655172413793105,51,116,46,0.4766355140186916,0.102803738317757,0.11215112929745952,0.11215141117485745,3,107,2.091487670412661,3.647798742138365,0.2616822429906542,4099,6212,4115,6792,6277,6841,5401,7606,9046,5201,8451,9051,29076976,29599824,29078544,29586384,29612048,29598320,34868680,35405800,43532440,35426120,36037320,43535320,108849628,109593780,108839693,109626133,109542884,109587068,134761200,135529112,172409964,137580250,138529706,172367926,8.183770600007847,8.39594900002703,8.417446300038137,8.477926900028251,8.496702599921264,8.509007500018924,10.552891599945724,10.25156949996017,12.954275599913672,10.424570600036532,10.992566899978556,12.597381999948993,,,,,,,,,,,,,1,1
9923,364,0.1322314049586777,0.18032786885245902,0.18032786885245902,55,305,55,0.4573002754820937,0.09366391184573003,0.14049757192342366,0.16804619917592173,3,363,2.1098369223312905,3.9507772020725387,0.27823691460055094,6864,16220,6868,16996,16412,17184,7939,18091,11719,7723,18091,11719,93967296,95885504,93964896,95410912,95912096,95448896,103838296,105889432,110774920,99117400,100553368,110774920,354908755,357794755,354906723,357400931,357677059,357294147,397747411,400849235,428400335,376769729,379278849,428400337,30.859385000003385,31.571908900004928,31.59257800001069,31.608242500005872,34.56178150000051,34.73629700001038,32.846120100002736,35.56732389998797,35.170564100000774,31.180815100000473,32.52079480000248,33.95852530001139,,,,,,,,,,,,,1,3
9925,204,0.12807881773399016,0.2849740932642487,0.2849740932642487,55,193,55,0.4088669950738916,0.10344827586206896,0.12808154377595435,0.1625639262696352,3,203,2.0911931196456557,3.784313725490196,0.2561576354679803,6388,11576,6385,11372,11676,11475,7453,13015,10855,7051,12051,10851,62872048,63573872,62870512,63462384,63585616,63476560,69664072,70429576,74011720,65670520,66257720,74014120,236910186,238151850,236944706,238056378,238236594,238106962,267326650,268671114,284893250,248102964,249211316,285122180,20.70988909999869,21.57165079999686,20.03886710000006,20.30027269999846,22.051712899999984,22.45323229999849,21.477276199999324,21.816334699997242,22.422043099999428,19.228139400001965,20.40234699999928,22.164279100001295,,,,,,,,,,,,,3,3
9932,386,0.17402597402597403,0.17350157728706625,0.17350157728706625,55,317,55,0.4805194805194805,0.0987012987012987,0.14805414932538066,0.17143100864169272,3,385,2.058810947781686,4.002525252525253,0.23376623376623376,6726,15594,6734,16012,15770,16180,7885,16957,11719,7453,16957,11719,91802280,92924328,91804264,93197800,92951080,93219816,98248648,99437512,104219752,95683432,97128040,104219752,347178892,349210300,347050348,349407596,349026604,349342204,373098128,375217616,397909636,362661954,365093730,397909638,29.386553199990885,29.814733899998828,30.083649599997443,29.78265239999746,33.267597899990506,32.816774999999325,29.935512299998663,31.356396999995923,31.328741100005573,29.030930699998862,31.371122199998354,31.144651999988127,,,,,,,,,,,,,1,1
9939,193,0.11979166666666667,0.29411764705882354,0.29411764705882354,55,187,55,0.5,0.0625,0.07291891218847013,0.15104430952851544,3,192,2.0312718955666327,3.6666666666666665,0.2604166666666667,4420,5068,4413,4614,5070,4623,5831,6308,10654,5851,5951,10651,23410896,23662416,23406416,23393040,23661680,23397488,28015144,28250888,36304344,29012920,28976120,36307320,87204227,87522356,87231356,87238435,87555747,87243020,107198255,107483567,142286295,111917093,111889469,142446657,6.495238899951801,7.308128400007263,7.559053600067273,7.389756699907593,7.165027100010775,6.758021100074984,8.418707399978302,8.24668229999952,10.544956899946555,8.762061599991284,8.340952400001697,10.295661899959669,,,,,,,,,,,,,3,4
9942,377,0.14627659574468085,0.19230769230769232,0.19230769230769232,55,286,55,0.4601063829787234,0.13297872340425532,0.17287512098753607,0.14627868769457564,3,376,2.0916359968167053,3.8858695652173916,0.21808510638297873,7935,17859,7930,17564,18042,17752,8317,18469,11719,8587,18469,11719,104689032,106185960,104686152,106015560,106210920,106043880,107733640,109262920,113457640,109543720,110891560,113457640,394523258,397042634,394519810,396841554,396973106,396775634,407106158,409681646,430772718,414568308,416934212,430772720,34.588372099999106,34.967368099998566,37.65862930000003,39.995161700004246,37.26572650000162,36.645229000001564,33.63614580000285,34.76623749999999,35.14754289999837,34.782198799999605,36.5770163000052,34.39525119999598,,,,,,,,,,,,,3,3
9948,396,0.1569620253164557,0.18333333333333332,0.18333333333333332,55,300,55,0.44050632911392407,0.07848101265822785,0.17721749023428257,0.12658461808415625,3,395,2.1296765080924542,3.8860103626943006,0.30632911392405066,4794,8268,4791,7820,8333,7888,6085,9621,11077,6361,9806,11078,40734424,41510552,40730840,41220952,41521176,41237016,46237672,47073000,58176040,49817224,50380296,58171720,153234036,154373908,153230156,154037780,154407420,154077044,177257500,178463068,228740980,192988174,193912022,228316574,11.881042600005458,13.413481499999762,13.30194570000458,13.573910599996452,12.43848799999978,12.249515800001973,14.826893999997992,14.71636739999667,16.950715800005128,15.069836900001974,15.786973999995098,17.136579199999687,,,,,,,,,,,,,3,3
9962,221,0.1,0.2894736842105263,0.2894736842105263,55,190,55,0.45,0.11363636363636363,0.15909328631823882,0.15000244631664827,3,220,2.1451696904145012,3.571428571428571,0.2590909090909091,6580,11200,6574,10852,11283,10941,7507,12313,11719,7831,12313,11719,61509184,62656576,61509952,62701696,62679648,62723424,66442648,67615960,75619624,68586232,69832120,75619624,230962050,232587412,231046948,232684004,232612684,232623020,253092752,254763584,292581488,262786174,264498534,292581490,18.794358699997247,19.7079606000043,19.212357799995516,19.200691799997003,21.379086399996595,21.405399899995246,21.389595399996324,21.545720100002654,21.732192399998894,20.14151490000222,21.299022699997295,22.49329520000174,,,,,,,,,,,,,3,1
9971,384,0.1279373368146214,0.17857142857142858,0.17857142857142858,55,308,55,0.5039164490861618,0.10704960835509138,0.14360562449457323,0.143605704948807,3,383,2.128663676908913,3.879093198992443,0.2506527415143603,8544,18866,8545,18916,19058,19107,8803,19117,11719,8749,19117,11719,114247576,116797528,114248152,116826328,116845240,116873464,115415896,117961240,116816872,115109608,117686056,116816872,432714191,436346031,432714823,436379935,436558575,436592087,434393263,438019615,439186439,432962513,436625585,439186441,39.291355300010764,40.12781410000753,40.26323280000361,39.876857199997175,43.958954399990034,43.39815159999125,37.6371591000061,38.32510669999465,35.97109390000696,37.57436410000082,37.448118499989505,35.69682230000035,,,,,,,,,,,,,1,1
9998,212,0.14691943127962084,0.270935960591133,0.270935960591133,55,203,55,0.46919431279620855,0.11374407582938388,0.1374425160129206,0.15640036649979933,3,211,2.0508453802965927,3.8740458015267176,0.2132701421800948,6450,10592,6461,11314,10685,11396,7541,11805,11285,7237,12259,11287,61027048,61942536,61025768,61764072,61956296,61781576,66645800,67556008,72436936,64780744,65523784,72433192,230439874,231783762,230621882,231865986,231866298,231767378,254013466,255364634,279000602,245823380,247089796,278559244,22.299565499997698,19.957750899950042,19.881543399998918,20.508004099945538,20.59194280009251,20.399922500015236,22.83051479991991,21.39136430004146,21.382260900107212,19.22014680004213,22.9160397000378,22.80097450001631,7.108316659772147,8.318500011228025,7.4543833422164125,7.9906499983432395,9.362366671363512,8.982466669597974,7.3378499946556985,7.849850012765576,8.966716666085025,7.225049989453207,7.9910000204108655,9.647600022920718,1,3
